match_id,sofascore_event_id,season_year,match_date,team_id,opponent_id,team_name,opponent_name,side,target_xg_for,xg_hat_for,prediction_error
3031,10385741,22/23,2022-08-05,18,17,Crystal Palace,Arsenal,home,1.2020861723446894,1.4528811,0.2507949254488897
3031,10385741,22/23,2022-08-05,17,18,Arsenal,Crystal Palace,away,0.988809619238477,1.3307709,0.3419612309431026
3032,10385502,22/23,2022-08-06,3027,19,Fulham,Liverpool FC,home,1.2527,1.4528811,0.20018109779357918
3032,10385502,22/23,2022-08-06,19,3027,Liverpool FC,Fulham,away,1.2294,1.3307709,0.10137085018157954
3033,10385518,22/23,2022-08-06,8,20,Tottenham Hotspur,Southampton,home,1.5465538922155688,1.4528811,-0.09367279442198972
3033,10385518,22/23,2022-08-06,20,8,Southampton,Tottenham Hotspur,away,0.4778,1.3307709,0.8529708501815796
3034,10385501,22/23,2022-08-06,4546,3033,Leeds United,Wolverhampton,home,0.788535,1.4528811,0.6643460977935791
3034,10385501,22/23,2022-08-06,3033,4546,Wolverhampton,Leeds United,away,1.8262763819095478,1.3307709,-0.4955055317279682
3035,10385483,22/23,2022-08-06,769,12,Bournemouth,Aston Villa,home,0.5857582748244734,1.4528811,0.8671228229691057
3035,10385483,22/23,2022-08-06,12,769,Aston Villa,Bournemouth,away,0.6573,1.3307709,0.6734708501815796
3036,10385498,22/23,2022-08-06,21,6072,Newcastle United,Nottingham Forest,home,1.7402,1.4528811,-0.28731890220642087
3036,10385498,22/23,2022-08-06,6072,21,Nottingham Forest,Newcastle United,away,0.27449094567404425,1.3307709,1.0562799045075353
3037,10385509,22/23,2022-08-06,10,24,Everton,Chelsea,home,0.695,1.4528811,0.7578810977935792
3037,10385509,22/23,2022-08-06,24,10,Chelsea,Everton,away,1.644,1.3307709,-0.3132291498184203
3038,10385511,22/23,2022-08-07,1,2275,Manchester United,Brighton & Hove Albion,home,1.3831,1.4528811,0.0697810977935791
3038,10385511,22/23,2022-08-07,2275,1,Brighton & Hove Albion,Manchester United,away,1.5065,1.3307709,-0.17572914981842036
3039,10385491,22/23,2022-08-07,9,5301,Leicester City,Brentford,home,0.6208,1.4528811,0.8320810977935791
3039,10385491,22/23,2022-08-07,5301,9,Brentford,Leicester City,away,0.7603915662650602,1.3307709,0.5703792839165194
3040,10385514,22/23,2022-08-07,7,22,West Ham United,Manchester City,home,0.4873,1.4528811,0.965581097793579
3040,10385514,22/23,2022-08-07,22,7,Manchester City,West Ham United,away,2.2293,1.3307709,-0.8985291498184202
3041,10385503,22/23,2022-08-13,12,10,Aston Villa,Everton,home,2.3117,1.5128976,-0.7988023893356324
3041,10385503,22/23,2022-08-13,10,12,Everton,Aston Villa,away,1.6206,1.300626,-0.31997396049499516
3042,10385530,22/23,2022-08-13,22,769,Manchester City,Bournemouth,home,1.7483,1.8184652,0.07016523284912113
3042,10385530,22/23,2022-08-13,769,22,Bournemouth,Manchester City,away,0.1322,1.2413979,1.1091978576660155
3043,10385500,22/23,2022-08-13,17,9,Arsenal,Leicester City,home,2.9308535856573705,1.5513295,-1.3795240921347265
3043,10385500,22/23,2022-08-13,9,17,Leicester City,Arsenal,away,0.46,1.2492546,0.789254584312439
3044,10385527,22/23,2022-08-13,3033,3027,Wolverhampton,Fulham,home,0.8899,1.686652,0.7967519451141357
3044,10385527,22/23,2022-08-13,3027,3033,Fulham,Wolverhampton,away,1.454141592920354,1.2941475,-0.15999410146527593
3045,10385743,22/23,2022-08-13,2275,21,Brighton & Hove Albion,Newcastle United,home,1.4976,1.6994684,0.2018683742523193
3045,10385743,22/23,2022-08-13,21,2275,Newcastle United,Brighton & Hove Albion,away,0.2206854271356784,1.4765191,1.2558336806829251
3046,10385737,22/23,2022-08-13,20,4546,Southampton,Leeds United,home,1.2204,1.4114771,0.19107708892822273
3046,10385737,22/23,2022-08-13,4546,20,Leeds United,Southampton,away,1.8937299703264094,1.300626,-0.5931039308214046
3047,10385510,22/23,2022-08-13,5301,1,Brentford,Manchester United,home,1.6111,1.5049477,-0.10615233764648435
3047,10385510,22/23,2022-08-13,1,5301,Manchester United,Brentford,away,0.9170683417085427,1.3962538,0.4791854825254661
3048,10385528,22/23,2022-08-14,6072,7,Nottingham Forest,West Ham United,home,1.3472522522522523,1.3632708,0.016018507330267218
3048,10385528,22/23,2022-08-14,7,6072,West Ham United,Nottingham Forest,away,2.243603603603604,1.2926488,-0.9509548113367581
3049,10385525,22/23,2022-08-14,24,8,Chelsea,Tottenham Hotspur,home,1.5475468904244818,1.6636074,0.11606046850801333
3049,10385525,22/23,2022-08-14,8,24,Tottenham Hotspur,Chelsea,away,1.0077,1.5269428,0.5192428491592407
3050,10385740,22/23,2022-08-15,19,18,Liverpool FC,Crystal Palace,home,2.139206896551724,1.4961909,-0.6430159909807402
3050,10385740,22/23,2022-08-15,18,19,Crystal Palace,Liverpool FC,away,1.0347289156626507,1.491895,0.4571660447407917
3051,10385739,22/23,2022-08-20,8,3033,Tottenham Hotspur,Wolverhampton,home,1.674443216080402,1.5918747,-0.08256849741432526
3051,10385739,22/23,2022-08-20,3033,8,Wolverhampton,Tottenham Hotspur,away,0.714,1.3906226,0.676622615814209
3052,10385738,22/23,2022-08-20,9,20,Leicester City,Southampton,home,0.2885,1.4408274,1.1523273696899414
3052,10385738,22/23,2022-08-20,20,9,Southampton,Leicester City,away,0.9171153460381144,1.2786788,0.3615634287955648
3053,10385537,22/23,2022-08-20,10,6072,Everton,Nottingham Forest,home,1.5108,1.4222307,-0.08856927947998039
3053,10385537,22/23,2022-08-20,6072,10,Nottingham Forest,Everton,away,0.9946810865191147,1.3228968,0.3282157516690567
3054,10385520,22/23,2022-08-20,18,12,Crystal Palace,Aston Villa,home,2.6878,1.5636811,-1.124118874359131
3054,10385520,22/23,2022-08-20,12,18,Aston Villa,Crystal Palace,away,0.8967,1.4942162,0.5975162036895751
3055,10385539,22/23,2022-08-20,3027,5301,Fulham,Brentford,home,2.5736,1.4216516,-1.151948398208618
3055,10385539,22/23,2022-08-20,5301,3027,Brentford,Fulham,away,1.7884673366834172,1.3727425,-0.4157248029996403
3056,10385519,22/23,2022-08-20,769,17,Bournemouth,Arsenal,home,0.2809,1.37534,1.094439984893799
3056,10385519,22/23,2022-08-20,17,769,Arsenal,Bournemouth,away,1.4017,1.4281723,0.026472349929809624
3057,10385543,22/23,2022-08-21,4546,24,Leeds United,Chelsea,home,2.2007164328657316,1.4222307,-0.7784857123457121
3057,10385543,22/23,2022-08-21,24,4546,Chelsea,Leeds United,away,0.8862713414634147,1.4702704,0.583999053815516
3058,10385538,22/23,2022-08-21,7,2275,West Ham United,Brighton & Hove Albion,home,0.8899,1.4933842,0.6034842420578003
3058,10385538,22/23,2022-08-21,2275,7,Brighton & Hove Albion,West Ham United,away,1.6992180904522614,1.447371,-0.25184708444029846
3059,10385532,22/23,2022-08-21,21,22,Newcastle United,Manchester City,home,1.793,1.6620145,-0.13098551559448235
3059,10385532,22/23,2022-08-21,22,21,Manchester City,Newcastle United,away,2.1242,1.5932246,-0.5309753553390504
3060,10385531,22/23,2022-08-22,1,19,Manchester United,Liverpool FC,home,1.7615714285714286,1.6676457,-0.09392573574611118
3060,10385531,22/23,2022-08-22,19,1,Liverpool FC,Manchester United,away,1.349620481927711,1.5059167,0.15629623274056303
3061,10385567,22/23,2022-08-27,20,1,Southampton,Manchester United,home,1.4575876494023905,1.3613596,-0.09622805314994909
3061,10385567,22/23,2022-08-27,1,20,Manchester United,Southampton,away,1.6637,1.359014,-0.3046859657287597
3062,10385547,22/23,2022-08-27,19,769,Liverpool FC,Bournemouth,home,3.302023115577889,1.7365007,-1.5655223755266197
3062,10385547,22/23,2022-08-27,769,19,Bournemouth,Liverpool FC,away,0.3299,1.196172,0.866271998977661
3063,10385554,22/23,2022-08-27,22,18,Manchester City,Crystal Palace,home,2.4146438631790743,1.8495716,-0.5650722775238619
3063,10385554,22/23,2022-08-27,18,22,Crystal Palace,Manchester City,away,0.1175,1.2972579,1.1797579002380372
3064,10385552,22/23,2022-08-27,24,9,Chelsea,Leicester City,home,1.868625,1.6697643,-0.1988607196807861
3064,10385552,22/23,2022-08-27,9,24,Leicester City,Chelsea,away,2.5166,1.2604653,-1.2561347356796264
3065,10385556,22/23,2022-08-27,5301,10,Brentford,Everton,home,2.2016,1.4636112,-0.7379887548446655
3065,10385556,22/23,2022-08-27,10,5301,Everton,Brentford,away,1.06074251497006,1.2418888,0.18114624655032574
3066,10385557,22/23,2022-08-27,2275,4546,Brighton & Hove Albion,Leeds United,home,2.0082289156626505,1.6468209,-0.36140801283824864
3066,10385557,22/23,2022-08-27,4546,2275,Leeds United,Brighton & Hove Albion,away,1.8437,1.3050318,-0.5386682235717772
3067,10385742,22/23,2022-08-27,17,3027,Arsenal,Fulham,home,2.7141673346693387,1.5371639,-1.177003481024014
3067,10385742,22/23,2022-08-27,3027,17,Fulham,Arsenal,away,0.8300844930417495,1.2974908,0.46740634214806986
3068,10385563,22/23,2022-08-28,12,7,Aston Villa,West Ham United,home,0.4937,1.5421027,1.0484026945114135
3068,10385563,22/23,2022-08-28,7,12,West Ham United,Aston Villa,away,0.5647,1.2856956,0.7209955528259278
3069,10385568,22/23,2022-08-28,3033,21,Wolverhampton,Newcastle United,home,0.6950584158415841,1.3570346,0.6619761481766654
3069,10385568,22/23,2022-08-28,21,3033,Newcastle United,Wolverhampton,away,1.739221010901883,1.4167869,-0.3224341017984895
3070,10385551,22/23,2022-08-28,6072,8,Nottingham Forest,Tottenham Hotspur,home,0.9410461384152458,1.4221342,0.48108802258023764
3070,10385551,22/23,2022-08-28,8,6072,Tottenham Hotspur,Nottingham Forest,away,2.3756063618290257,1.3114698,-1.0641365685093236
3071,10385559,22/23,2022-08-30,3027,2275,Fulham,Brighton & Hove Albion,home,0.6787,1.4022439,0.7235438526153565
3071,10385559,22/23,2022-08-30,2275,3027,Brighton & Hove Albion,Fulham,away,1.4615,1.4568702,-0.004629801750183127
3072,10385588,22/23,2022-08-30,18,5301,Crystal Palace,Brentford,home,0.9781,1.4588821,0.48078209342956546
3072,10385588,22/23,2022-08-30,5301,18,Brentford,Crystal Palace,away,1.4291,1.3789344,-0.05016561660766605
3073,10385585,22/23,2022-08-30,20,24,Southampton,Chelsea,home,1.0929759036144577,1.3899913,0.2970153798022903
3073,10385585,22/23,2022-08-30,24,20,Chelsea,Southampton,away,1.097,1.4227922,0.32579219627380374
3074,10385758,22/23,2022-08-30,4546,10,Leeds United,Everton,home,1.0138,1.4463173,0.4325173151016235
3074,10385758,22/23,2022-08-30,10,4546,Everton,Leeds United,away,0.9985,1.247894,0.24939404869079584
3075,10385590,22/23,2022-08-31,22,6072,Manchester City,Nottingham Forest,home,3.3179,1.8386216,-1.4792783836364745
3075,10385590,22/23,2022-08-31,6072,22,Nottingham Forest,Manchester City,away,0.6631,1.2418888,0.5787887615203857
3076,10385574,22/23,2022-08-31,17,12,Arsenal,Aston Villa,home,2.5364550898203593,1.7830291,-0.7534260103831034
3076,10385574,22/23,2022-08-31,12,17,Aston Villa,Arsenal,away,0.44868072289156624,1.2384326,0.7897519229061633
3077,10385759,22/23,2022-08-31,769,3033,Bournemouth,Wolverhampton,home,0.41228485456369107,1.3100116,0.897726770726226
3077,10385759,22/23,2022-08-31,3033,769,Wolverhampton,Bournemouth,away,1.5099,1.2543706,-0.2555294298171997
3078,10385564,22/23,2022-08-31,7,8,West Ham United,Tottenham Hotspur,home,1.2339678391959799,1.4382854,0.2043175116035807
3078,10385564,22/23,2022-08-31,8,7,Tottenham Hotspur,West Ham United,away,0.6304,1.4697596,0.8393595834732056
3079,10385582,22/23,2022-08-31,19,21,Liverpool FC,Newcastle United,home,1.5003,1.7514347,0.2511346837997437
3079,10385582,22/23,2022-08-31,21,19,Newcastle United,Liverpool FC,away,0.7094504504504504,1.4167869,0.7073364586529431
3080,10385573,22/23,2022-09-01,9,1,Leicester City,Manchester United,home,0.7284211055276382,1.3738401,0.6454189880850327
3080,10385573,22/23,2022-09-01,1,9,Manchester United,Leicester City,away,1.5404201005025127,1.359014,-0.18140606623127242
3081,10385599,22/23,2022-09-03,10,19,Everton,Liverpool FC,home,1.7166,1.1489881,-0.5676118722915648
3081,10385599,22/23,2022-09-03,19,10,Liverpool FC,Everton,away,2.2318,1.7480639,-0.483736078071594
3082,10385757,22/23,2022-09-03,24,7,Chelsea,West Ham United,home,0.8582645290581162,1.5548801,0.6966156131537978
3082,10385757,22/23,2022-09-03,7,24,West Ham United,Chelsea,away,1.2324811133200795,1.2023768,-0.030104270821300183
3083,10385744,22/23,2022-09-03,8,3027,Tottenham Hotspur,Fulham,home,3.1133861584754263,1.746057,-1.367329124936608
3083,10385744,22/23,2022-09-03,3027,8,Fulham,Tottenham Hotspur,away,0.7213991975927784,1.1688331,0.44743393896575434
3084,10385608,22/23,2022-09-03,21,18,Newcastle United,Crystal Palace,home,2.9578,1.8047493,-1.153050749588013
3084,10385608,22/23,2022-09-03,18,21,Crystal Palace,Newcastle United,away,1.0089,1.2066939,0.19779388771057138
3085,10385577,22/23,2022-09-03,5301,4546,Brentford,Leeds United,home,2.420982142857143,1.4693393,-0.9516428913388935
3085,10385577,22/23,2022-09-03,4546,5301,Leeds United,Brentford,away,1.8989369369369369,1.2581906,-0.6407463050704818
3086,10385595,22/23,2022-09-03,3033,20,Wolverhampton,Southampton,home,0.8,1.3157651,0.5157651424407959
3086,10385595,22/23,2022-09-03,20,3033,Southampton,Wolverhampton,away,1.189093373493976,1.1631216,-0.02597179241640024
3087,10385600,22/23,2022-09-03,6072,769,Nottingham Forest,Bournemouth,home,1.8921437185929648,1.58025,-0.3118936937974326
3087,10385600,22/23,2022-09-03,769,6072,Bournemouth,Nottingham Forest,away,0.7731949748743718,1.283593,0.5103980837117488
3088,10385569,22/23,2022-09-03,12,22,Aston Villa,Manchester City,home,0.3437,1.1083869,0.7646868741989136
3088,10385569,22/23,2022-09-03,22,12,Manchester City,Aston Villa,away,2.1037,1.7351118,-0.3685881673812865
3089,10385576,22/23,2022-09-04,2275,9,Brighton & Hove Albion,Leicester City,home,2.718465208747515,1.6086353,-1.1098299023891776
3089,10385576,22/23,2022-09-04,9,2275,Leicester City,Brighton & Hove Albion,away,1.4483,1.143568,-0.30473196105957023
3090,10385750,22/23,2022-09-04,1,17,Manchester United,Arsenal,home,1.552,1.4753413,-0.07665867996215825
3090,10385750,22/23,2022-09-04,17,1,Arsenal,Manchester United,away,1.3162,1.5747284,0.25852836971282955
3091,10385745,22/23,2022-09-16,12,20,Aston Villa,Southampton,home,1.5229698795180724,1.2313375,-0.2916323322158263
3091,10385745,22/23,2022-09-16,20,12,Southampton,Aston Villa,away,0.3371,1.383071,1.0459709457397461
3092,10385627,22/23,2022-09-16,6072,3027,Nottingham Forest,Fulham,home,1.4039729187562688,1.4963092,0.09233624242994942
3092,10385627,22/23,2022-09-16,3027,6072,Fulham,Nottingham Forest,away,0.9314142427281845,1.296155,0.36474073316292877
3093,10385639,22/23,2022-09-17,3033,22,Wolverhampton,Manchester City,home,0.4332966915688367,1.1445696,0.7112729438223986
3093,10385639,22/23,2022-09-17,22,3033,Manchester City,Wolverhampton,away,1.0641,1.6495253,0.5854252847671508
3094,10385624,22/23,2022-09-17,21,769,Newcastle United,Bournemouth,home,1.9029228456913827,1.9845699,0.08164706149703282
3094,10385624,22/23,2022-09-17,769,21,Bournemouth,Newcastle United,away,0.7419048096192384,1.1722409,0.4303360436903929
3095,10385641,22/23,2022-09-17,8,9,Tottenham Hotspur,Leicester City,home,2.1884,1.8130356,-0.37536439266204846
3095,10385641,22/23,2022-09-17,9,8,Leicester City,Tottenham Hotspur,away,1.764886432160804,1.1670077,-0.5978787474531624
3096,10385635,22/23,2022-09-18,5301,17,Brentford,Arsenal,home,0.5327,1.2455606,0.712860646057129
3096,10385635,22/23,2022-09-18,17,5301,Arsenal,Brentford,away,1.51116783919598,1.6214385,0.11027066406940089
3097,10385623,22/23,2022-09-18,10,7,Everton,West Ham United,home,0.3608,1.2093902,0.8485901634216308
3097,10385623,22/23,2022-09-18,7,10,West Ham United,Everton,away,1.039,1.3224585,0.28345850563049324
3098,10385648,22/23,2022-10-01,17,8,Arsenal,Tottenham Hotspur,home,2.452,1.9661207,-0.485879280090332
3098,10385648,22/23,2022-10-01,8,17,Tottenham Hotspur,Arsenal,away,1.6201216216216217,1.2336122,-0.3865094418654571
3099,10385659,22/23,2022-10-01,19,2275,Liverpool FC,Brighton & Hove Albion,home,1.4714,1.8328018,0.3614018188476562
3099,10385659,22/23,2022-10-01,2275,19,Brighton & Hove Albion,Liverpool FC,away,1.36125,1.1995257,-0.1617242860794068
3100,10385629,22/23,2022-10-01,18,24,Crystal Palace,Chelsea,home,0.430749,1.3443633,0.9136143317947387
3100,10385629,22/23,2022-10-01,24,18,Chelsea,Crystal Palace,away,1.1329778894472362,1.5630492,0.43007130774972424
3101,10385657,22/23,2022-10-01,20,10,Southampton,Everton,home,1.7434118236472946,1.4295022,-0.31390957488325655
3101,10385657,22/23,2022-10-01,10,20,Everton,Southampton,away,1.9721633266533065,1.1391088,-0.8330545496071029
3102,10385749,22/23,2022-10-01,3027,21,Fulham,Newcastle United,home,0.510046255506608,1.2390944,0.7290481210574179
3102,10385749,22/23,2022-10-01,21,3027,Newcastle United,Fulham,away,3.5300119760479043,1.6320069,-1.8980050924266885
3103,10385748,22/23,2022-10-01,769,5301,Bournemouth,Brentford,home,0.3813,1.325283,0.9439830505371094
3103,10385748,22/23,2022-10-01,5301,769,Brentford,Bournemouth,away,0.8636381909547739,1.3814403,0.5178020909132071
3104,10385661,22/23,2022-10-01,7,3033,West Ham United,Wolverhampton,home,0.9157,1.3290919,0.41339190654754643
3104,10385661,22/23,2022-10-01,3033,7,Wolverhampton,West Ham United,away,0.7401,1.1189494,0.37884941329956057
3105,10385656,22/23,2022-10-02,22,1,Manchester City,Manchester United,home,3.4099,2.052112,-1.357787897491455
3105,10385656,22/23,2022-10-02,1,22,Manchester United,Manchester City,away,1.7183,1.1690413,-0.5492587240219116
3106,10385642,22/23,2022-10-02,4546,12,Leeds United,Aston Villa,home,0.3862879746835443,1.5977359,1.2114479071218756
3106,10385642,22/23,2022-10-02,12,4546,Aston Villa,Leeds United,away,2.2869497487437185,1.1904237,-1.096526021708196
3107,10385631,22/23,2022-10-03,9,6072,Leicester City,Nottingham Forest,home,1.3192696177062373,1.4815841,0.1623144544067998
3107,10385631,22/23,2022-10-03,6072,9,Nottingham Forest,Leicester City,away,1.1613,1.279994,0.11869401092529297
3108,10385695,22/23,2022-10-08,22,20,Manchester City,Southampton,home,2.4908,1.9931529,-0.4976471431732179
3108,10385695,22/23,2022-10-08,20,22,Southampton,Manchester City,away,0.1561,1.0041734,0.8480733980178833
3109,10385760,22/23,2022-10-08,24,3033,Chelsea,Wolverhampton,home,1.9051,1.618997,-0.2861030221939087
3109,10385760,22/23,2022-10-08,3033,24,Wolverhampton,Chelsea,away,1.1147,1.1857687,0.07106872348785398
3110,10385649,22/23,2022-10-08,769,9,Bournemouth,Leicester City,home,1.1358,1.3757452,0.239945177268982
3110,10385649,22/23,2022-10-08,9,769,Leicester City,Bournemouth,away,1.0703132530120483,1.4166788,0.3463655332657227
3111,10385689,22/23,2022-10-08,21,5301,Newcastle United,Brentford,home,1.5121706586826347,1.6959258,0.1837551731121041
3111,10385689,22/23,2022-10-08,5301,21,Brentford,Newcastle United,away,1.1815326633165828,1.1564202,-0.025112432451104283
3112,10385653,22/23,2022-10-08,2275,8,Brighton & Hove Albion,Tottenham Hotspur,home,0.7171,1.7554576,1.038357639694214
3112,10385653,22/23,2022-10-08,8,2275,Tottenham Hotspur,Brighton & Hove Albion,away,0.7909,1.2610689,0.47016894016265864
3113,10385687,22/23,2022-10-09,7,3027,West Ham United,Fulham,home,3.088879518072289,1.6736789,-1.4152006431028066
3113,10385687,22/23,2022-10-09,3027,7,Fulham,West Ham United,away,0.6977,1.022443,0.3247430561065674
3114,10385686,22/23,2022-10-09,18,4546,Crystal Palace,Leeds United,home,1.0659790419161677,1.3557507,0.28977163805361994
3114,10385686,22/23,2022-10-09,4546,18,Leeds United,Crystal Palace,away,0.9690538922155688,1.2890816,0.3200276812707593
3115,10385644,22/23,2022-10-09,17,19,Arsenal,Liverpool FC,home,3.1609,1.9530162,-1.2078838380813597
3115,10385644,22/23,2022-10-09,19,17,Liverpool FC,Arsenal,away,1.1297,1.4031667,0.2734666517257691
3116,10385762,22/23,2022-10-09,10,1,Everton,Manchester United,home,0.6438482412060301,1.3876431,0.7437948576251466
3116,10385762,22/23,2022-10-09,1,10,Manchester United,Everton,away,1.4436090452261308,1.5622411,0.11863203219696494
3117,10385761,22/23,2022-10-10,6072,12,Nottingham Forest,Aston Villa,home,0.3055,1.2761234,0.9706234045028687
3117,10385761,22/23,2022-10-10,12,6072,Aston Villa,Nottingham Forest,away,0.6915,1.3164083,0.6249082765579224
3118,10385682,22/23,2022-10-14,5301,2275,Brentford,Brighton & Hove Albion,home,1.4555085255767302,1.1975667,-0.2579417779113249
3118,10385682,22/23,2022-10-14,2275,5301,Brighton & Hove Albion,Brentford,away,1.9491,1.394128,-0.5549720350265503
3119,10385704,22/23,2022-10-15,9,18,Leicester City,Crystal Palace,home,1.025321608040201,1.7843292,0.7590075679088957
3119,10385704,22/23,2022-10-15,18,9,Crystal Palace,Leicester City,away,0.3929,1.2261351,0.8332351346969604
3120,10385705,22/23,2022-10-15,3033,6072,Wolverhampton,Nottingham Forest,home,1.284858407079646,1.3753527,0.09049433320813471
3120,10385705,22/23,2022-10-15,6072,3033,Nottingham Forest,Wolverhampton,away,1.4528152173913043,1.2701039,-0.1827112859643023
3121,10385696,22/23,2022-10-15,3027,769,Fulham,Bournemouth,home,2.11339156626506,1.4273174,-0.6860741853599088
3121,10385696,22/23,2022-10-15,769,3027,Bournemouth,Fulham,away,1.0819,1.3690565,0.28715646324157706
3122,10385753,22/23,2022-10-15,8,10,Tottenham Hotspur,Everton,home,2.269942771084337,1.4934108,-0.7765319453549671
3122,10385753,22/23,2022-10-15,10,8,Everton,Tottenham Hotspur,away,0.427,1.215679,0.7886790494918823
3123,10385693,22/23,2022-10-16,1,21,Manchester United,Newcastle United,home,0.8204,1.2485244,0.4281244274139404
3123,10385693,22/23,2022-10-16,21,1,Newcastle United,Manchester United,away,0.9079,1.5456208,0.6377207990646362
3124,10385680,22/23,2022-10-16,12,24,Aston Villa,Chelsea,home,1.797,1.2626171,-0.5343828887939452
3124,10385680,22/23,2022-10-16,24,12,Chelsea,Aston Villa,away,0.8659,1.4192661,0.5533661046981811
3125,10385700,22/23,2022-10-16,4546,17,Leeds United,Arsenal,home,1.8183653465346534,1.1360747,-0.6822906843260963
3125,10385700,22/23,2022-10-16,17,4546,Arsenal,Leeds United,away,0.5495,1.5481673,0.99866734790802
3126,10385692,22/23,2022-10-16,20,7,Southampton,West Ham United,home,0.4565,1.1140964,0.6575964031219482
3126,10385692,22/23,2022-10-16,7,20,West Ham United,Southampton,away,1.6802,1.3412584,-0.3389415933609008
3127,10385752,22/23,2022-10-16,19,22,Liverpool FC,Manchester City,home,2.0513513513513515,1.7498641,-0.3014872499414394
3127,10385752,22/23,2022-10-16,22,19,Manchester City,Liverpool FC,away,0.970596,1.5097519,0.5391559159317016
3128,10385713,22/23,2022-10-18,2275,6072,Brighton & Hove Albion,Nottingham Forest,home,1.6859819277108434,1.6822996,-0.0036823137582067123
3128,10385713,22/23,2022-10-18,6072,2275,Nottingham Forest,Brighton & Hove Albion,away,0.12453571428571429,0.9885152,0.8639794839450291
3129,10385707,22/23,2022-10-18,18,3033,Crystal Palace,Wolverhampton,home,1.2,1.365212,0.1652119636535645
3129,10385707,22/23,2022-10-18,3033,18,Wolverhampton,Crystal Palace,away,0.843,1.1776891,0.33468907546997073
3130,10385729,22/23,2022-10-19,19,7,Liverpool FC,West Ham United,home,1.7522,1.5592248,-0.19297515602111814
3130,10385729,22/23,2022-10-19,7,19,West Ham United,Liverpool FC,away,1.8416,1.2528957,-0.5887042871475219
3131,10385718,22/23,2022-10-19,5301,24,Brentford,Chelsea,home,1.2531,1.2929786,0.03987864437103261
3131,10385718,22/23,2022-10-19,24,5301,Chelsea,Brentford,away,0.8641,1.5843831,0.7202831300735474
3132,10385715,22/23,2022-10-19,21,10,Newcastle United,Everton,home,1.4486933867735472,1.9275308,0.47883737875990007
3132,10385715,22/23,2022-10-19,10,21,Everton,Newcastle United,away,0.1732,0.91735715,0.7441571467399597
3133,10385755,22/23,2022-10-19,769,20,Bournemouth,Southampton,home,1.0300149700598802,1.3730059,0.34299089694451435
3133,10385755,22/23,2022-10-19,20,769,Southampton,Bournemouth,away,1.0145535714285714,1.197465,0.18291137150355752
3134,10385725,22/23,2022-10-19,1,8,Manchester United,Tottenham Hotspur,home,1.594692,1.2923695,-0.3023225150985718
3134,10385725,22/23,2022-10-19,8,1,Tottenham Hotspur,Manchester United,away,0.6417,1.446989,0.8052890594482421
3135,10385708,22/23,2022-10-20,3027,12,Fulham,Aston Villa,home,2.17323370110331,1.2218947,-0.9513389600449602
3135,10385708,22/23,2022-10-20,12,3027,Aston Villa,Fulham,away,1.193454261954262,1.509105,0.3156507051630475
3136,10385706,22/23,2022-10-20,9,4546,Leicester City,Leeds United,home,0.7859306532663317,1.3239571,0.5380264323431043
3136,10385706,22/23,2022-10-20,4546,9,Leeds United,Leicester City,away,1.331,1.2310275,-0.09997251605987545
3137,10385728,22/23,2022-10-22,6072,19,Nottingham Forest,Liverpool FC,home,1.8523,1.3218999,-0.5304001091003419
3137,10385728,22/23,2022-10-22,19,6072,Liverpool FC,Nottingham Forest,away,1.6603,1.5187887,-0.14151130466461193
3138,10385730,22/23,2022-10-22,22,2275,Manchester City,Brighton & Hove Albion,home,1.6268,1.989166,0.3623660213470459
3138,10385730,22/23,2022-10-22,2275,22,Brighton & Hove Albion,Manchester City,away,0.5217754491017964,1.3237023,0.8019268862558696
3139,10385721,22/23,2022-10-22,10,18,Everton,Crystal Palace,home,1.546998997995992,1.3605236,-0.18647541649117017
3139,10385721,22/23,2022-10-22,18,10,Crystal Palace,Everton,away,0.946,1.2784005,0.3324005403518677
3140,10385751,22/23,2022-10-22,24,1,Chelsea,Manchester United,home,1.0641,1.61246,0.5483600172042846
3140,10385751,22/23,2022-10-22,1,24,Manchester United,Chelsea,away,0.8386,1.2111181,0.3725181020736694
3141,10385368,22/23,2022-10-23,20,17,Southampton,Arsenal,home,0.6738,1.0853903,0.41159032936096196
3141,10385368,22/23,2022-10-23,17,20,Arsenal,Southampton,away,0.9886084337349398,1.8260425,0.8374340991858976
3142,10385361,22/23,2022-10-23,3033,9,Wolverhampton,Leicester City,home,2.1587,1.2435528,-0.915147196006775
3142,10385361,22/23,2022-10-23,9,3033,Leicester City,Wolverhampton,away,0.8915,1.3268422,0.4353421888351441
3143,10385754,22/23,2022-10-23,4546,3027,Leeds United,Fulham,home,1.7016060301507538,1.5340298,-0.16757618872771918
3143,10385754,22/23,2022-10-23,3027,4546,Fulham,Leeds United,away,1.8494,1.260522,-0.5888779920578002
3144,10385732,22/23,2022-10-23,12,5301,Aston Villa,Brentford,home,2.8967,1.5667083,-1.3299916736602784
3144,10385732,22/23,2022-10-23,5301,12,Brentford,Aston Villa,away,0.952,1.0967239,0.14472391414642338
3145,10385365,22/23,2022-10-23,8,21,Tottenham Hotspur,Newcastle United,home,1.6516,1.4812636,-0.17033636245727535
3145,10385365,22/23,2022-10-23,21,8,Newcastle United,Tottenham Hotspur,away,1.1975421686746988,1.5621079,0.3645657519719687
3146,10385359,22/23,2022-10-24,7,769,West Ham United,Bournemouth,home,1.9019,1.4680729,-0.43382710876464836
3146,10385359,22/23,2022-10-24,769,7,Bournemouth,West Ham United,away,0.3866,0.9828589,0.5962588962554931
3147,10385380,22/23,2022-10-29,9,22,Leicester City,Manchester City,home,0.7054,1.2110605,0.5056605239868164
3147,10385380,22/23,2022-10-29,22,9,Manchester City,Leicester City,away,1.0281,1.7571384,0.7290383714675903
3148,10385363,22/23,2022-10-29,2275,24,Brighton & Hove Albion,Chelsea,home,2.477385542168675,1.7604713,-0.7169141981745342
3148,10385363,22/23,2022-10-29,24,2275,Chelsea,Brighton & Hove Albion,away,1.3931,1.340257,-0.052842951393127446
3149,10385366,22/23,2022-10-29,769,8,Bournemouth,Tottenham Hotspur,home,0.5323360080240722,1.2670958,0.7347597961904053
3149,10385366,22/23,2022-10-29,8,769,Tottenham Hotspur,Bournemouth,away,2.123286860581745,1.5099097,-0.6133771115506783
3150,10385362,22/23,2022-10-29,21,12,Newcastle United,Aston Villa,home,3.4433499005964214,1.5344994,-1.9088504937818462
3150,10385362,22/23,2022-10-29,12,21,Aston Villa,Newcastle United,away,0.3668,1.1239779,0.7571778995513916
3151,10385367,22/23,2022-10-29,5301,3033,Brentford,Wolverhampton,home,1.3763628318584071,1.3254433,-0.05091956403614151
3151,10385367,22/23,2022-10-29,3033,5301,Wolverhampton,Brentford,away,0.6032162162162162,1.19191,0.5886938122414254
3152,10385377,22/23,2022-10-29,18,20,Crystal Palace,Southampton,home,0.8853400200601805,1.4219888,0.5366488248113405
3152,10385377,22/23,2022-10-29,20,18,Southampton,Crystal Palace,away,1.3058665997993981,1.0900877,-0.21577894759297722
3153,10385378,22/23,2022-10-29,3027,10,Fulham,Everton,home,1.9338,1.5425073,-0.39129270915985104
3153,10385378,22/23,2022-10-29,10,3027,Everton,Fulham,away,0.9337273641851107,1.2461812,0.31245388543341956
3154,10385373,22/23,2022-10-29,19,4546,Liverpool FC,Leeds United,home,1.739,1.8251234,0.08612342929840078
3154,10385373,22/23,2022-10-29,4546,19,Leeds United,Liverpool FC,away,1.7725,1.2627188,-0.5097812032699585
3155,10385364,22/23,2022-10-30,17,6072,Arsenal,Nottingham Forest,home,2.3292,2.033909,-0.29529091758728043
3155,10385364,22/23,2022-10-30,6072,17,Nottingham Forest,Arsenal,away,0.4313,0.9929221,0.5616221272468567
3156,10385360,22/23,2022-10-30,1,7,Manchester United,West Ham United,home,1.2359,1.2954643,0.059564277267456056
3156,10385360,22/23,2022-10-30,7,1,West Ham United,Manchester United,away,1.0802,1.2079722,0.12777216892242427
3157,10385385,22/23,2022-11-05,22,3027,Manchester City,Fulham,home,2.2247203023758098,2.071803,-0.1529172094192668
3157,10385385,22/23,2022-11-05,3027,22,Fulham,Manchester City,away,0.9440711422845691,1.100332,0.15626087942868772
3158,10385374,22/23,2022-11-05,3033,2275,Wolverhampton,Brighton & Hove Albion,home,1.2787673684210525,1.1351496,-0.14361777029940948
3158,10385374,22/23,2022-11-05,2275,3033,Brighton & Hove Albion,Wolverhampton,away,1.5655,1.5248376,-0.040662386894225966
3159,10385384,22/23,2022-11-05,4546,769,Leeds United,Bournemouth,home,2.147882530120482,1.5375974,-0.6102851122890609
3159,10385384,22/23,2022-11-05,769,4546,Bournemouth,Leeds United,away,1.461188622754491,1.032185,-0.42900366429654424
3160,10385388,22/23,2022-11-05,6072,5301,Nottingham Forest,Brentford,home,1.4673249749247743,1.3955544,-0.07177055159255996
3160,10385388,22/23,2022-11-05,5301,6072,Brentford,Nottingham Forest,away,1.4445270541082165,1.3274926,-0.11703445938928336
3161,10385390,22/23,2022-11-05,10,9,Everton,Leicester City,home,1.2392,1.2361231,-0.003076914978027423
3161,10385390,22/23,2022-11-05,9,10,Leicester City,Everton,away,2.3637,1.5124946,-0.8512054359436036
3162,10385376,22/23,2022-11-06,24,17,Chelsea,Arsenal,home,0.2915,1.2689852,0.9774851522445679
3162,10385376,22/23,2022-11-06,17,24,Arsenal,Chelsea,away,2.2400240963855422,1.7227745,-0.5172495907703079
3163,10385379,22/23,2022-11-06,12,1,Aston Villa,Manchester United,home,0.6611,1.2070793,0.5459792913436889
3163,10385379,22/23,2022-11-06,1,12,Manchester United,Aston Villa,away,0.518,1.4893404,0.9713404245376587
3164,10385372,22/23,2022-11-06,7,18,West Ham United,Crystal Palace,home,0.2618,1.3900524,1.1282524377822876
3164,10385372,22/23,2022-11-06,18,7,Crystal Palace,West Ham United,away,1.0216,1.0057459,-0.015854112243652407
3165,10385371,22/23,2022-11-06,20,21,Southampton,Newcastle United,home,1.7447,1.3177655,-0.4269345256805419
3165,10385371,22/23,2022-11-06,21,20,Newcastle United,Southampton,away,0.8597,1.7390704,0.8793704154968262
3166,10385375,22/23,2022-11-06,8,19,Tottenham Hotspur,Liverpool FC,home,1.2054,1.7683042,0.5629042287826538
3166,10385375,22/23,2022-11-06,19,8,Liverpool FC,Tottenham Hotspur,away,1.178348743718593,1.5236944,0.34534565230038883
3167,10385383,22/23,2022-11-12,22,5301,Manchester City,Brentford,home,1.5901318681318681,2.1812916,0.5911597120683272
3167,10385383,22/23,2022-11-12,5301,22,Brentford,Manchester City,away,1.2707964071856288,1.0577301,-0.21306632848842422
3168,10385400,22/23,2022-11-12,19,20,Liverpool FC,Southampton,home,1.9179402985074627,1.8873571,-0.030583182761918293
3168,10385400,22/23,2022-11-12,20,19,Southampton,Liverpool FC,away,1.0532,1.2754531,0.2222530906677247
3169,10385387,22/23,2022-11-12,8,4546,Tottenham Hotspur,Leeds United,home,1.8109,1.5557116,-0.2551883729934692
3169,10385387,22/23,2022-11-12,4546,8,Leeds United,Tottenham Hotspur,away,1.1208966565349543,1.2017344,0.08083776710243584
3170,10385395,22/23,2022-11-12,7,9,West Ham United,Leicester City,home,1.4003,1.405536,0.005236055564880271
3170,10385395,22/23,2022-11-12,9,7,Leicester City,West Ham United,away,1.776,1.2505642,-0.5254357824325562
3171,10385386,22/23,2022-11-12,769,10,Bournemouth,Everton,home,2.534,1.4478978,-1.086102208137512
3171,10385386,22/23,2022-11-12,10,769,Everton,Bournemouth,away,0.8275,1.1968083,0.3693083381652832
3172,10385382,22/23,2022-11-12,6072,18,Nottingham Forest,Crystal Palace,home,1.1316962151394423,1.1742413,0.04254508925814071
3172,10385382,22/23,2022-11-12,18,6072,Crystal Palace,Nottingham Forest,away,1.2220591775325977,1.2063758,-0.015683340206547935
3173,10385381,22/23,2022-11-12,21,24,Newcastle United,Chelsea,home,1.0486339285714286,2.055682,1.007048015322004
3173,10385381,22/23,2022-11-12,24,21,Chelsea,Newcastle United,away,0.2958,1.037591,0.7417909805297851
3174,10385393,22/23,2022-11-12,3033,17,Wolverhampton,Arsenal,home,0.6792,1.1169801,0.4377800758361816
3174,10385393,22/23,2022-11-12,17,3033,Arsenal,Wolverhampton,away,2.1299,1.6598681,-0.47003187885284436
3175,10385389,22/23,2022-11-13,2275,12,Brighton & Hove Albion,Aston Villa,home,0.6561,1.7928908,1.1367907871246339
3175,10385389,22/23,2022-11-13,12,2275,Aston Villa,Brighton & Hove Albion,away,1.461625,1.0769849,-0.3846401176452636
3176,10385399,22/23,2022-11-13,3027,1,Fulham,Manchester United,home,1.3713,1.3169116,-0.0543884218215942
3176,10385399,22/23,2022-11-13,1,3027,Manchester United,Fulham,away,2.5962,1.4330049,-1.163195143890381
3177,10385397,22/23,2022-12-26,5301,8,Brentford,Tottenham Hotspur,home,2.1755,1.4070138,-0.7684862260818481
3177,10385397,22/23,2022-12-26,8,5301,Tottenham Hotspur,Brentford,away,1.0687,1.612559,0.5438589609146118
3178,10385406,22/23,2022-12-26,9,21,Leicester City,Newcastle United,home,0.5161,1.2744,0.758299995803833
3178,10385406,22/23,2022-12-26,21,9,Newcastle United,Leicester City,away,1.8866543086172345,1.738098,-0.14855628329527404
3179,10385391,22/23,2022-12-26,10,3033,Everton,Wolverhampton,home,1.7149482071713147,1.2382537,-0.4766944945172009
3179,10385391,22/23,2022-12-26,3033,10,Wolverhampton,Everton,away,0.7843,1.2751443,0.4908443386077881
3180,10385394,22/23,2022-12-26,18,3027,Crystal Palace,Fulham,home,0.43209825327510915,1.2195895,0.7874912185419074
3180,10385394,22/23,2022-12-26,3027,18,Fulham,Crystal Palace,away,2.622015,1.2433176,-1.3786973959350588
3181,10385404,22/23,2022-12-26,20,2275,Southampton,Brighton & Hove Albion,home,1.9044814070351759,1.5351278,-0.3693536480553785
3181,10385404,22/23,2022-12-26,2275,20,Brighton & Hove Albion,Southampton,away,0.634491,1.4246479,0.7901569272842407
3182,10385398,22/23,2022-12-26,12,19,Aston Villa,Liverpool FC,home,1.415581673306773,1.400265,-0.015316694897959504
3182,10385398,22/23,2022-12-26,19,12,Liverpool FC,Aston Villa,away,2.7065,1.7077825,-0.9987174930572511
3183,10385396,22/23,2022-12-26,17,7,Arsenal,West Ham United,home,2.2017,1.9592004,-0.2424996177673342
3183,10385396,22/23,2022-12-26,7,17,West Ham United,Arsenal,away,1.032883417085427,1.0758499,0.04296647362349626
3184,10385392,22/23,2022-12-27,24,769,Chelsea,Bournemouth,home,1.8302078313253012,1.3526534,-0.477554447116622
3184,10385392,22/23,2022-12-27,769,24,Bournemouth,Chelsea,away,0.5338644578313253,1.1455984,0.6117339537287333
3185,10385401,22/23,2022-12-27,1,6072,Manchester United,Nottingham Forest,home,2.481460843373494,1.8573653,-0.6240955927860306
3185,10385401,22/23,2022-12-27,6072,1,Nottingham Forest,Manchester United,away,0.7531,0.99900925,0.24590925159454347
3186,10385403,22/23,2022-12-28,4546,22,Leeds United,Manchester City,home,0.5808795180722891,1.2366592,0.6557796511247934
3186,10385403,22/23,2022-12-28,22,4546,Manchester City,Leeds United,away,4.457882530120482,1.90206,-2.555822498229613
3187,10385402,22/23,2022-12-30,7,5301,West Ham United,Brentford,home,1.295,1.4284437,0.13344367027282722
3187,10385402,22/23,2022-12-30,5301,7,Brentford,West Ham United,away,1.7962,1.2487315,-0.5474685060501099
3188,10385405,22/23,2022-12-30,19,9,Liverpool FC,Leicester City,home,2.224431,2.0201633,-0.2042677023468018
3188,10385405,22/23,2022-12-30,9,19,Leicester City,Liverpool FC,away,0.9919,1.1851314,0.19323143062591552
3189,10385408,22/23,2022-12-31,3033,1,Wolverhampton,Manchester United,home,0.6676,1.1264548,0.45885483016967776
3189,10385408,22/23,2022-12-31,1,3033,Manchester United,Wolverhampton,away,1.973,1.5307497,-0.4422503213882447
3190,10385418,22/23,2022-12-31,22,10,Manchester City,Everton,home,1.751597667638484,2.3444595,0.5928618660529223
3190,10385418,22/23,2022-12-31,10,22,Everton,Manchester City,away,0.093456,0.8903928,0.7969367803039551
3191,10385413,22/23,2022-12-31,21,4546,Newcastle United,Leeds United,home,2.16181444332999,1.9041332,-0.2576812426845434
3191,10385413,22/23,2022-12-31,4546,21,Leeds United,Newcastle United,away,0.3828,1.0122285,0.6294284889221191
3192,10385407,22/23,2022-12-31,3027,20,Fulham,Southampton,home,1.5194,1.3284765,-0.19092345180511483
3192,10385407,22/23,2022-12-31,20,3027,Southampton,Fulham,away,0.8419881656804734,1.3494784,0.5074901983103103
3193,10385410,22/23,2022-12-31,769,18,Bournemouth,Crystal Palace,home,0.5924,1.210632,0.6182319665908813
3193,10385410,22/23,2022-12-31,18,769,Crystal Palace,Bournemouth,away,1.6587,1.25779,-0.40091003055572516
3194,10385409,22/23,2022-12-31,2275,17,Brighton & Hove Albion,Arsenal,home,1.1702,1.5195801,0.3493801258087159
3194,10385409,22/23,2022-12-31,17,2275,Arsenal,Brighton & Hove Albion,away,2.998399197592778,1.7825364,-1.2158628101492357
3195,10385414,22/23,2023-01-01,8,12,Tottenham Hotspur,Aston Villa,home,0.6478300198807158,1.7445462,1.0967161551223361
3195,10385414,22/23,2023-01-01,12,8,Aston Villa,Tottenham Hotspur,away,1.0427,1.0997883,0.05708830814361576
3196,10385412,22/23,2023-01-01,6072,24,Nottingham Forest,Chelsea,home,1.4309,1.2326733,-0.19822671260833746
3196,10385412,22/23,2023-01-01,24,6072,Chelsea,Nottingham Forest,away,0.945,1.227323,0.28232305526733403
3197,10385428,22/23,2023-01-02,5301,19,Brentford,Liverpool FC,home,2.2749333996023857,1.3427404,-0.9321929830755913
3197,10385428,22/23,2023-01-02,19,5301,Liverpool FC,Brentford,away,1.9796032064128257,1.6211293,-0.3584739320445396
3198,10385416,22/23,2023-01-03,17,21,Arsenal,Newcastle United,home,1.1175,1.7042167,0.5867167186737061
3198,10385416,22/23,2023-01-03,21,17,Newcastle United,Arsenal,away,1.0543450351053159,1.2565693,0.20222423121395905
3199,10385419,22/23,2023-01-03,9,3027,Leicester City,Fulham,home,1.7001,1.1990732,-0.5010268045425414
3199,10385419,22/23,2023-01-03,3027,9,Fulham,Leicester City,away,1.6848,1.3560334,-0.328766555595398
3200,10385421,22/23,2023-01-03,10,2275,Everton,Brighton & Hove Albion,home,1.281920523138833,1.3416427,0.05972221424977775
3200,10385421,22/23,2023-01-03,2275,10,Brighton & Hove Albion,Everton,away,2.1726,1.7282234,-0.44437655696868905
3201,10385415,22/23,2023-01-03,1,769,Manchester United,Bournemouth,home,2.2573,1.874513,-0.3827869699478148
3201,10385415,22/23,2023-01-03,769,1,Bournemouth,Manchester United,away,0.5732837022132797,0.9373097,0.36402598015595244
3202,10385411,22/23,2023-01-04,20,6072,Southampton,Nottingham Forest,home,0.4863524096385542,1.6047577,1.1184052569492753
3202,10385411,22/23,2023-01-04,6072,20,Nottingham Forest,Southampton,away,1.3805658682634732,1.0141116,-0.36645423019432033
3203,10385417,22/23,2023-01-04,4546,7,Leeds United,West Ham United,home,1.6216,1.4061358,-0.21546420249938958
3203,10385417,22/23,2023-01-04,7,4546,West Ham United,Leeds United,away,1.4263,1.3756672,-0.05063278560638418
3204,10385424,22/23,2023-01-04,18,8,Crystal Palace,Tottenham Hotspur,home,0.8258,1.1702584,0.3444584028244019
3204,10385424,22/23,2023-01-04,8,18,Tottenham Hotspur,Crystal Palace,away,1.3868,1.3071697,-0.07963032417297367
3205,10385420,22/23,2023-01-04,12,3033,Aston Villa,Wolverhampton,home,1.7918,1.7455313,-0.046268679428100645
3205,10385420,22/23,2023-01-04,3033,12,Wolverhampton,Aston Villa,away,1.0069,1.0750858,0.06818575916290293
3206,10385429,22/23,2023-01-05,24,22,Chelsea,Manchester City,home,0.4114,1.0716062,0.6602061592102051
3206,10385429,22/23,2023-01-05,22,24,Manchester City,Chelsea,away,1.9946261306532662,1.8617915,-0.13283463914478233
3207,10913240,22/23,2023-01-12,3027,24,Fulham,Chelsea,home,0.9750210420841683,1.4375397,0.4625186546092521
3207,10913240,22/23,2023-01-12,24,3027,Chelsea,Fulham,away,2.2622223382045927,1.1160142,-1.1462080960323515
3208,10385423,22/23,2023-01-13,12,4546,Aston Villa,Leeds United,home,1.2552,1.7511715,0.49597146968841543
3208,10385423,22/23,2023-01-13,4546,12,Leeds United,Aston Villa,away,2.4958316633266535,1.1416141,-1.3542175838512507
3209,10385426,22/23,2023-01-14,1,22,Manchester United,Manchester City,home,1.7173,1.505651,-0.21164900283813481
3209,10385426,22/23,2023-01-14,22,1,Manchester City,Manchester United,away,0.65,1.5964884,0.946488356590271
3210,10385436,22/23,2023-01-14,2275,19,Brighton & Hove Albion,Liverpool FC,home,1.9290060362173038,1.6415503,-0.28745573371181066
3210,10385436,22/23,2023-01-14,19,2275,Liverpool FC,Brighton & Hove Albion,away,1.0459,1.739031,0.6931309572219848
3211,10385425,22/23,2023-01-14,6072,9,Nottingham Forest,Leicester City,home,2.3441253761283853,1.4100964,-0.9340289691917398
3211,10385425,22/23,2023-01-14,9,6072,Leicester City,Nottingham Forest,away,1.0202,1.1186835,0.09848345737457276
3212,10385438,22/23,2023-01-14,3033,7,Wolverhampton,West Ham United,home,0.8733249749247743,1.300236,0.4269110117848204
3212,10385438,22/23,2023-01-14,7,3033,West Ham United,Wolverhampton,away,1.0804,1.3919626,0.3115626474380493
3213,10385422,22/23,2023-01-14,10,20,Everton,Southampton,home,1.3737,1.1984224,-0.17527756805419914
3213,10385422,22/23,2023-01-14,20,10,Southampton,Everton,away,1.1760805970149255,1.4882395,0.3121589297337317
3214,10385439,22/23,2023-01-14,5301,769,Brentford,Bournemouth,home,1.3959,1.5903965,0.19449652347564705
3214,10385439,22/23,2023-01-14,769,5301,Bournemouth,Brentford,away,0.5988,1.1124624,0.5136624013900757
3215,10385435,22/23,2023-01-15,24,18,Chelsea,Crystal Palace,home,1.4904017857142857,1.292484,-0.1979177406855992
3215,10385435,22/23,2023-01-15,18,24,Crystal Palace,Chelsea,away,0.67,1.0623673,0.39236732006072994
3216,10385427,22/23,2023-01-15,21,3027,Newcastle United,Fulham,home,2.3426359077231695,1.7915651,-0.55107084710763
3216,10385427,22/23,2023-01-15,3027,21,Fulham,Newcastle United,away,1.1144,1.146592,0.0321920209884643
3217,10385433,22/23,2023-01-15,8,17,Tottenham Hotspur,Arsenal,home,1.584691616766467,1.269942,-0.3147495715546751
3217,10385433,22/23,2023-01-15,17,8,Arsenal,Tottenham Hotspur,away,1.83835843373494,1.5801955,-0.2581628875847324
3218,10979293,22/23,2023-01-18,18,1,Crystal Palace,Manchester United,home,0.5268391959798995,1.0402658,0.5134266025888261
3218,10979293,22/23,2023-01-18,1,18,Manchester United,Crystal Palace,away,2.0727316582914574,1.5004691,-0.5722625697370751
3219,10913242,22/23,2023-01-19,22,8,Manchester City,Tottenham Hotspur,home,2.3602635814889337,2.1946435,-0.16562008402189266
3219,10913242,22/23,2023-01-19,8,22,Tottenham Hotspur,Manchester City,away,0.8102,1.1141714,0.30397138576507565
3220,10385443,22/23,2023-01-21,19,24,Liverpool FC,Chelsea,home,1.4017,1.7111571,0.3094570835113526
3220,10385443,22/23,2023-01-21,24,19,Chelsea,Liverpool FC,away,1.6548,1.1567045,-0.4980954549789429
3221,10385434,22/23,2023-01-21,9,2275,Leicester City,Brighton & Hove Albion,home,0.9887065326633165,1.3505291,0.36182254200556774
3221,10385434,22/23,2023-01-21,2275,9,Brighton & Hove Albion,Leicester City,away,2.1392,1.6939008,-0.44529917640686056
3222,10385444,22/23,2023-01-21,7,10,West Ham United,Everton,home,2.2739,1.5558591,-0.7180409111022947
3222,10385444,22/23,2023-01-21,10,7,Everton,West Ham United,away,0.5515,1.1331103,0.5816102848052979
3223,10385449,22/23,2023-01-21,20,12,Southampton,Aston Villa,home,0.569547,1.4985254,0.9289783810882568
3223,10385449,22/23,2023-01-21,12,20,Aston Villa,Southampton,away,1.3785,1.2365141,-0.14198590850830084
3224,10385431,22/23,2023-01-21,769,6072,Bournemouth,Nottingham Forest,home,1.4151,1.1760504,-0.23904957542419436
3224,10385431,22/23,2023-01-21,6072,769,Nottingham Forest,Bournemouth,away,1.9343,1.39506,-0.5392400568008422
3225,10385430,22/23,2023-01-21,18,21,Crystal Palace,Newcastle United,home,0.3001,1.0957859,0.7956858562469482
3225,10385430,22/23,2023-01-21,21,18,Newcastle United,Crystal Palace,away,1.2532,1.5824354,0.32923536949157706
3226,10385445,22/23,2023-01-22,22,3033,Manchester City,Wolverhampton,home,2.7772,2.2410684,-0.5361316368103028
3226,10385445,22/23,2023-01-22,3033,22,Wolverhampton,Manchester City,away,0.7923,0.8941311,0.1018311240196228
3227,10385432,22/23,2023-01-22,4546,5301,Leeds United,Brentford,home,0.4945,1.285613,0.7911129407882691
3227,10385432,22/23,2023-01-22,5301,4546,Brentford,Leeds United,away,0.4004,1.4128258,1.0124258228302003
3228,10652685,22/23,2023-01-22,17,1,Arsenal,Manchester United,home,3.2493,1.6739872,-1.5753128498077391
3228,10652685,22/23,2023-01-22,1,17,Manchester United,Arsenal,away,0.3575,1.2954861,0.9379860925674439
3229,10385437,22/23,2023-01-23,3027,8,Fulham,Tottenham Hotspur,home,0.9792519920318725,1.4624115,0.4831595308334229
3229,10385437,22/23,2023-01-23,8,3027,Tottenham Hotspur,Fulham,away,0.9111,1.3139781,0.4028780759811401
3230,10385441,22/23,2023-02-03,24,3027,Chelsea,Fulham,home,1.3246339017051152,1.5579216,0.2332877463203975
3230,10385441,22/23,2023-02-03,3027,24,Fulham,Chelsea,away,0.6475,1.1500875,0.5025874757766724
3231,10385450,22/23,2023-02-04,10,17,Everton,Arsenal,home,1.6703,1.135093,-0.5352070262908935
3231,10385450,22/23,2023-02-04,17,10,Arsenal,Everton,away,0.9079629258517035,1.6912284,0.7832654638882868
3232,10688772,22/23,2023-02-04,1,18,Manchester United,Crystal Palace,home,2.066675101214575,1.7437217,-0.32295337765805643
3232,10688772,22/23,2023-02-04,18,1,Crystal Palace,Manchester United,away,1.352108108108108,1.0383335,-0.31377457291371114
3233,10385454,22/23,2023-02-04,3033,19,Wolverhampton,Liverpool FC,home,2.029599,1.2033643,-0.8262347469558717
3233,10385454,22/23,2023-02-04,19,3033,Liverpool FC,Wolverhampton,away,1.9260179104477613,1.6666222,-0.2593957485825269
3234,10385448,22/23,2023-02-04,12,9,Aston Villa,Leicester City,home,1.7197,1.7770495,0.057349541473388665
3234,10385448,22/23,2023-02-04,9,12,Leicester City,Aston Villa,away,2.5535035175879397,1.1922262,-1.3612773460944094
3235,10385440,22/23,2023-02-04,2275,769,Brighton & Hove Albion,Bournemouth,home,2.5203,2.0465949,-0.47370514183044454
3235,10385440,22/23,2023-02-04,769,2275,Bournemouth,Brighton & Hove Albion,away,1.1821,1.0679822,-0.1141178031921386
3236,10385446,22/23,2023-02-04,5301,20,Brentford,Southampton,home,2.1771,1.3644197,-0.8126803012847899
3236,10385446,22/23,2023-02-04,20,5301,Southampton,Brentford,away,0.6641,1.1900665,0.5259664567947387
3237,10385458,22/23,2023-02-04,21,7,Newcastle United,West Ham United,home,1.0056,1.655932,0.6503319496154785
3237,10385458,22/23,2023-02-04,7,21,West Ham United,Newcastle United,away,1.0079,1.0537741,0.045874118423461896
3238,10385459,22/23,2023-02-05,6072,4546,Nottingham Forest,Leeds United,home,0.3904,1.5849066,1.1945065780639648
3238,10385459,22/23,2023-02-05,4546,6072,Leeds United,Nottingham Forest,away,0.8854281407035176,1.107093,0.2216648358666118
3239,10385442,22/23,2023-02-05,8,22,Tottenham Hotspur,Manchester City,home,1.4443516483516483,1.4928484,0.04849674794962122
3239,10385442,22/23,2023-02-05,22,8,Manchester City,Tottenham Hotspur,away,1.312519558676028,1.7864292,0.47390960811779514
3240,11007089,22/23,2023-02-08,1,4546,Manchester United,Leeds United,home,2.0434,1.5904788,-0.4529212221145631
3240,11007089,22/23,2023-02-08,4546,1,Leeds United,Manchester United,away,0.6341,1.1532766,0.5191765626907349
3241,10385467,22/23,2023-02-11,7,24,West Ham United,Chelsea,home,1.2927,1.2809882,-0.011711783599853476
3241,10385467,22/23,2023-02-11,24,7,Chelsea,West Ham United,away,1.1456,1.1946974,0.04909738006591802
3242,10385451,22/23,2023-02-11,17,5301,Arsenal,Brentford,home,1.5537,1.7738528,0.22015282516479484
3242,10385451,22/23,2023-02-11,5301,17,Brentford,Arsenal,away,2.0093,1.1567134,-0.8525866334915162
3243,10385466,22/23,2023-02-11,9,8,Leicester City,Tottenham Hotspur,home,1.6717680722891566,1.4423715,-0.2293965846716639
3243,10385466,22/23,2023-02-11,8,9,Tottenham Hotspur,Leicester City,away,1.3644,1.5648159,0.20041587886810297
3244,10385468,22/23,2023-02-11,18,2275,Crystal Palace,Brighton & Hove Albion,home,1.079348743718593,1.1130818,0.033733069139988636
3244,10385468,22/23,2023-02-11,2275,18,Brighton & Hove Albion,Crystal Palace,away,2.4955,1.7587175,-0.7367824630737303
3245,10385461,22/23,2023-02-11,3027,6072,Fulham,Nottingham Forest,home,1.541826,1.2317734,-0.31005262353515617
3245,10385461,22/23,2023-02-11,6072,3027,Nottingham Forest,Fulham,away,0.658,1.3216643,0.6636643333435058
3246,10385457,22/23,2023-02-11,20,3033,Southampton,Wolverhampton,home,1.1540401203610833,1.4953879,0.34134779143548655
3246,10385457,22/23,2023-02-11,3033,20,Wolverhampton,Southampton,away,0.8831563169164882,1.0937793,0.21062300856874128
3247,10385460,22/23,2023-02-11,769,21,Bournemouth,Newcastle United,home,1.564,1.0889609,-0.47503911399841314
3247,10385460,22/23,2023-02-11,21,769,Newcastle United,Bournemouth,away,1.4337657657657659,1.6480609,0.21429515208854322
3248,10385464,22/23,2023-02-12,4546,1,Leeds United,Manchester United,home,1.825281407035176,1.2640924,-0.5611889616616408
3248,10385464,22/23,2023-02-12,1,4546,Manchester United,Leeds United,away,1.1179,1.4419912,0.3240912099838258
3249,10385452,22/23,2023-02-12,22,12,Manchester City,Aston Villa,home,3.34689648241206,2.0529716,-1.2939248809258541
3249,10385452,22/23,2023-02-12,12,22,Aston Villa,Manchester City,away,0.274,1.1265286,0.8525286207199096
3250,10385456,22/23,2023-02-13,19,10,Liverpool FC,Everton,home,2.3339,1.934922,-0.39897802009582506
3250,10385456,22/23,2023-02-13,10,19,Everton,Liverpool FC,away,0.3666,1.0911211,0.7245210775375366
3251,10913239,22/23,2023-02-15,17,22,Arsenal,Manchester City,home,1.622137724550898,1.8459905,0.22385281404620883
3251,10913239,22/23,2023-02-15,22,17,Manchester City,Arsenal,away,1.842433734939759,1.7217268,-0.12070695977038648
3252,10385462,22/23,2023-02-18,12,17,Aston Villa,Arsenal,home,0.5126,1.2195116,0.70691162815094
3252,10385462,22/23,2023-02-18,17,12,Arsenal,Aston Villa,away,3.2842,1.8508247,-1.4333752862930296
3253,10385465,22/23,2023-02-18,6072,22,Nottingham Forest,Manchester City,home,0.9493,1.1577861,0.20848613090515133
3253,10385465,22/23,2023-02-18,22,6072,Manchester City,Nottingham Forest,away,2.4857,1.652848,-0.8328519947052002
3254,10385472,22/23,2023-02-18,24,20,Chelsea,Southampton,home,1.576803536345776,1.5098312,-0.06697234623652304
3254,10385472,22/23,2023-02-18,20,24,Southampton,Chelsea,away,0.5897543859649123,1.0013397,0.4115852880310594
3255,10385463,22/23,2023-02-18,10,4546,Everton,Leeds United,home,1.5224,1.1925663,-0.3298337244033813
3255,10385463,22/23,2023-02-18,4546,10,Leeds United,Everton,away,0.5336050251256281,1.3691447,0.8355396529902166
3256,10385475,22/23,2023-02-18,2275,3027,Brighton & Hove Albion,Fulham,home,2.2246,2.113011,-0.1115891166687013
3256,10385475,22/23,2023-02-18,3027,2275,Fulham,Brighton & Hove Albion,away,0.3385,1.0733522,0.7348522176742553
3257,10385479,22/23,2023-02-18,3033,769,Wolverhampton,Bournemouth,home,1.2868,1.4492569,0.1624568969726563
3257,10385479,22/23,2023-02-18,769,3033,Bournemouth,Wolverhampton,away,1.0663600802407223,1.2019076,0.13554755449438516
3258,10385474,22/23,2023-02-18,5301,18,Brentford,Crystal Palace,home,0.8834457831325301,1.7863055,0.902859763628029
3258,10385474,22/23,2023-02-18,18,5301,Crystal Palace,Brentford,away,1.0907,1.0338366,-0.05686339683532715
3259,10385470,22/23,2023-02-18,21,19,Newcastle United,Liverpool FC,home,2.189596529284165,1.644735,-0.5448615506083225
3259,10385470,22/23,2023-02-18,19,21,Liverpool FC,Newcastle United,away,1.8675,1.4009866,-0.4665134477615356
3260,10652688,22/23,2023-02-19,1,9,Manchester United,Leicester City,home,4.468,2.266815,-2.201185052871704
3260,10652688,22/23,2023-02-19,9,1,Leicester City,Manchester United,away,1.6288,1.2782557,-0.35054429893493655
3261,10385477,22/23,2023-02-19,8,7,Tottenham Hotspur,West Ham United,home,1.5537,1.5059663,-0.04773369426727303
3261,10385477,22/23,2023-02-19,7,8,West Ham United,Tottenham Hotspur,away,0.4839,1.3293111,0.8454111324310303
3262,10385473,22/23,2023-02-24,3027,3033,Fulham,Wolverhampton,home,0.45565765765765764,1.4546314,0.9989737901343956
3262,10385473,22/23,2023-02-24,3033,3027,Wolverhampton,Fulham,away,0.7723783783783784,1.1452118,0.372833437455667
3263,10385480,22/23,2023-02-25,9,17,Leicester City,Arsenal,home,0.021768072289156625,1.217126,1.195357939559293
3263,10385480,22/23,2023-02-25,17,9,Arsenal,Leicester City,away,0.6605963855421687,1.9309809,1.2703845352494572
3264,10385471,22/23,2023-02-25,10,12,Everton,Aston Villa,home,1.7115,1.5250678,-0.18643219375610354
3264,10385471,22/23,2023-02-25,12,10,Aston Villa,Everton,away,1.938,1.1987103,-0.739289677619934
3265,10385482,22/23,2023-02-25,7,6072,West Ham United,Nottingham Forest,home,2.661576923076923,1.417745,-1.2438319289134099
3265,10385482,22/23,2023-02-25,6072,7,Nottingham Forest,West Ham United,away,0.41435170340681365,1.1361727,0.7218209488377543
3266,10385478,22/23,2023-02-25,4546,20,Leeds United,Southampton,home,0.8998463855421687,1.3723725,0.47252612250684256
3266,10385478,22/23,2023-02-25,20,4546,Southampton,Leeds United,away,0.3793,1.0679809,0.6886808855056763
3267,10385476,22/23,2023-02-25,769,22,Bournemouth,Manchester City,home,1.3163,1.169276,-0.14702400093078616
3267,10385476,22/23,2023-02-25,22,769,Manchester City,Bournemouth,away,2.5195,2.0038674,-0.5156326122283934
3268,10385486,22/23,2023-02-25,18,19,Crystal Palace,Liverpool FC,home,0.6965,1.2130581,0.5165581140518188
3268,10385486,22/23,2023-02-25,19,18,Liverpool FC,Crystal Palace,away,0.8932907444668008,1.7294487,0.8361579316425132
3269,10385488,22/23,2023-02-26,8,24,Tottenham Hotspur,Chelsea,home,0.7993,1.5365883,0.7372883111953735
3269,10385488,22/23,2023-02-26,24,8,Chelsea,Tottenham Hotspur,away,0.41338922155688623,1.281112,0.867722734085814
3270,11047751,22/23,2023-03-01,17,10,Arsenal,Everton,home,2.673,2.1336646,-0.5393353919982911
3270,11047751,22/23,2023-03-01,10,17,Everton,Arsenal,away,1.1979,0.9907104,-0.2071896223068237
3271,11047752,22/23,2023-03-01,19,3033,Liverpool FC,Wolverhampton,home,2.6076,2.0441203,-0.5634796882629396
3271,11047752,22/23,2023-03-01,3033,19,Wolverhampton,Liverpool FC,away,0.9158,0.9780866,0.06228659076690679
3272,10517280,22/23,2023-03-04,22,21,Manchester City,Newcastle United,home,1.3428,1.8377246,0.49492456645965577
3272,10517280,22/23,2023-03-04,21,22,Newcastle United,Manchester City,away,0.4285356783919598,1.2096099,0.7810741877503131
3273,10385495,22/23,2023-03-04,24,4546,Chelsea,Leeds United,home,1.444608,1.3878782,-0.056729820449828994
3273,10385495,22/23,2023-03-04,4546,24,Leeds United,Chelsea,away,1.0521,1.085345,0.03324502983093258
3274,10385490,22/23,2023-03-04,17,769,Arsenal,Bournemouth,home,2.180972972972973,2.187359,0.006386121646777987
3274,10385490,22/23,2023-03-04,769,17,Bournemouth,Arsenal,away,1.327,1.0123687,-0.3146313209533691
3275,10385492,22/23,2023-03-04,3033,8,Wolverhampton,Tottenham Hotspur,home,0.5262,1.1635829,0.6373829210281372
3275,10385492,22/23,2023-03-04,8,3033,Tottenham Hotspur,Wolverhampton,away,1.1945668341708544,1.4676552,0.2730883477139112
3276,10385487,22/23,2023-03-04,2275,7,Brighton & Hove Albion,West Ham United,home,3.666174348697395,1.9917265,-1.6744478310200877
3276,10385487,22/23,2023-03-04,7,2275,West Ham United,Brighton & Hove Albion,away,0.3305,1.0953141,0.7648141450881958
3277,10385485,22/23,2023-03-04,12,18,Aston Villa,Crystal Palace,home,1.190484939759036,1.4525453,0.26206034546587853
3277,10385485,22/23,2023-03-04,18,12,Crystal Palace,Aston Villa,away,0.17793243243243242,1.2020465,1.0241140811250016
3278,10385496,22/23,2023-03-04,20,9,Southampton,Leicester City,home,1.3761,1.5446044,0.16850442066192617
3278,10385496,22/23,2023-03-04,9,20,Leicester City,Southampton,away,1.9345,1.3247334,-0.6097666234970094
3279,10385507,22/23,2023-03-05,6072,10,Nottingham Forest,Everton,home,0.8735,1.3383416,0.46484159374237055
3279,10385507,22/23,2023-03-05,10,6072,Everton,Nottingham Forest,away,1.7038,1.4028691,-0.3009308946609497
3280,10652686,22/23,2023-03-05,19,1,Liverpool FC,Manchester United,home,2.7727967806841045,2.180767,-0.5920297213579326
3280,10652686,22/23,2023-03-05,1,19,Manchester United,Liverpool FC,away,0.8169989939637827,1.2587641,0.44176515379470116
3281,11014934,22/23,2023-03-06,5301,3027,Brentford,Fulham,home,2.162451292246521,1.4900447,-0.6724065792261964
3281,11014934,22/23,2023-03-06,3027,5301,Fulham,Brentford,away,1.600369306930693,1.1988804,-0.40148887289443813
3282,10385494,22/23,2023-03-11,769,19,Bournemouth,Liverpool FC,home,0.8492065868263473,1.1234875,0.2742808857078324
3282,10385494,22/23,2023-03-11,19,769,Liverpool FC,Bournemouth,away,1.7377680722891566,1.9843739,0.2466058548272374
3283,10385513,22/23,2023-03-11,9,24,Leicester City,Chelsea,home,2.5161338028169014,1.2826693,-1.2334644970155098
3283,10385513,22/23,2023-03-11,24,9,Chelsea,Leicester City,away,1.5551332665330662,1.4441978,-0.11093549259965552
3284,10385504,22/23,2023-03-11,8,6072,Tottenham Hotspur,Nottingham Forest,home,1.9649732142857144,1.9517509,-0.01322233976636622
3284,10385504,22/23,2023-03-11,6072,8,Nottingham Forest,Tottenham Hotspur,away,1.5361,0.9967781,-0.5393219290733338
3285,10385516,22/23,2023-03-11,10,5301,Everton,Brentford,home,1.0347289156626507,1.270464,0.23573502781879463
3285,10385516,22/23,2023-03-11,5301,10,Brentford,Everton,away,2.0900331325301207,1.4314802,-0.658552963233856
3286,10385515,22/23,2023-03-11,4546,2275,Leeds United,Brighton & Hove Albion,home,1.6527527638190955,1.135665,-0.5170877047294349
3286,10385515,22/23,2023-03-11,2275,4546,Brighton & Hove Albion,Leeds United,away,1.8942,1.7998515,-0.09434846324920665
3287,10385499,22/23,2023-03-11,18,22,Crystal Palace,Manchester City,home,0.2112,1.0788547,0.8676546800613403
3287,10385499,22/23,2023-03-11,22,18,Manchester City,Crystal Palace,away,2.093,1.8196318,-0.27336818504333493
3288,10652679,22/23,2023-03-12,1,20,Manchester United,Southampton,home,0.9089132762312634,1.9269391,1.0180258535981435
3288,10652679,22/23,2023-03-12,20,1,Southampton,Manchester United,away,1.101648893360161,1.1915998,0.08995095252606955
3289,10385512,22/23,2023-03-12,3027,17,Fulham,Arsenal,home,0.8489,1.1135567,0.26465674266815187
3289,10385512,22/23,2023-03-12,17,3027,Arsenal,Fulham,away,2.375,1.8011491,-0.5738508701324463
3290,10385517,22/23,2023-03-12,7,12,West Ham United,Aston Villa,home,2.2063991975927784,1.4802984,-0.7261007976675464
3290,10385517,22/23,2023-03-12,12,7,Aston Villa,West Ham United,away,1.5697011033099297,1.3101875,-0.25951364431792534
3291,10385505,22/23,2023-03-12,21,3033,Newcastle United,Wolverhampton,home,1.8157951807228916,1.6170667,-0.19872843973320653
3291,10385505,22/23,2023-03-12,3033,21,Wolverhampton,Newcastle United,away,1.111,1.0447247,-0.06627529716491698
3292,11055512,22/23,2023-03-15,2275,18,Brighton & Hove Albion,Crystal Palace,home,0.5910535714285714,2.1437595,1.5527059176308768
3292,11055512,22/23,2023-03-15,18,2275,Crystal Palace,Brighton & Hove Albion,away,1.1961,0.9652698,-0.23083019599914545
3293,11055513,22/23,2023-03-15,20,5301,Southampton,Brentford,home,0.5175,1.2274635,0.7099634838104248
3293,11055513,22/23,2023-03-15,5301,20,Brentford,Southampton,away,1.9762,1.3722732,-0.6039267932891845
3294,10385521,22/23,2023-03-17,6072,21,Nottingham Forest,Newcastle United,home,0.3693,1.2065122,0.8372122127532959
3294,10385521,22/23,2023-03-17,21,6072,Newcastle United,Nottingham Forest,away,2.4532972972972975,1.6553065,-0.7979908388240919
3295,10385544,22/23,2023-03-18,20,8,Southampton,Tottenham Hotspur,home,2.5123,1.1480852,-1.3642147634506228
3295,10385544,22/23,2023-03-18,8,20,Tottenham Hotspur,Southampton,away,2.2252410714285715,1.5561811,-0.6690599982397898
3296,10385529,22/23,2023-03-18,5301,9,Brentford,Leicester City,home,0.6389092741935484,1.7418063,1.1028969944984683
3296,10385529,22/23,2023-03-18,9,5301,Leicester City,Brentford,away,1.3535,1.1390761,-0.21442388629913323
3297,10385540,22/23,2023-03-18,3033,4546,Wolverhampton,Leeds United,home,2.814356707317073,1.2104697,-1.6038869845692703
3297,10385540,22/23,2023-03-18,4546,3033,Leeds United,Wolverhampton,away,1.6179,1.307885,-0.3100149492263793
3298,10385536,22/23,2023-03-18,12,769,Aston Villa,Bournemouth,home,3.6845,1.715463,-1.9690369577407836
3298,10385536,22/23,2023-03-18,769,12,Bournemouth,Aston Villa,away,1.3567,1.1864312,-0.17026883049011232
3299,10385526,22/23,2023-03-18,24,10,Chelsea,Everton,home,2.34537125748503,1.5541674,-0.7912038676153399
3299,10385526,22/23,2023-03-18,10,24,Everton,Chelsea,away,1.2659277108433735,1.1618723,-0.10405544312029003
3300,10385522,22/23,2023-03-19,17,18,Arsenal,Crystal Palace,home,1.5483323353293412,2.0105357,0.4622033816811568
3300,10385522,22/23,2023-03-19,18,17,Crystal Palace,Arsenal,away,0.7844,0.9700018,0.18560181674957277
3301,10385561,22/23,2023-04-01,22,19,Manchester City,Liverpool FC,home,2.949682092555332,1.8929698,-1.0567122458298681
3301,10385561,22/23,2023-04-01,19,22,Liverpool FC,Manchester City,away,0.3308,1.3586102,1.0278101531982422
3302,10385553,22/23,2023-04-01,17,4546,Arsenal,Leeds United,home,3.7200358208955224,2.3033078,-1.4167280492127832
3302,10385553,22/23,2023-04-01,4546,17,Leeds United,Arsenal,away,0.7169788944723618,1.0220771,0.30509818911528463
3303,10385545,22/23,2023-04-01,18,9,Crystal Palace,Leicester City,home,2.4033343373493974,1.3944418,-1.0088924943165605
3303,10385545,22/23,2023-04-01,9,18,Leicester City,Crystal Palace,away,0.2197,1.240251,1.0205509450912476
3304,10385534,22/23,2023-04-01,2275,5301,Brighton & Hove Albion,Brentford,home,4.408852589641434,1.8780513,-2.530801308666092
3304,10385534,22/23,2023-04-01,5301,2275,Brentford,Brighton & Hove Albion,away,1.584,1.1293501,-0.4546499338150025
3305,10385560,22/23,2023-04-01,6072,3033,Nottingham Forest,Wolverhampton,home,1.333437125748503,1.3126743,-0.020762841767179685
3305,10385560,22/23,2023-04-01,3033,6072,Wolverhampton,Nottingham Forest,away,0.4859,1.3975693,0.9116692987442017
3306,10385541,22/23,2023-04-01,769,3027,Bournemouth,Fulham,home,2.8791,1.4508548,-1.4282452217102053
3306,10385541,22/23,2023-04-01,3027,769,Fulham,Bournemouth,away,0.8387168674698795,1.2843157,0.44559883782949794
3307,10385535,22/23,2023-04-01,24,12,Chelsea,Aston Villa,home,2.1967,1.5906892,-0.6060108177185057
3307,10385535,22/23,2023-04-01,12,24,Aston Villa,Chelsea,away,0.910183734939759,1.1919609,0.28177719588452077
3308,10385555,22/23,2023-04-02,7,20,West Ham United,Southampton,home,1.4032,1.4508805,0.04768052749633789
3308,10385555,22/23,2023-04-02,20,7,Southampton,West Ham United,away,0.3068,1.1297048,0.8229048330307007
3309,10385558,22/23,2023-04-02,21,1,Newcastle United,Manchester United,home,3.8115,1.8011642,-2.010335849761963
3309,10385558,22/23,2023-04-02,1,21,Manchester United,Newcastle United,away,0.4217874251497006,1.2221831,0.8003956831800724
3310,10385542,22/23,2023-04-03,10,8,Everton,Tottenham Hotspur,home,0.9241018518518519,1.2041813,0.2800794616628576
3310,10385542,22/23,2023-04-03,8,10,Tottenham Hotspur,Everton,away,1.4411113360323886,1.5391405,0.0980291268429776
3311,11077466,22/23,2023-04-04,9,12,Leicester City,Aston Villa,home,0.47858444216990786,1.3741995,0.8956150674507586
3311,11077466,22/23,2023-04-04,12,9,Aston Villa,Leicester City,away,0.9977359050445104,1.3761828,0.3784468895264125
3312,11077461,22/23,2023-04-04,4546,6072,Leeds United,Nottingham Forest,home,1.883,1.4099526,-0.47304735946655274
3312,11077461,22/23,2023-04-04,6072,4546,Nottingham Forest,Leeds United,away,0.8105,1.2228327,0.41233267974853516
3313,11077408,22/23,2023-04-04,769,2275,Bournemouth,Brighton & Hove Albion,home,1.7189376854599407,1.2389423,-0.47999541994938166
3313,11077408,22/23,2023-04-04,2275,769,Brighton & Hove Albion,Bournemouth,away,2.6703,2.105259,-0.5650410583496095
3314,11077468,22/23,2023-04-04,24,19,Chelsea,Liverpool FC,home,2.154343373493976,1.4194963,-0.7348470756576724
3314,11077468,22/23,2023-04-04,19,24,Liverpool FC,Chelsea,away,0.3502,1.3706012,1.020401177215576
3315,11077474,22/23,2023-04-05,1,5301,Manchester United,Brentford,home,1.1973527638190955,1.7274162,0.5300633939033776
3315,11077474,22/23,2023-04-05,5301,1,Brentford,Manchester United,away,0.7143,1.3126985,0.598398483467102
3316,11077467,22/23,2023-04-05,7,21,West Ham United,Newcastle United,home,0.9803,1.1760582,0.19575817317962652
3316,11077467,22/23,2023-04-05,21,7,Newcastle United,West Ham United,away,3.255813,1.5997444,-1.6560685608749388
3317,10385578,22/23,2023-04-08,1,10,Manchester United,Everton,home,3.4728,1.7389326,-1.7338673904418944
3317,10385578,22/23,2023-04-08,10,1,Everton,Manchester United,away,1.0218,1.3245988,0.30279878921508785
3318,10385571,22/23,2023-04-08,3033,24,Wolverhampton,Chelsea,home,0.5511,1.1778765,0.6267764724731445
3318,10385571,22/23,2023-04-08,24,3033,Chelsea,Wolverhampton,away,1.1279,1.6073349,0.479434852218628
3319,10385562,22/23,2023-04-08,8,2275,Tottenham Hotspur,Brighton & Hove Albion,home,0.8244704112337011,1.4908215,0.6663510695173365
3319,10385562,22/23,2023-04-08,2275,8,Brighton & Hove Albion,Tottenham Hotspur,away,1.4238324974924774,1.7944204,0.37058786402638244
3320,10385548,22/23,2023-04-08,5301,21,Brentford,Newcastle United,home,2.5734,1.186936,-1.3864639791488647
3320,10385548,22/23,2023-04-08,21,5301,Newcastle United,Brentford,away,1.2976813186813188,1.7962477,0.49856640203706504
3321,10385550,22/23,2023-04-08,3027,7,Fulham,West Ham United,home,0.673992,1.3731947,0.6992026945190429
3321,10385550,22/23,2023-04-08,7,3027,West Ham United,Fulham,away,1.094,1.397851,0.3038509902954101
3322,10385570,22/23,2023-04-08,9,769,Leicester City,Bournemouth,home,0.5816,1.4975202,0.9159202083587646
3322,10385570,22/23,2023-04-08,769,9,Bournemouth,Leicester City,away,2.0681765295887664,1.2831376,-0.7850389696980193
3323,10385549,22/23,2023-04-08,12,6072,Aston Villa,Nottingham Forest,home,1.2972,1.6885539,0.39135392932891855
3323,10385549,22/23,2023-04-08,6072,12,Nottingham Forest,Aston Villa,away,0.24920689655172415,1.0237696,0.7745627205289644
3324,10385580,22/23,2023-04-08,20,22,Southampton,Manchester City,home,0.4051,1.0417038,0.6366038202285766
3324,10385580,22/23,2023-04-08,22,20,Manchester City,Southampton,away,2.91,2.0524445,-0.8575555419921876
3325,10385546,22/23,2023-04-09,4546,18,Leeds United,Crystal Palace,home,0.9259,1.2871003,0.3612003150939942
3325,10385546,22/23,2023-04-09,18,4546,Crystal Palace,Leeds United,away,3.134801204819277,1.3131254,-1.8216758328862936
3326,10385572,22/23,2023-04-09,19,17,Liverpool FC,Arsenal,home,3.9579,1.5734341,-2.384465885543823
3326,10385572,22/23,2023-04-09,17,19,Arsenal,Liverpool FC,away,1.3955325977933801,1.6122719,0.2167393071519934
3327,10385566,22/23,2023-04-15,12,21,Aston Villa,Newcastle United,home,1.9192070351758794,1.3131766,-0.6060304032483892
3327,10385566,22/23,2023-04-15,21,12,Newcastle United,Aston Villa,away,0.5199,1.5598742,1.039974176979065
3328,10385565,22/23,2023-04-15,24,2275,Chelsea,Brighton & Hove Albion,home,0.5424,1.5526283,1.0102282787322998
3328,10385565,22/23,2023-04-15,2275,24,Brighton & Hove Albion,Chelsea,away,3.0561171171171173,1.6733353,-1.3827818033201202
3329,10385583,22/23,2023-04-15,10,3027,Everton,Fulham,home,1.5285,1.5200095,-0.008490482330322235
3329,10385583,22/23,2023-04-15,3027,10,Fulham,Everton,away,1.812285857572718,1.2469958,-0.5652900508786873
3330,10385589,22/23,2023-04-15,3033,5301,Wolverhampton,Brentford,home,0.7611,1.4357456,0.6746455968856812
3330,10385589,22/23,2023-04-15,5301,3033,Brentford,Wolverhampton,away,1.1677,1.4468471,0.27914708118438725
3331,10385581,22/23,2023-04-15,20,18,Southampton,Crystal Palace,home,0.7769,1.1622577,0.38535767135620114
3331,10385581,22/23,2023-04-15,18,20,Crystal Palace,Southampton,away,0.8636317365269461,1.3640842,0.5004525072474679
3332,10385575,22/23,2023-04-15,8,769,Tottenham Hotspur,Bournemouth,home,2.2274,1.7984014,-0.4289986442565916
3332,10385575,22/23,2023-04-15,769,8,Bournemouth,Tottenham Hotspur,away,1.3085,1.2585472,-0.04995281314849853
3333,10385586,22/23,2023-04-15,22,9,Manchester City,Leicester City,home,2.0618,2.2262344,0.1644344360351564
3333,10385586,22/23,2023-04-15,9,22,Leicester City,Manchester City,away,2.4638,1.0661013,-1.3976986873626709
3334,10385579,22/23,2023-04-16,7,17,West Ham United,Arsenal,home,1.71675,1.2296749,-0.48707506465911865
3334,10385579,22/23,2023-04-16,17,7,Arsenal,West Ham United,away,2.5756875,1.9088104,-0.6668771228790282
3335,10385587,22/23,2023-04-16,6072,1,Nottingham Forest,Manchester United,home,0.7343,1.3823596,0.6480596239089966
3335,10385587,22/23,2023-04-16,1,6072,Manchester United,Nottingham Forest,away,3.8858,1.5576519,-2.328148122596741
3336,10385584,22/23,2023-04-17,4546,19,Leeds United,Liverpool FC,home,1.3796,1.3013985,-0.07820148429870599
3336,10385584,22/23,2023-04-17,19,4546,Liverpool FC,Leeds United,away,2.7128984924623114,1.9692935,-0.7436050173112494
3337,10385607,22/23,2023-04-21,17,20,Arsenal,Southampton,home,2.568555,2.0610628,-0.5074921871948241
3337,10385607,22/23,2023-04-21,20,17,Southampton,Arsenal,away,1.324323,1.1022062,-0.2221167698364257
3338,10385592,22/23,2023-04-22,3027,4546,Fulham,Leeds United,home,1.642909900990099,1.4999554,-0.14295448526439092
3338,10385592,22/23,2023-04-22,4546,3027,Leeds United,Fulham,away,0.8896,1.2902733,0.40067330875396734
3339,10385597,22/23,2023-04-22,19,6072,Liverpool FC,Nottingham Forest,home,2.844,2.2179542,-0.6260458412170409
3339,10385597,22/23,2023-04-22,6072,19,Nottingham Forest,Liverpool FC,away,0.8368839285714286,1.029388,0.19250402232578823
3340,10385593,22/23,2023-04-22,9,3033,Leicester City,Wolverhampton,home,2.4539065326633165,1.415408,-1.0384985174121568
3340,10385593,22/23,2023-04-22,3033,9,Wolverhampton,Leicester City,away,0.898462311557789,1.2530316,0.3545692998847769
3341,10385601,22/23,2023-04-22,5301,12,Brentford,Aston Villa,home,2.7378,1.2699115,-1.467888472366333
3341,10385601,22/23,2023-04-22,12,5301,Aston Villa,Brentford,away,1.7352,1.5372736,-0.1979263545989991
3342,10385594,22/23,2023-04-22,18,10,Crystal Palace,Everton,home,0.5056,1.591381,1.0857809537887573
3342,10385594,22/23,2023-04-22,10,18,Everton,Crystal Palace,away,0.39650510204081635,0.96704775,0.5705426489090433
3343,10385610,22/23,2023-04-23,21,8,Newcastle United,Tottenham Hotspur,home,3.8938,2.0140603,-1.8797397411346437
3343,10385610,22/23,2023-04-23,8,21,Tottenham Hotspur,Newcastle United,away,1.026950704225352,1.1613915,0.13444079243297313
3344,10385596,22/23,2023-04-23,769,7,Bournemouth,West Ham United,home,1.5234,1.4286433,-0.09475665416717538
3344,10385596,22/23,2023-04-23,7,769,West Ham United,Bournemouth,away,2.41902615694165,1.342029,-1.0769971814548946
3345,10385613,22/23,2023-04-25,3033,18,Wolverhampton,Crystal Palace,home,1.3587,1.1080471,-0.25065287227630617
3345,10385613,22/23,2023-04-25,18,3033,Crystal Palace,Wolverhampton,away,0.7732,1.1800567,0.40685669116973877
3346,10385630,22/23,2023-04-25,12,3027,Aston Villa,Fulham,home,1.012762048192771,1.5834926,0.570730588487832
3346,10385630,22/23,2023-04-25,3027,12,Fulham,Aston Villa,away,0.10078915662650602,1.0305929,0.9298037617694901
3347,10385621,22/23,2023-04-25,4546,9,Leeds United,Leicester City,home,1.6803,1.4928561,-0.18744385509490957
3347,10385621,22/23,2023-04-25,9,4546,Leicester City,Leeds United,away,2.1937,1.3218079,-0.8718921386718752
3348,10385602,22/23,2023-04-26,6072,2275,Nottingham Forest,Brighton & Hove Albion,home,2.39609552238806,1.122338,-1.2737574658237287
3348,10385602,22/23,2023-04-26,2275,6072,Brighton & Hove Albion,Nottingham Forest,away,2.3335432835820895,2.0792508,-0.25429247105157193
3349,10385616,22/23,2023-04-26,7,19,West Ham United,Liverpool FC,home,0.8019,1.400795,0.5988949829101563
3349,10385616,22/23,2023-04-26,19,7,Liverpool FC,West Ham United,away,2.116946680080483,1.7479415,-0.3690051860924459
3350,10385633,22/23,2023-04-26,24,5301,Chelsea,Brentford,home,1.2716,1.785756,0.5141559919357299
3350,10385633,22/23,2023-04-26,5301,24,Brentford,Chelsea,away,1.139843216080402,1.1563411,0.01649785981681484
3351,10385636,22/23,2023-04-26,22,17,Manchester City,Arsenal,home,2.5101514543630894,2.1795142,-0.33063728467009623
3351,10385636,22/23,2023-04-26,17,22,Arsenal,Manchester City,away,0.4809,1.2811724,0.8002723947525024
3352,10385612,22/23,2023-04-27,10,21,Everton,Newcastle United,home,0.8682,1.1650033,0.2968032997131348
3352,10385612,22/23,2023-04-27,21,10,Newcastle United,Everton,away,2.411046,1.9833977,-0.4276482777557371
3353,10385628,22/23,2023-04-27,20,769,Southampton,Bournemouth,home,0.5355,1.3351932,0.799693157196045
3353,10385628,22/23,2023-04-27,769,20,Bournemouth,Southampton,away,0.9531,1.352406,0.3993060249328614
3354,10385604,22/23,2023-04-27,8,1,Tottenham Hotspur,Manchester United,home,2.4704231155778893,1.5566148,-0.9138083589937218
3354,10385604,22/23,2023-04-27,1,8,Manchester United,Tottenham Hotspur,away,2.0698,1.830597,-0.2392029569625853
3355,10385640,22/23,2023-04-29,18,7,Crystal Palace,West Ham United,home,2.112198198198198,1.5220567,-0.5901414993990648
3355,10385640,22/23,2023-04-29,7,18,West Ham United,Crystal Palace,away,1.8429459459459459,1.0825726,-0.7603733665620958
3356,10385622,22/23,2023-04-29,2275,3033,Brighton & Hove Albion,Wolverhampton,home,3.3392,2.3391745,-1.000025490951538
3356,10385622,22/23,2023-04-29,3033,2275,Wolverhampton,Brighton & Hove Albion,away,0.7490302114803625,1.0022887,0.2532584876697229
3357,10385619,22/23,2023-04-29,5301,6072,Brentford,Nottingham Forest,home,1.6987,1.6933386,-0.005361367416381935
3357,10385619,22/23,2023-04-29,6072,5301,Nottingham Forest,Brentford,away,0.7243316481294236,1.0015069,0.2771752764997878
3358,10385632,22/23,2023-04-30,1,12,Manchester United,Aston Villa,home,1.2385846613545817,1.8485857,0.6100010634760458
3358,10385632,22/23,2023-04-30,12,1,Aston Villa,Manchester United,away,0.5554,1.4055192,0.8501192470550537
3359,10385638,22/23,2023-04-30,3027,22,Fulham,Manchester City,home,0.1857,1.0840417,0.898341714668274
3359,10385638,22/23,2023-04-30,22,3027,Manchester City,Fulham,away,2.5519,1.891464,-0.6604360050201414
3360,10385645,22/23,2023-04-30,21,20,Newcastle United,Southampton,home,4.7803,2.2680006,-2.5122993972778325
3360,10385645,22/23,2023-04-30,20,21,Southampton,Newcastle United,away,0.8311,1.0266242,0.19552420272827153
3361,10385625,22/23,2023-04-30,769,4546,Bournemouth,Leeds United,home,1.9343456175298805,1.49499,-0.43935562634183123
3361,10385625,22/23,2023-04-30,4546,769,Leeds United,Bournemouth,away,1.6819,1.3027257,-0.37917432727813716
3362,10385647,22/23,2023-04-30,19,8,Liverpool FC,Tottenham Hotspur,home,2.1865310621242484,2.1611018,-0.025429244039531618
3362,10385647,22/23,2023-04-30,8,19,Tottenham Hotspur,Liverpool FC,away,1.984695652173913,1.25905,-0.7256456405390863
3363,10385652,22/23,2023-05-01,9,10,Leicester City,Everton,home,3.4648,1.7316155,-1.7331844566345214
3363,10385652,22/23,2023-05-01,10,9,Everton,Leicester City,away,3.1304,1.289014,-1.841386018180847
3364,11205391,22/23,2023-05-02,17,24,Arsenal,Chelsea,home,1.7370449101796408,1.6580637,-0.07898126004841521
3364,11205391,22/23,2023-05-02,24,17,Chelsea,Arsenal,away,0.7509487951807229,1.5081282,0.7571793710180076
3365,11157238,22/23,2023-05-03,22,7,Manchester City,West Ham United,home,2.3025,2.2218158,-0.08068417549133322
3365,11157238,22/23,2023-05-03,7,22,West Ham United,Manchester City,away,0.4366,1.0741477,0.6375477012634277
3366,11157124,22/23,2023-05-03,19,3027,Liverpool FC,Fulham,home,1.8056417910447762,2.0542536,0.24861178714125898
3366,11157124,22/23,2023-05-03,3027,19,Fulham,Liverpool FC,away,0.8695,1.0129334,0.14343337345123286
3367,11157237,22/23,2023-05-04,2275,1,Brighton & Hove Albion,Manchester United,home,2.2936,2.107423,-0.18617693290710458
3367,11157237,22/23,2023-05-04,1,2275,Manchester United,Brighton & Hove Albion,away,1.408275,1.4837778,0.07550276145935064
3368,10385655,22/23,2023-05-06,22,4546,Manchester City,Leeds United,home,2.550144578313253,2.13179,-0.4183546555990194
3368,10385655,22/23,2023-05-06,4546,22,Leeds United,Manchester City,away,0.2257,1.0215633,0.7958632915496826
3369,10385637,22/23,2023-05-06,769,24,Bournemouth,Chelsea,home,1.273536,1.3337346,0.06019863153839111
3369,10385637,22/23,2023-05-06,24,769,Chelsea,Bournemouth,away,1.3385396984924622,1.4607462,0.12220647059780876
3370,10385651,22/23,2023-05-06,8,18,Tottenham Hotspur,Crystal Palace,home,0.873605421686747,1.4781069,0.6045014346593833
3370,10385651,22/23,2023-05-06,18,8,Crystal Palace,Tottenham Hotspur,away,0.3595210843373494,1.3308086,0.9712875551890178
3371,10385662,22/23,2023-05-06,3033,12,Wolverhampton,Aston Villa,home,0.7536710130391173,1.1684917,0.41482070811414196
3371,10385662,22/23,2023-05-06,12,3033,Aston Villa,Wolverhampton,away,1.463990990990991,1.532167,0.06817596686423366
3372,10385654,22/23,2023-05-06,19,5301,Liverpool FC,Brentford,home,2.2387,1.8314404,-0.4072595512390138
3372,10385654,22/23,2023-05-06,5301,19,Brentford,Liverpool FC,away,0.1972,1.163355,0.9661549928665161
3373,10385658,22/23,2023-05-07,21,17,Newcastle United,Arsenal,home,1.3153,2.0208747,0.7055747386932374
3373,10385658,22/23,2023-05-07,17,21,Arsenal,Newcastle United,away,1.250910358565737,1.474273,0.22336260781915063
3374,10385646,22/23,2023-05-07,7,1,West Ham United,Manchester United,home,1.28997,1.2829822,-0.006987769813537659
3374,10385646,22/23,2023-05-07,1,7,Manchester United,West Ham United,away,1.160750495049505,1.8347511,0.6740006341008857
3375,10385660,22/23,2023-05-08,3027,9,Fulham,Leicester City,home,1.6523,1.4520744,-0.20022559146881114
3375,10385660,22/23,2023-05-08,9,3027,Leicester City,Fulham,away,3.2153,1.46547,-1.7498300436019898
3376,11155330,22/23,2023-05-08,2275,10,Brighton & Hove Albion,Everton,home,3.4778,2.4952826,-0.9825173500061033
3376,11155330,22/23,2023-05-08,10,2275,Everton,Brighton & Hove Albion,away,2.2414741550695827,1.1087966,-1.132677558542483
3377,10385650,22/23,2023-05-08,6072,20,Nottingham Forest,Southampton,home,1.8014,1.5635042,-0.2378957809448241
3377,10385650,22/23,2023-05-08,20,6072,Southampton,Nottingham Forest,away,3.2618,1.3066229,-1.955177137184143
3378,10385683,22/23,2023-05-13,4546,21,Leeds United,Newcastle United,home,2.1226472945891786,1.1797483,-0.9428989978515077
3378,10385683,22/23,2023-05-13,21,4546,Newcastle United,Leeds United,away,2.2728294884653963,1.8953623,-0.37746723050793785
3379,10385702,22/23,2023-05-13,1,3033,Manchester United,Wolverhampton,home,3.2,2.1512978,-1.0487021923065187
3379,10385702,22/23,2023-05-13,3033,1,Wolverhampton,Manchester United,away,0.332,1.0195391,0.6875391178131103
3380,10385697,22/23,2023-05-13,24,6072,Chelsea,Nottingham Forest,home,1.1748,1.7213193,0.5465193178176879
3380,10385697,22/23,2023-05-13,6072,24,Nottingham Forest,Chelsea,away,1.294156626506024,1.1468687,-0.1472879207565123
3381,10385694,22/23,2023-05-13,12,8,Aston Villa,Tottenham Hotspur,home,1.1766,1.6658496,0.48924956645965567
3381,10385694,22/23,2023-05-13,8,12,Tottenham Hotspur,Aston Villa,away,1.3557141424272818,1.2401184,-0.11559575806601474
3382,10385698,22/23,2023-05-13,20,3027,Southampton,Fulham,home,0.3535,1.5358919,1.182391890525818
3382,10385698,22/23,2023-05-13,3027,20,Fulham,Southampton,away,1.3979,1.24291,-0.15498997249603264
3383,10385681,22/23,2023-05-13,18,769,Crystal Palace,Bournemouth,home,1.5529,1.4629871,-0.08991293468475337
3383,10385681,22/23,2023-05-13,769,18,Bournemouth,Crystal Palace,away,0.3114,1.1892251,0.8778250776290893
3384,10385685,22/23,2023-05-14,10,22,Everton,Manchester City,home,1.859,1.227533,-0.6314670171737671
3384,10385685,22/23,2023-05-14,22,10,Manchester City,Everton,away,0.7554,2.0367553,1.2813553234100343
3385,10385688,22/23,2023-05-14,5301,7,Brentford,West Ham United,home,3.867026946107784,1.6836435,-2.1833834858340415
3385,10385688,22/23,2023-05-14,7,5301,West Ham United,Brentford,away,0.22742168674698796,1.1657406,0.9383189224220184
3386,10385684,22/23,2023-05-14,17,2275,Arsenal,Brighton & Hove Albion,home,0.9195,1.7695277,0.8500276737213135
3386,10385684,22/23,2023-05-14,2275,17,Brighton & Hove Albion,Arsenal,away,1.7313,1.8361256,0.10482561225891107
3387,11196472,22/23,2023-05-15,9,19,Leicester City,Liverpool FC,home,0.4095,1.2599592,0.8504592208862305
3387,11196472,22/23,2023-05-15,19,9,Liverpool FC,Leicester City,away,2.142244466800805,1.9482421,-0.1940023985100945
3388,11227333,22/23,2023-05-18,21,2275,Newcastle United,Brighton & Hove Albion,home,3.6765,2.1546528,-1.5218471660614012
3388,11227333,22/23,2023-05-18,2275,21,Brighton & Hove Albion,Newcastle United,away,0.5043153153153153,1.4416382,0.9373229159621506
3389,10385723,22/23,2023-05-20,8,5301,Tottenham Hotspur,Brentford,home,1.740717,1.4813241,-0.2593929233474732
3389,10385723,22/23,2023-05-20,5301,8,Brentford,Tottenham Hotspur,away,1.2013306930693068,1.3985933,0.19726261347213603
3390,10385703,22/23,2023-05-20,769,1,Bournemouth,Manchester United,home,1.0145,1.2312497,0.2167496900558472
3390,10385703,22/23,2023-05-20,1,769,Manchester United,Bournemouth,away,1.397484,1.7308882,0.33340424748992925
3391,10385690,22/23,2023-05-20,19,12,Liverpool FC,Aston Villa,home,0.7466,1.8068738,1.0602737983703614
3391,10385690,22/23,2023-05-20,12,19,Aston Villa,Liverpool FC,away,1.32075,1.1666644,-0.15408563804626474
3392,10385716,22/23,2023-05-20,3033,10,Wolverhampton,Everton,home,1.6276304347826087,1.444752,-0.1828784568620765
3392,10385716,22/23,2023-05-20,10,3033,Everton,Wolverhampton,away,1.9889,1.4701031,-0.518796855354309
3393,10385691,22/23,2023-05-20,3027,18,Fulham,Crystal Palace,home,1.6683,1.1972731,-0.4710268648147582
3393,10385691,22/23,2023-05-20,18,3027,Crystal Palace,Fulham,away,1.5525,1.3411262,-0.2113737964630127
3394,10385719,22/23,2023-05-20,6072,17,Nottingham Forest,Arsenal,home,0.5543,1.2031643,0.6488643390655517
3394,10385719,22/23,2023-05-20,17,6072,Arsenal,Nottingham Forest,away,0.6423,1.7446427,1.1023427345275878
3395,10385722,22/23,2023-05-21,7,4546,West Ham United,Leeds United,home,2.126421,1.560185,-0.5662360444030763
3395,10385722,22/23,2023-05-21,4546,7,Leeds United,West Ham United,away,0.8773752475247525,1.356267,0.47889172787807954
3396,10385714,22/23,2023-05-21,2275,20,Brighton & Hove Albion,Southampton,home,2.49135223880597,2.4297059,-0.0616463805753793
3396,10385714,22/23,2023-05-21,20,2275,Southampton,Brighton & Hove Albion,away,0.5984639278557115,1.2180433,0.6195793994758315
3397,10385699,22/23,2023-05-21,22,24,Manchester City,Chelsea,home,1.1924,2.1954808,1.0030808235168458
3397,10385699,22/23,2023-05-21,24,22,Chelsea,Manchester City,away,1.2404879275653924,1.1156564,-0.12483155168038262
3398,11227334,22/23,2023-05-22,21,9,Newcastle United,Leicester City,home,2.191816265060241,2.281367,0.08955079846209779
3398,11227334,22/23,2023-05-22,9,21,Leicester City,Newcastle United,away,0.0914,1.0626959,0.9712958608627319
3399,11230172,22/23,2023-05-24,2275,22,Brighton & Hove Albion,Manchester City,home,2.3653,1.9011928,-0.46410721569061275
3399,11230172,22/23,2023-05-24,22,2275,Manchester City,Brighton & Hove Albion,away,1.805463,1.8758906,0.07042761260223385
3400,11230171,22/23,2023-05-25,1,24,Manchester United,Chelsea,home,5.226682092555332,2.2366836,-2.9899984854538912
3400,11230171,22/23,2023-05-25,24,1,Chelsea,Manchester United,away,1.9449,1.3299769,-0.6149230836868287
3401,10385717,22/23,2023-05-28,1,3027,Manchester United,Fulham,home,2.874780904522613,2.3203511,-0.5544297807127987
3401,10385717,22/23,2023-05-28,3027,1,Fulham,Manchester United,away,1.8016,1.0686667,-0.7329333034515382
3402,10385711,22/23,2023-05-28,5301,22,Brentford,Manchester City,home,1.266,1.3172885,0.05128851795196532
3402,10385711,22/23,2023-05-28,22,5301,Manchester City,Brentford,away,1.9209,1.8180622,-0.10283781375885015
3403,10385731,22/23,2023-05-28,20,19,Southampton,Liverpool FC,home,1.8373061630218688,1.1326022,-0.7047039482086364
3403,10385731,22/23,2023-05-28,19,20,Liverpool FC,Southampton,away,4.0511,2.2813814,-1.769718631362915
3404,10385709,22/23,2023-05-28,24,21,Chelsea,Newcastle United,home,2.2692,1.3405507,-0.928649338912964
3404,10385709,22/23,2023-05-28,21,24,Newcastle United,Chelsea,away,1.7459,1.8890076,0.143107568359375
3405,10385712,22/23,2023-05-28,17,3033,Arsenal,Wolverhampton,home,2.8124,1.8958833,-0.9165166782379148
3405,10385712,22/23,2023-05-28,3033,17,Wolverhampton,Arsenal,away,0.4497286432160804,0.99535143,0.5456227905378869
3406,10385726,22/23,2023-05-28,4546,8,Leeds United,Tottenham Hotspur,home,1.4878825301204819,1.2164977,-0.27138487043725434
3406,10385726,22/23,2023-05-28,8,4546,Tottenham Hotspur,Leeds United,away,2.1594748490945674,1.6355932,-0.5238816732065059
3407,10385733,22/23,2023-05-28,9,7,Leicester City,West Ham United,home,1.4203,1.5777463,0.15744627208709727
3407,10385733,22/23,2023-05-28,7,9,West Ham United,Leicester City,away,1.4031785356068205,1.315067,-0.08811148276563396
3408,10385710,22/23,2023-05-28,12,2275,Aston Villa,Brighton & Hove Albion,home,2.8462,1.5803076,-1.2658923971176148
3408,10385710,22/23,2023-05-28,2275,12,Brighton & Hove Albion,Aston Villa,away,1.3432026078234705,1.4992172,0.15601454477204957
3409,10385724,22/23,2023-05-28,10,769,Everton,Bournemouth,home,1.0325274725274725,1.4587542,0.426226709334405
3409,10385724,22/23,2023-05-28,769,10,Bournemouth,Everton,away,0.46107692307692305,1.2982665,0.8371896069600032
3410,10385727,22/23,2023-05-28,18,6072,Crystal Palace,Nottingham Forest,home,1.4675,1.5455955,0.07809552669525144
3410,10385727,22/23,2023-05-28,6072,18,Nottingham Forest,Crystal Palace,away,0.48,0.9917024,0.5117023777961731
3411,11352303,23/24,2023-08-11,23,22,Burnley,Manchester City,home,0.3196875,1.4528811,1.133193597793579
3411,11352303,23/24,2023-08-11,22,23,Manchester City,Burnley,away,2.0763,1.3307709,-0.7455291498184202
3412,11352251,23/24,2023-08-12,17,6072,Arsenal,Nottingham Forest,home,0.825,1.4528811,0.6278810977935791
3412,11352251,23/24,2023-08-12,6072,17,Nottingham Forest,Arsenal,away,1.1633976143141154,1.3307709,0.16737323586746422
3413,11352250,23/24,2023-08-12,769,7,Bournemouth,West Ham United,home,1.3725,1.4528811,0.08038109779357905
3413,11352250,23/24,2023-08-12,7,769,West Ham United,Bournemouth,away,1.0628846539618857,1.3307709,0.2678861962196939
3414,11352253,23/24,2023-08-12,10,3027,Everton,Fulham,home,2.71867703109328,1.4528811,-1.2657959332997009
3414,11352253,23/24,2023-08-12,3027,10,Fulham,Everton,away,1.508,1.3307709,-0.17722914981842042
3415,11352252,23/24,2023-08-12,2275,6830,Brighton & Hove Albion,Luton Town,home,3.978946893787575,1.4528811,-2.526065795993996
3415,11352252,23/24,2023-08-12,6830,2275,Luton Town,Brighton & Hove Albion,away,1.4545914512922464,1.3307709,-0.12382060111066684
3416,11352254,23/24,2023-08-12,3792,18,Sheffield United,Crystal Palace,home,0.5001377245508982,1.4528811,0.9527433732426809
3416,11352254,23/24,2023-08-12,18,3792,Crystal Palace,Sheffield United,away,1.8934,1.3307709,-0.5626291498184204
3417,11352255,23/24,2023-08-12,21,12,Newcastle United,Aston Villa,home,3.3633376494023906,1.4528811,-1.9104565516088114
3417,11352255,23/24,2023-08-12,12,21,Aston Villa,Newcastle United,away,1.858222111553785,1.3307709,-0.5274512613722053
3418,11352309,23/24,2023-08-13,5301,8,Brentford,Tottenham Hotspur,home,2.2108341708542714,1.4528811,-0.7579530730606923
3418,11352309,23/24,2023-08-13,8,5301,Tottenham Hotspur,Brentford,away,1.2695,1.3307709,0.06127085018157952
3419,11352316,23/24,2023-08-13,24,19,Chelsea,Liverpool FC,home,1.3541,1.4528811,0.09878109779357902
3419,11352316,23/24,2023-08-13,19,24,Liverpool FC,Chelsea,away,1.2786,1.3307709,0.05217085018157963
3420,11352327,23/24,2023-08-14,1,3033,Manchester United,Wolverhampton,home,2.188296,1.4528811,-0.7354149022064207
3420,11352327,23/24,2023-08-14,3033,1,Wolverhampton,Manchester United,away,2.323332,1.3307709,-0.9925611498184206
3421,11352399,23/24,2023-08-18,6072,3792,Nottingham Forest,Sheffield United,home,1.354234251968504,1.4351962,0.0809619093016376
3421,11352399,23/24,2023-08-18,3792,6072,Sheffield United,Nottingham Forest,away,0.5012,1.2281547,0.7269546592712403
3422,11352367,23/24,2023-08-19,19,769,Liverpool FC,Bournemouth,home,3.1478333333333333,1.6567672,-1.4910660842259724
3422,11352367,23/24,2023-08-19,769,19,Bournemouth,Liverpool FC,away,1.3544232698094283,1.3738432,0.01941992324477093
3423,11352428,23/24,2023-08-19,3033,2275,Wolverhampton,Brighton & Hove Albion,home,2.404017,1.686652,-0.7173650548858643
3423,11352428,23/24,2023-08-19,2275,3033,Brighton & Hove Albion,Wolverhampton,away,2.2377,1.5437995,-0.6939004804611204
3424,11352358,23/24,2023-08-19,3027,5301,Fulham,Brentford,home,0.4612957317073171,1.4561033,0.9948075931828196
3424,11352358,23/24,2023-08-19,5301,3027,Brentford,Fulham,away,3.891096,1.4786831,-2.4124128859481813
3425,11352407,23/24,2023-08-19,8,1,Tottenham Hotspur,Manchester United,home,1.7096613861386138,1.7217169,0.012055494659725996
3425,11352407,23/24,2023-08-19,1,8,Manchester United,Tottenham Hotspur,away,2.0267554455445547,1.5313281,-0.4954273634598989
3426,11352389,23/24,2023-08-19,22,21,Manchester City,Newcastle United,home,1.0079,1.7852668,0.7773667570114136
3426,11352389,23/24,2023-08-19,21,22,Newcastle United,Manchester City,away,0.28845180722891567,1.5040673,1.2156154945212674
3427,11352337,23/24,2023-08-20,12,10,Aston Villa,Everton,home,2.970594,1.4946904,-1.475903581756592
3427,11352337,23/24,2023-08-20,10,12,Everton,Aston Villa,away,0.6257,1.4961388,0.8704388111114502
3428,11352418,23/24,2023-08-20,7,24,West Ham United,Chelsea,home,1.8394343329886247,1.691851,-0.14758331312931072
3428,11352418,23/24,2023-08-20,24,7,Chelsea,West Ham United,away,2.4744048096192386,1.5046381,-0.9697667337906863
3429,11352346,23/24,2023-08-21,18,17,Crystal Palace,Arsenal,home,1.0127164328657314,1.807047,0.7943305766023472
3429,11352346,23/24,2023-08-21,17,18,Arsenal,Crystal Palace,away,2.0347873855544254,1.4161031,-0.6186842609358951
3430,11352484,23/24,2023-08-25,24,6830,Chelsea,Luton Town,home,2.251953,1.7962167,-0.4557362736968993
3430,11352484,23/24,2023-08-25,6830,24,Luton Town,Chelsea,away,0.4354,1.3710746,0.9356745573043823
3431,11352437,23/24,2023-08-26,769,8,Bournemouth,Tottenham Hotspur,home,0.6610900900900901,1.4005517,0.739461586660093
3431,11352437,23/24,2023-08-26,8,769,Tottenham Hotspur,Bournemouth,away,2.1087,1.5015954,-0.6071046220779417
3432,11352504,23/24,2023-08-26,1,6072,Manchester United,Nottingham Forest,home,2.803878,1.7936423,-1.0102357175140382
3432,11352504,23/24,2023-08-26,6072,1,Nottingham Forest,Manchester United,away,1.2434891416752845,1.294833,0.05134380319471066
3433,11352447,23/24,2023-08-26,17,3027,Arsenal,Fulham,home,3.1980535714285714,1.6417025,-1.5563510386603219
3433,11352447,23/24,2023-08-26,3027,17,Fulham,Arsenal,away,0.5619969788519638,1.3668103,0.8048133429558976
3434,11352495,23/24,2023-08-26,10,3033,Everton,Wolverhampton,home,1.3524,1.5046558,0.15225583801269527
3434,11352495,23/24,2023-08-26,3033,10,Wolverhampton,Everton,away,1.060601593625498,1.4453847,0.3847831472039698
3435,11352456,23/24,2023-08-26,5301,18,Brentford,Crystal Palace,home,0.9676,1.7275583,0.7599582551956177
3435,11352456,23/24,2023-08-26,18,5301,Crystal Palace,Brentford,away,0.8066,1.5403099,0.7337099060058594
3436,11352466,23/24,2023-08-26,2275,7,Brighton & Hove Albion,West Ham United,home,1.4766,1.6914102,0.21481018390655526
3436,11352466,23/24,2023-08-26,7,2275,West Ham United,Brighton & Hove Albion,away,3.18229780876494,1.3904891,-1.791808707355028
3437,11352524,23/24,2023-08-27,3792,22,Sheffield United,Manchester City,home,0.6747,1.3708827,0.6961827495574952
3437,11352524,23/24,2023-08-27,22,3792,Manchester City,Sheffield United,away,3.567769539078156,1.5526615,-2.0151080009540716
3438,11352475,23/24,2023-08-27,23,12,Burnley,Aston Villa,home,0.7295,1.4351962,0.7056961612701416
3438,11352475,23/24,2023-08-27,12,23,Aston Villa,Burnley,away,2.663020958083832,1.5455091,-1.117511858123505
3439,11352515,23/24,2023-08-27,21,19,Newcastle United,Liverpool FC,home,1.9793049147442328,1.6636074,-0.31569755581173764
3439,11352515,23/24,2023-08-27,19,21,Liverpool FC,Newcastle United,away,0.9335657327586206,1.4524137,0.5188479454106298
3440,11352590,23/24,2023-09-01,6830,7,Luton Town,West Ham United,home,1.4566008024072217,1.4673566,0.010755760207219245
3440,11352590,23/24,2023-09-01,7,6830,West Ham United,Luton Town,away,1.0338,1.4342313,0.4004312812805175
3441,11352597,23/24,2023-09-02,3792,10,Sheffield United,Everton,home,1.2143,1.31093,0.09663001365661628
3441,11352597,23/24,2023-09-02,10,3792,Everton,Sheffield United,away,2.573602808425276,1.4386798,-1.1349229940865917
3442,11352594,23/24,2023-09-02,22,3027,Manchester City,Fulham,home,2.2439338014042125,1.8386216,-0.4053121850406871
3442,11352594,23/24,2023-09-02,3027,22,Fulham,Manchester City,away,1.841,1.3236768,-0.5173231754302978
3443,11352570,23/24,2023-09-02,24,6072,Chelsea,Nottingham Forest,home,2.3029,1.8381534,-0.46474663772583025
3443,11352570,23/24,2023-09-02,6072,24,Nottingham Forest,Chelsea,away,0.7579,1.2418888,0.4839887615203857
3444,11352561,23/24,2023-09-02,23,8,Burnley,Tottenham Hotspur,home,1.3567,1.4561033,0.0994033248901367
3444,11352561,23/24,2023-09-02,8,23,Tottenham Hotspur,Burnley,away,2.2452490039840636,1.5055418,-0.7397072025314269
3445,11352543,23/24,2023-09-02,5301,769,Brentford,Bournemouth,home,2.9081,1.8025001,-1.1055998712539674
3445,11352543,23/24,2023-09-02,769,5301,Bournemouth,Brentford,away,2.071651955867603,1.2484384,-0.8232135975607182
3446,11352551,23/24,2023-09-02,2275,21,Brighton & Hove Albion,Newcastle United,home,1.3438828828828828,1.7578727,0.4139898178083403
3446,11352551,23/24,2023-09-02,21,2275,Newcastle United,Brighton & Hove Albion,away,1.2319,1.416171,0.18427095470428467
3447,11352584,23/24,2023-09-03,19,12,Liverpool FC,Aston Villa,home,2.4719,1.7018318,-0.7700681823730471
3447,11352584,23/24,2023-09-03,12,19,Aston Villa,Liverpool FC,away,0.6565,1.3538283,0.6973283109664917
3448,11352578,23/24,2023-09-03,18,3033,Crystal Palace,Wolverhampton,home,2.1437,1.6016855,-0.5420144760131835
3448,11352578,23/24,2023-09-03,3033,18,Wolverhampton,Crystal Palace,away,1.1782,1.2992387,0.12103868179321298
3449,11352534,23/24,2023-09-03,17,1,Arsenal,Manchester United,home,2.2466676646706585,1.8203633,-0.42630438151330985
3449,11352534,23/24,2023-09-03,1,17,Manchester United,Arsenal,away,0.9231555118110236,1.5099915,0.5868360147926751
3450,11352626,23/24,2023-09-16,3033,19,Wolverhampton,Liverpool FC,home,0.6293,1.3962445,0.7669445259094239
3450,11352626,23/24,2023-09-16,19,3033,Liverpool FC,Wolverhampton,away,2.4932934782608696,1.4403411,-1.0529523632630058
3451,11352625,23/24,2023-09-16,7,22,West Ham United,Manchester City,home,0.925906374501992,1.5904808,0.6645744299413674
3451,11352625,23/24,2023-09-16,22,7,Manchester City,West Ham United,away,3.6742,1.5803089,-2.0938910858154296
3453,11352621,23/24,2023-09-16,8,3792,Tottenham Hotspur,Sheffield United,home,2.0798813056379823,1.7343853,-0.345496053639081
3453,11352621,23/24,2023-09-16,3792,8,Sheffield United,Tottenham Hotspur,away,0.6451729622266401,1.1846377,0.5394647035219561
3454,11352602,23/24,2023-09-16,12,18,Aston Villa,Crystal Palace,home,3.2059,1.5304228,-1.675477193260193
3454,11352602,23/24,2023-09-16,18,12,Crystal Palace,Aston Villa,away,1.1575004985044866,1.416466,0.2589654991914363
3455,11352608,23/24,2023-09-16,3027,6830,Fulham,Luton Town,home,0.9563,1.4149072,0.4586072170257568
3455,11352608,23/24,2023-09-16,6830,3027,Luton Town,Fulham,away,1.0999,1.2738602,0.17396021614074697
3456,11352615,23/24,2023-09-16,21,5301,Newcastle United,Brentford,home,1.423125,1.4414548,0.018329768180847195
3456,11352615,23/24,2023-09-16,5301,21,Brentford,Newcastle United,away,0.5038,1.500098,0.9962979900360107
3457,11352600,23/24,2023-09-17,769,24,Bournemouth,Chelsea,home,1.0283513513513514,1.4442906,0.41593928661861934
3457,11352600,23/24,2023-09-17,24,769,Chelsea,Bournemouth,away,1.9005,1.5363954,-0.3641045694351197
3458,11352605,23/24,2023-09-17,10,17,Everton,Arsenal,home,0.3410773869346734,1.4599576,1.118880212705219
3458,11352605,23/24,2023-09-17,17,10,Arsenal,Everton,away,1.0504,1.4963007,0.44590069732666016
3459,11352618,23/24,2023-09-18,6072,23,Nottingham Forest,Burnley,home,0.707553,1.3557284,0.6481753878326416
3459,11352618,23/24,2023-09-18,23,6072,Burnley,Nottingham Forest,away,0.549153,1.243704,0.6945509613723755
3460,11352635,23/24,2023-09-23,22,6072,Manchester City,Nottingham Forest,home,1.3807075471698114,2.0938623,0.7131547479809455
3460,11352635,23/24,2023-09-23,6072,22,Nottingham Forest,Manchester City,away,1.0257,1.008096,-0.0176040203094483
3461,11352632,23/24,2023-09-23,18,3027,Crystal Palace,Fulham,home,0.2978,1.6279889,1.3301889345169067
3461,11352632,23/24,2023-09-23,3027,18,Fulham,Crystal Palace,away,0.5983,1.2076634,0.6093634168624877
3462,11352634,23/24,2023-09-23,6830,3033,Luton Town,Wolverhampton,home,2.157565130260521,1.5219485,-0.6356166734962998
3462,11352634,23/24,2023-09-23,3033,6830,Wolverhampton,Luton Town,away,0.654188679245283,1.3046739,0.6504852308957082
3463,11352628,23/24,2023-09-23,5301,10,Brentford,Everton,home,1.0278324974924773,1.7059948,0.6781623469441682
3463,11352628,23/24,2023-09-23,10,5301,Everton,Brentford,away,1.9006,1.1483034,-0.7522966104507447
3464,11352630,23/24,2023-09-23,23,1,Burnley,Manchester United,home,1.0894974874371859,1.3902549,0.30075736771875894
3464,11352630,23/24,2023-09-23,1,23,Manchester United,Burnley,away,0.9741,1.4611325,0.4870325263977051
3465,11352633,23/24,2023-09-24,19,7,Liverpool FC,West Ham United,home,3.0156234939759035,2.0423899,-0.973233624285962
3465,11352633,23/24,2023-09-24,7,19,West Ham United,Liverpool FC,away,1.0931746987951807,1.2121992,0.11902451232542477
3466,11352627,23/24,2023-09-24,17,8,Arsenal,Tottenham Hotspur,home,2.0342,1.84191,-0.1922899953842161
3466,11352627,23/24,2023-09-24,8,17,Tottenham Hotspur,Arsenal,away,1.4636,1.3398433,-0.12375672683715822
3467,11352631,23/24,2023-09-24,24,12,Chelsea,Aston Villa,home,1.3783528183716074,1.876928,0.4985751534682974
3467,11352631,23/24,2023-09-24,12,24,Aston Villa,Chelsea,away,1.0449347181008901,1.2668501,0.22191539576782326
3468,11352629,23/24,2023-09-24,2275,769,Brighton & Hove Albion,Bournemouth,home,1.8408836509528586,2.185928,0.34504445535512485
3468,11352629,23/24,2023-09-24,769,2275,Bournemouth,Brighton & Hove Albion,away,1.1401384152457372,1.118662,-0.02147641554328361
3469,11352636,23/24,2023-09-24,3792,21,Sheffield United,Newcastle United,home,0.9391,1.2421371,0.30303707447052
3469,11352636,23/24,2023-09-24,21,3792,Newcastle United,Sheffield United,away,3.9218,1.5259322,-2.395867807197571
3470,11352638,23/24,2023-09-30,12,2275,Aston Villa,Brighton & Hove Albion,home,1.5831072144288576,1.7330511,0.14994384720139142
3470,11352638,23/24,2023-09-30,2275,12,Brighton & Hove Albion,Aston Villa,away,1.694804609218437,1.4324516,-0.26235300342162304
3471,11352646,23/24,2023-09-30,3033,22,Wolverhampton,Manchester City,home,0.4586145418326693,1.2985806,0.8399661046822233
3471,11352646,23/24,2023-09-30,22,3033,Manchester City,Wolverhampton,away,0.8657,1.8195853,0.9538853233337402
3472,11352641,23/24,2023-09-30,1,18,Manchester United,Crystal Palace,home,1.289686432160804,1.7496258,0.4599393698792962
3472,11352641,23/24,2023-09-30,18,1,Crystal Palace,Manchester United,away,0.9,1.3106225,0.4106224536895752
3473,11352637,23/24,2023-09-30,769,17,Bournemouth,Arsenal,home,0.634741550695825,1.1080403,0.4732987820983644
3473,11352637,23/24,2023-09-30,17,769,Arsenal,Bournemouth,away,3.4573,1.7821089,-1.6751910970687867
3474,11352642,23/24,2023-09-30,21,23,Newcastle United,Burnley,home,3.1751,2.0091279,-1.1659721446990967
3474,11352642,23/24,2023-09-30,23,21,Burnley,Newcastle United,away,0.6622350597609562,1.0804379,0.41820283887490806
3475,11352645,23/24,2023-09-30,7,3792,West Ham United,Sheffield United,home,2.1873,1.7762378,-0.4110621545791626
3475,11352645,23/24,2023-09-30,3792,7,Sheffield United,West Ham United,away,1.0723,1.2817842,0.20948417682647702
3476,11352639,23/24,2023-09-30,10,6830,Everton,Luton Town,home,3.6289749498997996,1.6435865,-1.9853884335194896
3476,11352639,23/24,2023-09-30,6830,10,Luton Town,Everton,away,0.9163947895791583,1.1820277,0.26563290798401307
3477,11352644,23/24,2023-09-30,8,19,Tottenham Hotspur,Liverpool FC,home,2.1672264705882354,1.8076853,-0.35954121458390187
3477,11352644,23/24,2023-09-30,19,8,Liverpool FC,Tottenham Hotspur,away,1.4369767955801105,1.5348841,0.09790729961184508
3478,11352643,23/24,2023-10-01,6072,5301,Nottingham Forest,Brentford,home,0.47905230125523013,1.2061473,0.7270950118627508
3478,11352643,23/24,2023-10-01,5301,6072,Brentford,Nottingham Forest,away,1.6178428290766207,1.4534212,-0.164421593992087
3479,11352640,23/24,2023-10-02,3027,24,Fulham,Chelsea,home,1.1345,1.2027378,0.068237808227539
3479,11352640,23/24,2023-10-02,24,3027,Chelsea,Fulham,away,1.7476,1.7047962,-0.04280380496978764
3480,11626262,23/24,2023-10-03,6830,23,Luton Town,Burnley,home,1.341,1.5198584,0.17885836029052737
3480,11626262,23/24,2023-10-03,23,6830,Burnley,Luton Town,away,1.1105,1.2394499,0.12894985866546627
3481,11352653,23/24,2023-10-07,6830,8,Luton Town,Tottenham Hotspur,home,0.7586,1.3433949,0.5847948755264282
3481,11352653,23/24,2023-10-07,8,6830,Tottenham Hotspur,Luton Town,away,2.044991570073762,1.6713153,-0.3736762576882029
3482,11352654,23/24,2023-10-07,1,5301,Manchester United,Brentford,home,1.436194388777555,1.6650678,0.22887340316122673
3482,11352654,23/24,2023-10-07,5301,1,Brentford,Manchester United,away,0.943376753507014,1.3801318,0.4367550871988576
3483,11352649,23/24,2023-10-07,23,24,Burnley,Chelsea,home,0.7551,1.1963505,0.44125045528411866
3483,11352649,23/24,2023-10-07,24,23,Chelsea,Burnley,away,1.8290397614314116,1.7105819,-0.11845786274214154
3484,11352651,23/24,2023-10-07,10,769,Everton,Bournemouth,home,2.479472891566265,1.925678,-0.5537948768110161
3484,11352651,23/24,2023-10-07,769,10,Bournemouth,Everton,away,0.6832590361445783,0.9998073,0.3165482620388629
3485,11352652,23/24,2023-10-07,3027,3792,Fulham,Sheffield United,home,2.2067,1.5505542,-0.6561458436965943
3485,11352652,23/24,2023-10-07,3792,3027,Sheffield United,Fulham,away,0.5716,1.1625918,0.590991814994812
3486,11352650,23/24,2023-10-07,18,6072,Crystal Palace,Nottingham Forest,home,0.811,1.520154,0.7091539993286132
3486,11352650,23/24,2023-10-07,6072,18,Nottingham Forest,Crystal Palace,away,1.046855421686747,1.2109349,0.16407945570888294
3487,11352648,23/24,2023-10-08,2275,19,Brighton & Hove Albion,Liverpool FC,home,2.3222,1.8024992,-0.5197008249282837
3487,11352648,23/24,2023-10-08,19,2275,Liverpool FC,Brighton & Hove Albion,away,2.348,1.538745,-0.8092549543380736
3488,11352655,23/24,2023-10-08,7,21,West Ham United,Newcastle United,home,1.1579,1.4820669,0.32416686973571784
3488,11352655,23/24,2023-10-08,21,7,Newcastle United,West Ham United,away,1.9957725450901804,1.7122802,-0.28349239086197
3489,11352656,23/24,2023-10-08,3033,12,Wolverhampton,Aston Villa,home,1.6572639442231076,1.3119667,-0.3452972865845578
3489,11352656,23/24,2023-10-08,12,3033,Aston Villa,Wolverhampton,away,1.6142,1.5852697,-0.028930310440063556
3490,11352647,23/24,2023-10-08,17,22,Arsenal,Manchester City,home,0.3946,1.6449925,1.250392470741272
3490,11352647,23/24,2023-10-08,22,17,Manchester City,Arsenal,away,0.48,1.3653139,0.8853138875961304
3491,11352662,23/24,2023-10-21,19,10,Liverpool FC,Everton,home,2.233,1.646393,-0.5866070585250855
3491,11352662,23/24,2023-10-21,10,19,Everton,Liverpool FC,away,0.14060718057022176,1.3540288,1.2134216404212943
3492,11352663,23/24,2023-10-21,22,2275,Manchester City,Brighton & Hove Albion,home,0.7546,1.8333263,1.0787263397216798
3492,11352663,23/24,2023-10-21,2275,22,Brighton & Hove Albion,Manchester City,away,0.827,1.2921567,0.4651566963195801
3493,11352664,23/24,2023-10-21,21,18,Newcastle United,Crystal Palace,home,2.3908,1.9239771,-0.46682286338806156
3493,11352664,23/24,2023-10-21,18,21,Crystal Palace,Newcastle United,away,1.2034221105527638,1.0617456,-0.14167646693704117
3494,11352660,23/24,2023-10-21,5301,23,Brentford,Burnley,home,3.1851232604373756,1.8695211,-1.3156021193851295
3494,11352660,23/24,2023-10-21,23,5301,Burnley,Brentford,away,1.155,1.2062585,0.05125853538513181
3495,11352657,23/24,2023-10-21,769,3033,Bournemouth,Wolverhampton,home,0.6393068181818182,1.5068984,0.8675915849859064
3495,11352657,23/24,2023-10-21,3033,769,Wolverhampton,Bournemouth,away,2.421,1.4497977,-0.9712022504806517
3496,11352665,23/24,2023-10-21,6072,6830,Nottingham Forest,Luton Town,home,2.9205,1.4121096,-1.508390386581421
3496,11352665,23/24,2023-10-21,6830,6072,Luton Town,Nottingham Forest,away,1.7108,1.4140291,-0.2967708786010743
3497,11352661,23/24,2023-10-21,24,17,Chelsea,Arsenal,home,1.3282335984095428,1.6462499,0.3180162919179108
3497,11352661,23/24,2023-10-21,17,24,Arsenal,Chelsea,away,0.9894,1.4037853,0.41438534793853765
3498,11352666,23/24,2023-10-21,3792,1,Sheffield United,Manchester United,home,1.408960843373494,1.26665,-0.1423108819019363
3498,11352666,23/24,2023-10-21,1,3792,Manchester United,Sheffield United,away,1.0849491017964072,1.6778734,0.592924271235209
3499,11352658,23/24,2023-10-22,12,7,Aston Villa,West Ham United,home,2.008271543086172,1.7456383,-0.2626332917815457
3499,11352658,23/24,2023-10-22,7,12,West Ham United,Aston Villa,away,1.1436716417910449,1.3397125,0.19604085878115973
3500,11352667,23/24,2023-10-23,8,3027,Tottenham Hotspur,Fulham,home,1.5321,1.8305197,0.2984196762084961
3500,11352667,23/24,2023-10-23,3027,8,Fulham,Tottenham Hotspur,away,1.0275,1.2174219,0.18992188930511467
3501,11352673,23/24,2023-10-27,18,8,Crystal Palace,Tottenham Hotspur,home,0.6149,1.1662459,0.5513459373474121
3501,11352673,23/24,2023-10-27,8,18,Tottenham Hotspur,Crystal Palace,away,1.089975369458128,1.7002044,0.6102290029478779
3502,11352672,23/24,2023-10-28,24,5301,Chelsea,Brentford,home,2.0292,1.6697304,-0.35946957511901845
3502,11352672,23/24,2023-10-28,5301,24,Brentford,Chelsea,away,2.142126126126126,1.3859175,-0.756208581761197
3503,11352669,23/24,2023-10-28,17,3792,Arsenal,Sheffield United,home,2.741736263736264,1.9992993,-0.7424369759402434
3503,11352669,23/24,2023-10-28,3792,17,Sheffield United,Arsenal,away,0.030164835164835164,0.9774715,0.9473066356679896
3504,11352668,23/24,2023-10-28,769,23,Bournemouth,Burnley,home,1.0936483516483515,1.5242972,0.43064888574788873
3504,11352668,23/24,2023-10-28,23,769,Burnley,Bournemouth,away,0.8255,1.3346974,0.5091973657608032
3505,11352677,23/24,2023-10-28,3033,21,Wolverhampton,Newcastle United,home,0.8837657657657658,1.1688489,0.2850831064189876
3505,11352677,23/24,2023-10-28,21,3033,Newcastle United,Wolverhampton,away,2.1933,1.6423658,-0.5509341867446897
3506,11352676,23/24,2023-10-29,7,10,West Ham United,Everton,home,0.6568555667001003,1.5351554,0.8782998488348729
3506,11352676,23/24,2023-10-29,10,7,Everton,West Ham United,away,0.8107673019057171,1.6299489,0.819181552540694
3507,11352674,23/24,2023-10-29,19,6072,Liverpool FC,Nottingham Forest,home,3.2722,1.8478732,-1.4243267890930178
3507,11352674,23/24,2023-10-29,6072,19,Nottingham Forest,Liverpool FC,away,0.442926,1.1901109,0.7471849218597413
3508,11352671,23/24,2023-10-29,2275,3027,Brighton & Hove Albion,Fulham,home,1.4258,1.6346761,0.2088760988235474
3508,11352671,23/24,2023-10-29,3027,2275,Fulham,Brighton & Hove Albion,away,0.6978172790466732,1.3140382,0.6162208784164005
3509,11352670,23/24,2023-10-29,12,6830,Aston Villa,Luton Town,home,2.285,1.8961743,-0.3888256883621217
3509,11352670,23/24,2023-10-29,6830,12,Luton Town,Aston Villa,away,0.4836,1.2123415,0.7287415470123291
3510,11352675,23/24,2023-10-29,1,22,Manchester United,Manchester City,home,0.9345718562874251,1.5798833,0.6453114807334489
3510,11352675,23/24,2023-10-29,22,1,Manchester City,Manchester United,away,3.9938892215568864,1.6563683,-2.337520965941652
3511,11352307,23/24,2023-11-04,3027,1,Fulham,Manchester United,home,0.994334328358209,1.2944722,0.30013788920160545
3511,11352307,23/24,2023-11-04,1,3027,Manchester United,Fulham,away,0.6944,1.2967815,0.6023815399169922
3512,11352312,23/24,2023-11-04,22,769,Manchester City,Bournemouth,home,1.9319879759519039,2.215083,0.283094907882935
3512,11352312,23/24,2023-11-04,769,22,Bournemouth,Manchester City,away,0.8978446893787575,0.93195766,0.034112972726802804
3513,11352306,23/24,2023-11-04,10,2275,Everton,Brighton & Hove Albion,home,0.7053,1.5144529,0.8091529342651367
3513,11352306,23/24,2023-11-04,2275,10,Brighton & Hove Albion,Everton,away,0.5066,1.4159197,0.9093196615219116
3514,11352304,23/24,2023-11-04,5301,7,Brentford,West Ham United,home,1.6264,2.0693407,0.44294070587158196
3514,11352304,23/24,2023-11-04,7,5301,West Ham United,Brentford,away,2.0519,1.3037816,-0.7481183713912962
3515,11352320,23/24,2023-11-04,3792,3033,Sheffield United,Wolverhampton,home,1.03752,1.28391,0.24639003608703614
3515,11352320,23/24,2023-11-04,3033,3792,Wolverhampton,Sheffield United,away,1.3284,1.5505455,0.22214545402526853
3516,11352305,23/24,2023-11-04,23,18,Burnley,Crystal Palace,home,1.116433734939759,1.285894,0.16946030135327073
3516,11352305,23/24,2023-11-04,18,23,Crystal Palace,Burnley,away,1.2962439759036144,1.2973474,0.0011034505108753478
3517,11352314,23/24,2023-11-04,21,17,Newcastle United,Arsenal,home,1.333,1.6934737,0.36047369670867924
3517,11352314,23/24,2023-11-04,17,21,Arsenal,Newcastle United,away,0.571,1.4649465,0.8939465084075928
3518,11352317,23/24,2023-11-05,6072,12,Nottingham Forest,Aston Villa,home,0.3717430278884462,1.1083472,0.736604149617047
3518,11352317,23/24,2023-11-05,12,6072,Aston Villa,Nottingham Forest,away,1.2205697091273822,1.6626664,0.44209673088268864
3519,11352310,23/24,2023-11-05,6830,19,Luton Town,Liverpool FC,home,0.813,1.363532,0.5505319471359253
3519,11352310,23/24,2023-11-05,19,6830,Liverpool FC,Luton Town,away,2.817441,2.1358433,-0.681597723022461
3520,11352323,23/24,2023-11-06,8,24,Tottenham Hotspur,Chelsea,home,0.9812906458797327,1.6687946,0.6875039860782751
3520,11352323,23/24,2023-11-06,24,8,Chelsea,Tottenham Hotspur,away,4.083502004008016,1.658833,-2.42466897712203
3521,11352349,23/24,2023-11-11,3033,8,Wolverhampton,Tottenham Hotspur,home,2.114946428571429,1.5051781,-0.6097683346612115
3521,11352349,23/24,2023-11-11,8,3033,Tottenham Hotspur,Wolverhampton,away,0.6989,1.5184236,0.8195235572814942
3522,11352341,23/24,2023-11-11,1,6830,Manchester United,Luton Town,home,2.1817,1.9502357,-0.23146427555084248
3522,11352341,23/24,2023-11-11,6830,1,Luton Town,Manchester United,away,0.3958051181102362,1.3220764,0.9262713217472467
3523,11352353,23/24,2023-11-11,17,23,Arsenal,Burnley,home,1.9452054380664654,2.0086026,0.06339718110467718
3523,11352353,23/24,2023-11-11,23,17,Burnley,Arsenal,away,0.3090326086956522,0.9282574,0.6192247970622519
3524,11352335,23/24,2023-11-11,18,10,Crystal Palace,Everton,home,2.1283035714285714,1.17069,-0.9576136309759957
3524,11352335,23/24,2023-11-11,10,18,Everton,Crystal Palace,away,1.5470981963927857,1.4428092,-0.10428897226406253
3525,11352350,23/24,2023-11-11,769,21,Bournemouth,Newcastle United,home,2.5117,1.0964218,-1.4152781621932982
3525,11352350,23/24,2023-11-11,21,769,Newcastle United,Bournemouth,away,0.4855,1.7132591,1.2277591009140014
3526,11352339,23/24,2023-11-12,19,5301,Liverpool FC,Brentford,home,1.6894029850746268,2.1028628,0.4134598498557931
3526,11352339,23/24,2023-11-12,5301,19,Brentford,Liverpool FC,away,1.676,1.4719944,-0.20400559997558587
3527,11352326,23/24,2023-11-12,12,3027,Aston Villa,Fulham,home,3.0845,1.8673651,-1.2171348781585691
3527,11352326,23/24,2023-11-12,3027,12,Fulham,Aston Villa,away,0.929,0.97397983,0.044979830741882276
3528,11352345,23/24,2023-11-12,7,6072,West Ham United,Nottingham Forest,home,1.7973,1.7814515,-0.015848536300659077
3528,11352345,23/24,2023-11-12,6072,7,Nottingham Forest,West Ham United,away,1.7776352705410823,1.0786697,-0.6989656032971248
3529,11352329,23/24,2023-11-12,2275,3792,Brighton & Hove Albion,Sheffield United,home,1.5673467492260063,1.9440076,0.3766608858905709
3529,11352329,23/24,2023-11-12,3792,2275,Sheffield United,Brighton & Hove Albion,away,1.0624874623871614,1.0062398,-0.056247690544204865
3530,11352332,23/24,2023-11-12,24,22,Chelsea,Manchester City,home,2.940795,1.7321364,-1.2086586312484742
3530,11352332,23/24,2023-11-12,22,24,Manchester City,Chelsea,away,2.8795,1.7323508,-1.1471491737365724
3531,11352373,23/24,2023-11-25,22,19,Manchester City,Liverpool FC,home,1.3587,1.8051995,0.4464995038986206
3531,11352373,23/24,2023-11-25,19,22,Liverpool FC,Manchester City,away,0.5464642857142857,1.4358987,0.8894343758991786
3532,11352375,23/24,2023-11-25,21,24,Newcastle United,Chelsea,home,2.331747,1.539823,-0.791923944732666
3532,11352375,23/24,2023-11-25,24,21,Chelsea,Newcastle United,away,0.5317453987730061,1.4918183,0.9600729100572551
3533,11352360,23/24,2023-11-25,23,7,Burnley,West Ham United,home,1.2494414414414414,1.2939284,0.044486943339442364
3533,11352360,23/24,2023-11-25,7,23,West Ham United,Burnley,away,0.8996,1.4947118,0.5951117567062378
3534,11352379,23/24,2023-11-25,6072,2275,Nottingham Forest,Brighton & Hove Albion,home,1.908918,1.1774422,-0.7314758069686889
3534,11352379,23/24,2023-11-25,2275,6072,Brighton & Hove Albion,Nottingham Forest,away,1.5094193216855087,1.5916297,0.08221042189054106
3535,11352370,23/24,2023-11-25,6830,18,Luton Town,Crystal Palace,home,0.9442,1.1897553,0.2455553205490112
3535,11352370,23/24,2023-11-25,18,6830,Crystal Palace,Luton Town,away,1.6782,1.4076191,-0.2705808813095092
3536,11352382,23/24,2023-11-25,3792,769,Sheffield United,Bournemouth,home,0.7772,1.340135,0.5629349782943726
3536,11352382,23/24,2023-11-25,769,3792,Bournemouth,Sheffield United,away,2.8814,1.3392234,-1.5421766151428224
3537,11352356,23/24,2023-11-25,5301,17,Brentford,Arsenal,home,1.2437,1.5847737,0.3410736597061157
3537,11352356,23/24,2023-11-25,17,5301,Arsenal,Brentford,away,1.6521,1.8298059,0.1777058509826661
3538,11352385,23/24,2023-11-26,8,12,Tottenham Hotspur,Aston Villa,home,2.4224248496993988,1.5856819,-0.8367429344161956
3538,11352385,23/24,2023-11-26,12,8,Aston Villa,Tottenham Hotspur,away,1.7596,1.7760198,0.01641981163024897
3539,11352363,23/24,2023-11-26,10,1,Everton,Manchester United,home,2.5282,1.6900562,-0.8381437952041626
3539,11352363,23/24,2023-11-26,1,10,Manchester United,Everton,away,2.1985340681362726,1.3395898,-0.8589442339230158
3540,11352366,23/24,2023-11-27,3027,3033,Fulham,Wolverhampton,home,2.9001,1.1630676,-1.737032420730591
3540,11352366,23/24,2023-11-27,3033,3027,Wolverhampton,Fulham,away,1.351122754491018,1.3423041,-0.008818643963979467
3541,11352391,23/24,2023-12-02,17,3033,Arsenal,Wolverhampton,home,2.929,1.8103652,-1.1186347999572752
3541,11352391,23/24,2023-12-02,3033,17,Wolverhampton,Arsenal,away,0.7128,1.0988606,0.38606062145233155
3542,11352393,23/24,2023-12-02,5301,6830,Brentford,Luton Town,home,3.5343,1.9655491,-1.568750888633728
3542,11352393,23/24,2023-12-02,6830,5301,Luton Town,Brentford,away,0.2332,1.0721941,0.8389940994262696
3543,11352396,23/24,2023-12-02,23,3792,Burnley,Sheffield United,home,1.8433899497487436,1.4960692,-0.34732075686239106
3543,11352396,23/24,2023-12-02,3792,23,Sheffield United,Burnley,away,0.41106976744186047,1.0725856,0.6615158152912939
3544,11352411,23/24,2023-12-02,6072,10,Nottingham Forest,Everton,home,0.7212,1.3938879,0.6726878774642945
3544,11352411,23/24,2023-12-02,10,6072,Everton,Nottingham Forest,away,0.666,1.492368,0.8263679828643798
3545,11352408,23/24,2023-12-02,21,1,Newcastle United,Manchester United,home,2.471931,1.8646604,-0.6072706177291871
3545,11352408,23/24,2023-12-02,1,21,Manchester United,Newcastle United,away,0.483,1.2266295,0.7436294956207276
3546,11352404,23/24,2023-12-03,19,3027,Liverpool FC,Fulham,home,2.386911823647295,2.3010356,-0.08587618102339345
3546,11352404,23/24,2023-12-03,3027,19,Fulham,Liverpool FC,away,1.203986960882648,1.1392897,-0.0646972241349062
3547,11352400,23/24,2023-12-03,24,2275,Chelsea,Brighton & Hove Albion,home,2.205447619047619,1.6200801,-0.5853675056366692
3547,11352400,23/24,2023-12-03,2275,24,Brighton & Hove Albion,Chelsea,away,1.122886567164179,1.561469,0.4385823916904963
3548,11352414,23/24,2023-12-03,7,18,West Ham United,Crystal Palace,home,1.1193851554663992,1.5405073,0.4211221611229563
3548,11352414,23/24,2023-12-03,18,7,Crystal Palace,West Ham United,away,0.9275416248746239,1.2940317,0.36649011436030043
3549,11352388,23/24,2023-12-03,769,12,Bournemouth,Aston Villa,home,2.005147590361446,1.2266307,-0.7785169026478229
3549,11352388,23/24,2023-12-03,12,769,Aston Villa,Bournemouth,away,0.6782,1.5840013,0.9058013027191162
3550,11352405,23/24,2023-12-03,22,8,Manchester City,Tottenham Hotspur,home,2.5331600397614316,2.2561278,-0.2770322054413632
3550,11352405,23/24,2023-12-03,8,22,Tottenham Hotspur,Manchester City,away,0.4593877755511022,1.3037738,0.844385985244491
3551,11352440,23/24,2023-12-05,3033,23,Wolverhampton,Burnley,home,0.820328313253012,1.2638346,0.4435062824272248
3551,11352440,23/24,2023-12-05,23,3033,Burnley,Wolverhampton,away,0.8935,1.1777672,0.2842671575546265
3552,11352430,23/24,2023-12-05,6830,17,Luton Town,Arsenal,home,0.49824107142857144,1.0630572,0.5648161127907889
3552,11352430,23/24,2023-12-05,17,6830,Arsenal,Luton Town,away,2.2645,1.9995911,-0.26490888786315914
3553,11352433,23/24,2023-12-06,3792,19,Sheffield United,Liverpool FC,home,0.969727634194831,1.0587559,0.08902824043895807
3553,11352433,23/24,2023-12-06,19,3792,Liverpool FC,Sheffield United,away,1.6788336673346693,2.0398273,0.3609936794670885
3554,11352421,23/24,2023-12-06,2275,5301,Brighton & Hove Albion,Brentford,home,1.5473443113772456,1.7973437,0.24999941954926808
3554,11352421,23/24,2023-12-06,5301,2275,Brentford,Brighton & Hove Albion,away,1.5071656626506025,1.389668,-0.11749767482711615
3555,11352426,23/24,2023-12-06,3027,6072,Fulham,Nottingham Forest,home,2.521,1.5382487,-0.9827513418197631
3555,11352426,23/24,2023-12-06,6072,3027,Nottingham Forest,Fulham,away,0.2605,1.2619481,1.0014481086730957
3556,11352442,23/24,2023-12-06,18,769,Crystal Palace,Bournemouth,home,1.0067981927710843,1.1502652,0.1434670240563083
3556,11352442,23/24,2023-12-06,769,18,Bournemouth,Crystal Palace,away,1.884578313253012,1.280773,-0.6038052696205047
3557,11352445,23/24,2023-12-06,1,24,Manchester United,Chelsea,home,4.21172864321608,1.6861469,-2.5255817878617712
3557,11352445,23/24,2023-12-06,24,1,Chelsea,Manchester United,away,1.5172,1.6948087,0.1776087215423583
3558,11352417,23/24,2023-12-06,12,22,Aston Villa,Manchester City,home,2.3561407185628744,1.6860366,-0.6701041318013998
3558,11352417,23/24,2023-12-06,22,12,Manchester City,Aston Villa,away,0.6483,1.6276559,0.9793558637619019
3559,11352424,23/24,2023-12-07,10,21,Everton,Newcastle United,home,3.3216923076923077,1.3503319,-1.9713604051883404
3559,11352424,23/24,2023-12-07,21,10,Newcastle United,Everton,away,1.5398910891089108,1.4824797,-0.05741139760347869
3560,11777279,23/24,2023-12-07,8,7,Tottenham Hotspur,West Ham United,home,1.765107142857143,1.6775819,-0.08752523653847843
3560,11777279,23/24,2023-12-07,7,8,West Ham United,Tottenham Hotspur,away,2.2206415662650603,1.572658,-0.6479836234931486
3561,11352455,23/24,2023-12-09,18,19,Crystal Palace,Liverpool FC,home,1.7133482142857144,1.1724375,-0.5409106656483242
3561,11352455,23/24,2023-12-09,19,18,Liverpool FC,Crystal Palace,away,1.2471,1.6731182,0.426018233680725
3562,11352468,23/24,2023-12-09,1,769,Manchester United,Bournemouth,home,1.1616,1.4644488,0.3028488096237183
3562,11352468,23/24,2023-12-09,769,1,Bournemouth,Manchester United,away,1.4564043824701196,1.4981579,0.04175347637845217
3563,11352452,23/24,2023-12-09,2275,23,Brighton & Hove Albion,Burnley,home,2.759612612612613,1.7007655,-1.0588471220806914
3563,11352452,23/24,2023-12-09,23,2275,Burnley,Brighton & Hove Albion,away,0.5611,1.1074319,0.5463318885803222
3564,11352477,23/24,2023-12-09,3033,6072,Wolverhampton,Nottingham Forest,home,1.1749,1.4321623,0.25726228485107416
3564,11352477,23/24,2023-12-09,6072,3033,Nottingham Forest,Wolverhampton,away,1.2813286432160804,1.1246114,-0.15671726550001597
3565,11352471,23/24,2023-12-09,3792,5301,Sheffield United,Brentford,home,0.8082,1.1509551,0.3427550809860229
3565,11352471,23/24,2023-12-09,5301,3792,Brentford,Sheffield United,away,0.6597,1.7465274,1.0868274333953858
3566,11352449,23/24,2023-12-09,12,17,Aston Villa,Arsenal,home,0.5699,1.5679288,0.9980287910461426
3566,11352449,23/24,2023-12-09,17,12,Arsenal,Aston Villa,away,1.4035,1.6087323,0.20523234272003177
3567,11352464,23/24,2023-12-10,6830,22,Luton Town,Manchester City,home,0.3284774322968907,1.1952399,0.8667624692457729
3567,11352464,23/24,2023-12-10,22,6830,Manchester City,Luton Town,away,1.604653961885657,1.8760322,0.2713782713525632
3568,11352459,23/24,2023-12-10,10,24,Everton,Chelsea,home,1.3142795591182366,1.8283662,0.5140866012745247
3568,11352459,23/24,2023-12-10,24,10,Chelsea,Everton,away,0.9303638170974156,1.3076336,0.37726982128454245
3569,11352461,23/24,2023-12-10,3027,7,Fulham,West Ham United,home,2.3741,1.4522232,-0.9218768182754515
3569,11352461,23/24,2023-12-10,7,3027,West Ham United,Fulham,away,1.3391,1.4437463,0.10464632835388188
3570,11352473,23/24,2023-12-10,8,21,Tottenham Hotspur,Newcastle United,home,3.762889221556886,1.8731322,-1.8897569927055677
3570,11352473,23/24,2023-12-10,21,8,Newcastle United,Tottenham Hotspur,away,1.676042168674699,1.9555596,0.2795174426457967
3571,11352505,23/24,2023-12-15,6072,8,Nottingham Forest,Tottenham Hotspur,home,1.3360540540540542,1.3582561,0.02220204755422217
3571,11352505,23/24,2023-12-15,8,6072,Tottenham Hotspur,Nottingham Forest,away,1.5884494382022472,1.6400524,0.05160299958004044
3572,11352498,23/24,2023-12-16,22,18,Manchester City,Crystal Palace,home,1.6053,1.8156404,0.21034044952392583
3572,11352498,23/24,2023-12-16,18,22,Crystal Palace,Manchester City,away,1.816,1.1778417,-0.6381583366394044
3573,11352492,23/24,2023-12-16,24,3792,Chelsea,Sheffield United,home,2.7625,1.9979324,-0.7645675659179689
3573,11352492,23/24,2023-12-16,3792,24,Sheffield United,Chelsea,away,0.3585,1.1854757,0.8269757070541381
3574,11352501,23/24,2023-12-16,21,3027,Newcastle United,Fulham,home,3.440715133531157,1.9900924,-1.4506227367950122
3574,11352501,23/24,2023-12-16,3027,21,Fulham,Newcastle United,away,0.30569739696312365,1.434656,1.1289586270160634
3575,11352489,23/24,2023-12-16,23,10,Burnley,Everton,home,0.7115,1.2075206,0.49602060413360594
3575,11352489,23/24,2023-12-16,10,23,Everton,Burnley,away,1.4639,1.3926423,-0.07125774040222166
3576,11352483,23/24,2023-12-17,17,2275,Arsenal,Brighton & Hove Albion,home,2.3031304780876494,2.0093343,-0.2937961522972441
3576,11352483,23/24,2023-12-17,2275,17,Brighton & Hove Albion,Arsenal,away,0.687,1.2482609,0.5612608556747436
3577,11352487,23/24,2023-12-17,5301,12,Brentford,Aston Villa,home,0.5060220661985958,1.8052226,1.2992005643021978
3577,11352487,23/24,2023-12-17,12,5301,Aston Villa,Brentford,away,1.4078353293413175,1.308529,-0.09930630998554357
3578,11352508,23/24,2023-12-17,7,3033,West Ham United,Wolverhampton,home,1.1161165338645418,1.5525609,0.4364443916191618
3578,11352508,23/24,2023-12-17,3033,7,Wolverhampton,West Ham United,away,0.6599,1.2506902,0.590790221786499
3579,11352496,23/24,2023-12-17,19,1,Liverpool FC,Manchester United,home,2.3807,2.1534965,-0.22720349617004398
3579,11352496,23/24,2023-12-17,1,19,Manchester United,Liverpool FC,away,0.7538,1.3240906,0.5702906000137329
3580,11352514,23/24,2023-12-21,18,2275,Crystal Palace,Brighton & Hove Albion,home,1.3504,1.3515493,0.0011492677688598185
3580,11352514,23/24,2023-12-21,2275,18,Brighton & Hove Albion,Crystal Palace,away,1.186210843373494,1.4481839,0.26197305078391575
3581,11352511,23/24,2023-12-22,12,3792,Aston Villa,Sheffield United,home,0.8627,2.0586634,1.1959633682250976
3581,11352511,23/24,2023-12-22,3792,12,Sheffield United,Aston Villa,away,0.570141,0.9643835,0.3942424829330444
3582,11352535,23/24,2023-12-23,7,1,West Ham United,Manchester United,home,1.2460481927710843,1.6219473,0.37589909574209934
3582,11352535,23/24,2023-12-23,1,7,Manchester United,West Ham United,away,1.0117918326693227,1.3751379,0.36334609247868754
3583,11352531,23/24,2023-12-23,8,10,Tottenham Hotspur,Everton,home,1.4797,1.6356597,0.15595969467163084
3583,11352531,23/24,2023-12-23,10,8,Everton,Tottenham Hotspur,away,1.7833,1.3916942,-0.39160581188201915
3584,11352522,23/24,2023-12-23,6830,21,Luton Town,Newcastle United,home,1.491,1.29208,-0.19891995525360118
3584,11352522,23/24,2023-12-23,21,6830,Newcastle United,Luton Town,away,1.4858927855711423,1.9032675,0.41737471721358665
3585,11352517,23/24,2023-12-23,3027,23,Fulham,Burnley,home,1.4243,1.4354221,0.011122062873840433
3585,11352517,23/24,2023-12-23,23,3027,Burnley,Fulham,away,0.37147342026078234,1.1647053,0.7932318562284755
3586,11352528,23/24,2023-12-23,6072,769,Nottingham Forest,Bournemouth,home,1.0830578778135047,1.1584383,0.07538044711477898
3586,11352528,23/24,2023-12-23,769,6072,Bournemouth,Nottingham Forest,away,1.6244,1.3949752,-0.22942481460571296
3587,11352520,23/24,2023-12-23,19,17,Liverpool FC,Arsenal,home,0.9662,1.958698,0.9924980342864991
3587,11352520,23/24,2023-12-23,17,19,Arsenal,Liverpool FC,away,0.739,1.422343,0.6833430156707764
3588,11352538,23/24,2023-12-24,3033,24,Wolverhampton,Chelsea,home,1.2451978346456694,1.4806397,0.23544186147554647
3588,11352538,23/24,2023-12-24,24,3033,Chelsea,Wolverhampton,away,2.0588,1.7388853,-0.3199147165298464
3589,11352566,23/24,2023-12-26,21,6072,Newcastle United,Nottingham Forest,home,2.5509,2.0666234,-0.4842765506744384
3589,11352566,23/24,2023-12-26,6072,21,Nottingham Forest,Newcastle United,away,3.4593,1.3181087,-2.141191322135925
3590,11352541,23/24,2023-12-26,769,3027,Bournemouth,Fulham,home,1.812087261785356,1.679919,-0.13216825734504845
3590,11352541,23/24,2023-12-26,3027,769,Fulham,Bournemouth,away,0.26948367952522256,1.1960113,0.9265276253301241
3591,11352569,23/24,2023-12-26,3792,6830,Sheffield United,Luton Town,home,2.7245382352941174,1.5708754,-1.1536628290288586
3591,11352569,23/24,2023-12-26,6830,3792,Luton Town,Sheffield United,away,0.625581,1.1470854,0.521504428237915
3592,11352554,23/24,2023-12-26,23,19,Burnley,Liverpool FC,home,0.8007934131736527,1.1242785,0.32348513220598596
3592,11352554,23/24,2023-12-26,19,23,Liverpool FC,Burnley,away,1.8052590361445784,1.8749685,0.0697094926029802
3593,11352563,23/24,2023-12-26,1,12,Manchester United,Aston Villa,home,1.121967,1.4942287,0.3722617206649781
3593,11352563,23/24,2023-12-26,12,1,Aston Villa,Manchester United,away,1.628991089108911,1.6372197,0.008228578325781388
3594,11352557,23/24,2023-12-27,24,18,Chelsea,Crystal Palace,home,2.567,2.0621824,-0.5048175735473635
3594,11352557,23/24,2023-12-27,18,24,Crystal Palace,Chelsea,away,1.1102284569138277,1.3216224,0.21139391475975633
3595,11352547,23/24,2023-12-27,5301,3033,Brentford,Wolverhampton,home,2.2037360557768926,1.7358931,-0.4678429254744634
3595,11352547,23/24,2023-12-27,3033,5301,Wolverhampton,Brentford,away,2.3883,1.2026901,-1.1856098754882813
3596,11352559,23/24,2023-12-27,10,22,Everton,Manchester City,home,0.978,1.2886994,0.31069938850402834
3596,11352559,23/24,2023-12-27,22,10,Manchester City,Everton,away,2.6586,1.6256095,-1.0329904829025267
3597,11777280,23/24,2023-12-28,2275,8,Brighton & Hove Albion,Tottenham Hotspur,home,3.591704112337011,2.215297,-1.3764071286181387
3597,11777280,23/24,2023-12-28,8,2275,Tottenham Hotspur,Brighton & Hove Albion,away,2.3554,1.602486,-0.75291398563385
3598,11777281,23/24,2023-12-28,17,7,Arsenal,West Ham United,home,2.901,2.112357,-0.7886430988311766
3598,11777281,23/24,2023-12-28,7,17,West Ham United,Arsenal,away,1.4208,1.0885655,-0.3322345312118531
3599,11352582,23/24,2023-12-30,6830,24,Luton Town,Chelsea,home,2.586,1.349819,-1.2361810550689696
3599,11352582,23/24,2023-12-30,24,6830,Chelsea,Luton Town,away,1.4954,2.135381,0.6399809833526611
3600,11352583,23/24,2023-12-30,22,3792,Manchester City,Sheffield United,home,2.2074,2.0537004,-0.15369955291748028
3600,11352583,23/24,2023-12-30,3792,22,Sheffield United,Manchester City,away,0.313,0.9721053,0.6591053242683411
3601,11352573,23/24,2023-12-30,12,23,Aston Villa,Burnley,home,3.212088264794383,1.9974388,-1.2146494763803815
3601,11352573,23/24,2023-12-30,23,12,Burnley,Aston Villa,away,1.2099539748953976,0.9897419,-0.22021205347053185
3602,11352592,23/24,2023-12-30,3033,10,Wolverhampton,Everton,home,1.9542678571428571,1.3422045,-0.612063405581883
3602,11352592,23/24,2023-12-30,10,3033,Everton,Wolverhampton,away,0.4552,1.4128937,0.9576936529159545
3603,11352576,23/24,2023-12-30,18,5301,Crystal Palace,Brentford,home,0.970893,1.2152033,0.24431028521728515
3603,11352576,23/24,2023-12-30,5301,18,Brentford,Crystal Palace,away,1.3921,1.7367214,0.34462139644622813
3604,11352586,23/24,2023-12-30,6072,1,Nottingham Forest,Manchester United,home,0.6728709677419354,1.3894448,0.7165738602915118
3604,11352586,23/24,2023-12-30,1,6072,Manchester United,Nottingham Forest,away,0.748539,1.5287663,0.7802272744522095
3605,11352577,23/24,2023-12-31,3027,17,Fulham,Arsenal,home,1.2241,1.2171345,-0.006965524291992153
3605,11352577,23/24,2023-12-31,17,3027,Arsenal,Fulham,away,1.6924,1.8322786,0.13987860927581797
3606,11352587,23/24,2023-12-31,8,769,Tottenham Hotspur,Bournemouth,home,2.3107635814889336,1.8245307,-0.4862328607781792
3606,11352587,23/24,2023-12-31,769,8,Bournemouth,Tottenham Hotspur,away,1.6792,1.4169257,-0.26227433128356936
3607,11352580,23/24,2024-01-01,19,21,Liverpool FC,Newcastle United,home,7.3986,2.96508,-4.43351997718811
3607,11352580,23/24,2024-01-01,21,19,Newcastle United,Liverpool FC,away,0.6006,1.263281,0.662680987739563
3608,11352589,23/24,2024-01-02,7,2275,West Ham United,Brighton & Hove Albion,home,0.6825,1.5221275,0.8396275091171265
3608,11352589,23/24,2024-01-02,2275,7,Brighton & Hove Albion,West Ham United,away,2.3881,1.7678123,-0.6202877479553224
3609,11352318,23/24,2024-01-12,23,6830,Burnley,Luton Town,home,1.0843747514910538,1.4252486,0.34087387140323333
3609,11352318,23/24,2024-01-12,6830,23,Luton Town,Burnley,away,0.9405991983967936,1.2997789,0.3591797398966634
3610,11352321,23/24,2024-01-13,24,3027,Chelsea,Fulham,home,2.1982,2.2438817,0.04568170242309577
3610,11352321,23/24,2024-01-13,3027,24,Fulham,Chelsea,away,0.8558,1.1367304,0.28093043251037597
3611,11352331,23/24,2024-01-13,21,22,Newcastle United,Manchester City,home,1.2935734406438633,1.5281808,0.23460739698736233
3611,11352331,23/24,2024-01-13,22,21,Manchester City,Newcastle United,away,3.0013,2.2292554,-0.7720445621490479
3612,11352324,23/24,2024-01-14,10,12,Everton,Aston Villa,home,1.2039,1.2387478,0.03484783515930179
3612,11352324,23/24,2024-01-14,12,10,Aston Villa,Everton,away,1.2458326653306613,1.6173477,0.37151505195449497
3613,11352328,23/24,2024-01-14,1,8,Manchester United,Tottenham Hotspur,home,0.7468734939759036,1.6358275,0.8889540473754147
3613,11352328,23/24,2024-01-14,8,1,Tottenham Hotspur,Manchester United,away,1.2270632530120482,1.6340033,0.40694002858127454
3614,11352311,23/24,2024-01-20,17,18,Arsenal,Crystal Palace,home,3.2129,2.4550962,-0.7578037551879881
3614,11352311,23/24,2024-01-20,18,17,Crystal Palace,Arsenal,away,0.345457372116349,1.1154284,0.7699710756070397
3615,11352313,23/24,2024-01-20,5301,6072,Brentford,Nottingham Forest,home,1.1760415841584158,1.7626364,0.5865948389525462
3615,11352313,23/24,2024-01-20,6072,5301,Nottingham Forest,Brentford,away,1.203230769230769,1.2845744,0.08134362022693353
3616,11352334,23/24,2024-01-21,3792,7,Sheffield United,West Ham United,home,2.628169811320755,1.4692801,-1.1588896876101225
3616,11352334,23/24,2024-01-21,7,3792,West Ham United,Sheffield United,away,2.3270461384152457,1.3566691,-0.9703770700787588
3617,11352308,23/24,2024-01-21,769,19,Bournemouth,Liverpool FC,home,1.3479761194029851,1.3022087,-0.04576745736990406
3617,11352308,23/24,2024-01-21,19,769,Liverpool FC,Bournemouth,away,1.543044642857143,1.6773967,0.1343520122255597
3618,11352315,23/24,2024-01-22,2275,3033,Brighton & Hove Albion,Wolverhampton,home,1.0546,1.9563565,0.9017565254211426
3618,11352315,23/24,2024-01-22,3033,2275,Wolverhampton,Brighton & Hove Albion,away,1.146,1.2671202,0.12112024211883554
3619,11352348,23/24,2024-01-30,6072,17,Nottingham Forest,Arsenal,home,0.471,1.1970731,0.7260731019973755
3619,11352348,23/24,2024-01-30,17,6072,Arsenal,Nottingham Forest,away,1.1745,1.866624,0.6921239976882934
3620,11352344,23/24,2024-01-30,6830,2275,Luton Town,Brighton & Hove Albion,home,3.2096,1.350867,-1.8587329669952393
3620,11352344,23/24,2024-01-30,2275,6830,Brighton & Hove Albion,Luton Town,away,0.9757,1.6459672,0.6702672451019287
3621,11352342,23/24,2024-01-30,3027,10,Fulham,Everton,home,1.6548,1.451619,-0.20318097095489507
3621,11352342,23/24,2024-01-30,10,3027,Everton,Fulham,away,2.1845,1.5274996,-0.657000443458557
3622,11352361,23/24,2024-01-30,18,3792,Crystal Palace,Sheffield United,home,1.134,1.4758985,0.34189850425720225
3622,11352361,23/24,2024-01-30,3792,18,Sheffield United,Crystal Palace,away,0.752617148554337,1.241581,0.4889638145804286
3623,11352338,23/24,2024-01-30,12,21,Aston Villa,Newcastle United,home,1.4565,1.9272869,0.47078686332702646
3623,11352338,23/24,2024-01-30,21,12,Newcastle United,Aston Villa,away,2.6507,1.2162223,-1.4344777137756348
3624,11352369,23/24,2024-01-31,22,23,Manchester City,Burnley,home,1.7342784431137725,2.3878186,0.653540131791623
3624,11352369,23/24,2024-01-31,23,22,Burnley,Manchester City,away,1.4359969879518073,0.9420655,-0.4939315105805915
3625,11352351,23/24,2024-01-31,8,5301,Tottenham Hotspur,Brentford,home,2.9793153153153153,1.9835325,-0.9957827673645707
3625,11352351,23/24,2024-01-31,5301,8,Brentford,Tottenham Hotspur,away,1.59225,1.5568795,-0.03537047958374018
3626,11352365,23/24,2024-01-31,19,24,Liverpool FC,Chelsea,home,2.884603811434303,2.0963163,-0.7882874738488539
3626,11352365,23/24,2024-01-31,24,19,Chelsea,Liverpool FC,away,0.5787081243731194,1.3449864,0.7662783143781013
3627,11352354,23/24,2024-02-01,7,769,West Ham United,Bournemouth,home,1.3862,1.2830938,-0.10310618991851817
3627,11352354,23/24,2024-02-01,769,7,Bournemouth,West Ham United,away,1.194851554663992,1.7392492,0.5443976747671604
3628,11896302,23/24,2024-02-01,3033,1,Wolverhampton,Manchester United,home,2.1951,1.4954942,-0.6996057535171509
3628,11896302,23/24,2024-02-01,1,3033,Manchester United,Wolverhampton,away,3.2306129032258064,1.4001658,-1.8304471069458992
3629,11352395,23/24,2024-02-03,10,8,Everton,Tottenham Hotspur,home,3.1334970297029705,1.654253,-1.4792440237215252
3629,11352395,23/24,2024-02-03,8,10,Tottenham Hotspur,Everton,away,0.9509823529411765,1.8018377,0.8508553297828225
3630,11352402,23/24,2024-02-03,21,6830,Newcastle United,Luton Town,home,2.4751,2.087117,-0.3879830432891844
3630,11352402,23/24,2024-02-03,6830,21,Luton Town,Newcastle United,away,2.369868131868132,1.4524558,-0.9174123728196699
3631,11352383,23/24,2024-02-03,2275,18,Brighton & Hove Albion,Crystal Palace,home,1.4254,1.8056077,0.3802076765060425
3631,11352383,23/24,2024-02-03,18,2275,Crystal Palace,Brighton & Hove Albion,away,0.2992,1.1783065,0.8791064603805542
3632,11352386,23/24,2024-02-03,23,3027,Burnley,Fulham,home,1.7968946840521565,1.3706264,-0.42626823446719553
3632,11352386,23/24,2024-02-03,3027,23,Fulham,Burnley,away,1.5040651955867603,1.4373394,-0.06672577049978523
3633,11352409,23/24,2024-02-03,3792,12,Sheffield United,Aston Villa,home,1.7467,1.1754571,-0.5712428800582885
3633,11352409,23/24,2024-02-03,12,3792,Aston Villa,Sheffield United,away,2.5473,1.5715283,-0.9757716844558715
3634,11352398,23/24,2024-02-04,1,7,Manchester United,West Ham United,home,0.7407726819541376,1.8434635,1.1026908581230719
3634,11352398,23/24,2024-02-04,7,1,West Ham United,Manchester United,away,1.4038,1.2314816,-0.1723184478759765
3635,11352392,23/24,2024-02-04,24,3033,Chelsea,Wolverhampton,home,1.7357,1.8829442,0.1472442262649536
3635,11352392,23/24,2024-02-04,3033,24,Wolverhampton,Chelsea,away,1.955519287833828,1.314634,-0.6408853223415794
3636,11352372,23/24,2024-02-04,769,6072,Bournemouth,Nottingham Forest,home,1.4859979838709676,1.7913154,0.3053174524922526
3636,11352372,23/24,2024-02-04,6072,769,Nottingham Forest,Bournemouth,away,0.5234984954864593,1.1256027,0.6021042266815094
3637,11352376,23/24,2024-02-04,17,19,Arsenal,Liverpool FC,home,3.7401,1.9882532,-1.7518467641830444
3637,11352376,23/24,2024-02-04,19,17,Liverpool FC,Arsenal,away,0.3702560240963855,1.5716816,1.2014255945941053
3638,11352380,23/24,2024-02-05,5301,22,Brentford,Manchester City,home,1.0432,1.4484735,0.4052734535217286
3638,11352380,23/24,2024-02-05,22,5301,Manchester City,Brentford,away,2.081385542168675,1.9271995,-0.15418605925088924
3639,11352431,23/24,2024-02-10,22,10,Manchester City,Everton,home,1.6103076923076922,2.3563216,0.7460138809497541
3639,11352431,23/24,2024-02-10,10,22,Everton,Manchester City,away,0.31167391304347825,1.0698276,0.7581536435666292
3640,11352423,23/24,2024-02-10,19,23,Liverpool FC,Burnley,home,2.8597,2.4232678,-0.4364321586608888
3640,11352423,23/24,2024-02-10,23,19,Burnley,Liverpool FC,away,1.396197,0.97334665,-0.42285034939956656
3641,11352439,23/24,2024-02-10,8,2275,Tottenham Hotspur,Brighton & Hove Albion,home,1.6572,2.0102203,0.3530202892303467
3641,11352439,23/24,2024-02-10,2275,8,Brighton & Hove Albion,Tottenham Hotspur,away,1.1968150684931507,1.7035947,0.5067796161076794
3642,11352446,23/24,2024-02-10,3033,5301,Wolverhampton,Brentford,home,1.037813627254509,1.5619705,0.5241568450813063
3642,11352446,23/24,2024-02-10,5301,3033,Brentford,Wolverhampton,away,1.907472166998012,1.4588536,-0.4486185645886491
3643,11352419,23/24,2024-02-10,3027,769,Fulham,Bournemouth,home,1.5289890656063618,1.2720375,-0.2569515595028462
3643,11352419,23/24,2024-02-10,769,3027,Bournemouth,Fulham,away,1.8280280561122244,1.5023142,-0.3257138461741751
3644,11352427,23/24,2024-02-10,6830,3792,Luton Town,Sheffield United,home,1.8470851485148514,1.5620567,-0.28502848786269075
3644,11352427,23/24,2024-02-10,3792,6830,Sheffield United,Luton Town,away,1.8089,1.2892314,-0.5196685804367065
3645,11352435,23/24,2024-02-10,6072,21,Nottingham Forest,Newcastle United,home,1.4996,1.461909,-0.03769094429016118
3645,11352435,23/24,2024-02-10,21,6072,Newcastle United,Nottingham Forest,away,0.4846,1.5696961,1.085096068763733
3646,11352443,23/24,2024-02-11,7,17,West Ham United,Arsenal,home,0.2217,1.2001245,0.9784245021820068
3646,11352443,23/24,2024-02-11,17,7,Arsenal,West Ham United,away,3.5929,2.1517158,-1.4411842445373537
3647,11352412,23/24,2024-02-11,12,1,Aston Villa,Manchester United,home,2.578338645418327,1.9325012,-0.6458374485570597
3647,11352412,23/24,2024-02-11,1,12,Manchester United,Aston Villa,away,1.7944,1.3406614,-0.4537385934829712
3648,11352415,23/24,2024-02-12,18,24,Crystal Palace,Chelsea,home,0.5528906720160481,1.4544041,0.9015134436608317
3648,11352415,23/24,2024-02-12,24,18,Chelsea,Crystal Palace,away,1.394837512537613,1.7398219,0.3449843983205414
3649,11352450,23/24,2024-02-17,5301,19,Brentford,Liverpool FC,home,1.823564128256513,1.6307412,-0.19282288966245775
3649,11352450,23/24,2024-02-17,19,5301,Liverpool FC,Brentford,away,2.8198270377733596,2.0577686,-0.7620584544756301
3650,11352453,23/24,2024-02-17,23,17,Burnley,Arsenal,home,0.3094,1.0986581,0.7892580848693848
3650,11352453,23/24,2024-02-17,17,23,Arsenal,Burnley,away,2.336103,2.1576693,-0.17843369419860844
3651,11352486,23/24,2024-02-17,8,3033,Tottenham Hotspur,Wolverhampton,home,1.5976347305389222,1.9360064,0.338371696272296
3651,11352486,23/24,2024-02-17,3033,8,Wolverhampton,Tottenham Hotspur,away,1.7513855421686746,1.2918702,-0.45951530577188504
3652,11352474,23/24,2024-02-17,21,769,Newcastle United,Bournemouth,home,2.1857589285714285,1.9045869,-0.28117201736995145
3652,11352474,23/24,2024-02-17,769,21,Bournemouth,Newcastle United,away,2.2007392176529588,1.686757,-0.5139822491547288
3653,11352462,23/24,2024-02-17,3027,12,Fulham,Aston Villa,home,1.5529,1.4281784,-0.12472157039642329
3653,11352462,23/24,2024-02-17,12,3027,Aston Villa,Fulham,away,1.6111,1.7441341,0.13303406848907473
3654,11352478,23/24,2024-02-17,6072,7,Nottingham Forest,West Ham United,home,2.802285857572718,1.5338688,-1.2684170678998665
3654,11352478,23/24,2024-02-17,7,6072,West Ham United,Nottingham Forest,away,0.5064386503067485,1.1460536,0.639614902320815
3655,11352469,23/24,2024-02-17,22,24,Manchester City,Chelsea,home,2.6938,2.3864393,-0.307360676574707
3655,11352469,23/24,2024-02-17,24,22,Chelsea,Manchester City,away,1.4661,1.2129997,-0.253100298500061
3656,11352481,23/24,2024-02-18,3792,2275,Sheffield United,Brighton & Hove Albion,home,0.6440963855421686,1.2477593,0.6036629566514349
3656,11352481,23/24,2024-02-18,2275,3792,Brighton & Hove Albion,Sheffield United,away,3.0197,1.7207813,-1.2989186737060545
3657,11352465,23/24,2024-02-18,6830,1,Luton Town,Manchester United,home,1.8188,1.5717759,-0.24702408676147458
3657,11352465,23/24,2024-02-18,1,6830,Manchester United,Luton Town,away,2.9633336683417086,1.4769346,-1.4863991161490206
3658,11352458,23/24,2024-02-19,10,18,Everton,Crystal Palace,home,1.8041,1.6880271,-0.11607285652160648
3658,11352458,23/24,2024-02-19,18,10,Crystal Palace,Everton,away,0.7264633901705115,1.1954969,0.4690335266004235
3659,11971437,23/24,2024-02-20,22,5301,Manchester City,Brentford,home,2.430911735205617,2.5430202,0.11210851320746906
3659,11971437,23/24,2024-02-20,5301,22,Brentford,Manchester City,away,0.3487679282868526,1.1215916,0.7728236397063115
3660,11352512,23/24,2024-02-21,19,6830,Liverpool FC,Luton Town,home,3.26867296222664,2.51989,-0.7487828922650923
3660,11352512,23/24,2024-02-21,6830,19,Luton Town,Liverpool FC,away,0.9355,1.1957899,0.2602899332046509
3661,11352518,23/24,2024-02-24,1,3027,Manchester United,Fulham,home,1.7324,1.7770283,0.04462832221984869
3661,11352518,23/24,2024-02-24,3027,1,Fulham,Manchester United,away,1.2043,1.5293423,0.3250422937393189
3662,11352499,23/24,2024-02-24,12,6072,Aston Villa,Nottingham Forest,home,3.6727,1.7090088,-1.963691187095642
3662,11352499,23/24,2024-02-24,6072,12,Nottingham Forest,Aston Villa,away,2.5638,1.3239866,-1.2398133504867554
3663,11352502,23/24,2024-02-24,2275,10,Brighton & Hove Albion,Everton,home,1.4229357798165139,1.8752061,0.45227033304511943
3663,11352502,23/24,2024-02-24,10,2275,Everton,Brighton & Hove Albion,away,0.2866153846153846,1.2602206,0.9736052622428307
3664,11352509,23/24,2024-02-24,18,23,Crystal Palace,Burnley,home,2.3749131736526947,1.5182452,-0.8566679534683685
3664,11352509,23/24,2024-02-24,23,18,Burnley,Crystal Palace,away,0.08341666666666667,1.1414233,1.0580066779454549
3665,11352490,23/24,2024-02-24,769,22,Bournemouth,Manchester City,home,0.9206212723658052,1.349347,0.4287257229878936
3665,11352490,23/24,2024-02-24,22,769,Manchester City,Bournemouth,away,1.7447014028056111,1.7888844,0.04418299851579999
3666,11352493,23/24,2024-02-24,17,21,Arsenal,Newcastle United,home,2.8565,2.479949,-0.37655100250244145
3666,11352493,23/24,2024-02-24,21,17,Newcastle United,Arsenal,away,0.1583,1.1103554,0.9520553771972656
3667,11352525,23/24,2024-02-25,3033,3792,Wolverhampton,Sheffield United,home,1.2980331325301204,1.565296,0.26726292135629315
3667,11352525,23/24,2024-02-25,3792,3033,Sheffield United,Wolverhampton,away,0.5789,1.2326812,0.653781155204773
3668,11352521,23/24,2024-02-26,7,5301,West Ham United,Brentford,home,1.6894,1.6246804,-0.06471960010528566
3668,11352521,23/24,2024-02-26,5301,7,Brentford,West Ham United,away,0.9201,1.5715187,0.6514186595916748
3669,11352556,23/24,2024-03-02,6072,19,Nottingham Forest,Liverpool FC,home,0.9724,1.3410703,0.36867029438018795
3669,11352556,23/24,2024-03-02,19,6072,Liverpool FC,Nottingham Forest,away,2.0202065217391305,1.9093456,-0.11086089490807582
3670,11352530,23/24,2024-03-02,5301,24,Brentford,Chelsea,home,1.8105538922155688,1.8136106,0.0030566615258862395
3670,11352530,23/24,2024-03-02,24,5301,Chelsea,Brentford,away,1.8122,1.6992142,-0.11298577995300296
3671,11352564,23/24,2024-03-02,8,18,Tottenham Hotspur,Crystal Palace,home,1.8856344621513943,1.7475184,-0.1381160419319729
3671,11352564,23/24,2024-03-02,18,8,Crystal Palace,Tottenham Hotspur,away,0.3214,1.0872141,0.7658141122817993
3672,11352553,23/24,2024-03-02,21,3033,Newcastle United,Wolverhampton,home,2.1931,1.8086345,-0.38446548042297346
3672,11352553,23/24,2024-03-02,3033,21,Wolverhampton,Newcastle United,away,0.7966,1.2771089,0.480508907699585
3673,11352537,23/24,2024-03-02,10,7,Everton,West Ham United,home,2.7313,1.7404553,-0.9908447301864625
3673,11352537,23/24,2024-03-02,7,10,West Ham United,Everton,away,1.8733,1.2222627,-0.6510372598648071
3674,11352540,23/24,2024-03-02,3027,2275,Fulham,Brighton & Hove Albion,home,1.282842,1.2543569,-0.028485138885498085
3674,11352540,23/24,2024-03-02,2275,3027,Brighton & Hove Albion,Fulham,away,1.3358,1.7289134,0.39311342639923086
3675,11352545,23/24,2024-03-02,6830,12,Luton Town,Aston Villa,home,1.9855606820461384,1.4284621,-0.5570985343334309
3675,11352545,23/24,2024-03-02,12,6830,Aston Villa,Luton Town,away,1.9538,1.8679233,-0.08587674026489256
3676,11352533,23/24,2024-03-03,23,769,Burnley,Bournemouth,home,1.5016,1.1840395,-0.3175605264663697
3676,11352533,23/24,2024-03-03,769,23,Bournemouth,Burnley,away,1.106847609561753,1.6758842,0.5690366372644189
3677,11352548,23/24,2024-03-03,22,1,Manchester City,Manchester United,home,3.3315,2.5713766,-0.7601234378814699
3677,11352548,23/24,2024-03-03,1,22,Manchester United,Manchester City,away,0.2486,1.035221,0.7866209806442261
3678,11352560,23/24,2024-03-04,3792,17,Sheffield United,Arsenal,home,0.2389,1.0985258,0.8596257625579834
3678,11352560,23/24,2024-03-04,17,3792,Arsenal,Sheffield United,away,2.3208,2.138476,-0.18232410507202168
3679,11352591,23/24,2024-03-09,1,10,Manchester United,Everton,home,2.7059336683417086,1.5726532,-1.133280493941379
3679,11352591,23/24,2024-03-09,10,1,Everton,Manchester United,away,1.6156,1.5164676,-0.099132428741455
3680,11352595,23/24,2024-03-09,3033,3027,Wolverhampton,Fulham,home,0.8341,1.4615049,0.6274049362182618
3680,11352595,23/24,2024-03-09,3027,3033,Fulham,Wolverhampton,away,2.7746,1.4109942,-1.3636058279037475
3681,11352585,23/24,2024-03-09,18,6830,Crystal Palace,Luton Town,home,2.7785,1.5073986,-1.2711013946533205
3681,11352585,23/24,2024-03-09,6830,18,Luton Town,Crystal Palace,away,0.8220710059171598,1.2970322,0.4749612311357577
3682,11352567,23/24,2024-03-09,769,3792,Bournemouth,Sheffield United,home,3.3491,1.8716998,-1.4774001899719238
3682,11352567,23/24,2024-03-09,3792,769,Sheffield United,Bournemouth,away,1.269,1.1745341,-0.09446591758728018
3683,11352572,23/24,2024-03-09,17,5301,Arsenal,Brentford,home,1.2845,2.3968081,1.11230814743042
3683,11352572,23/24,2024-03-09,5301,17,Brentford,Arsenal,away,0.9547410714285715,1.0793979,0.12465684536525179
3684,11352575,23/24,2024-03-10,12,8,Aston Villa,Tottenham Hotspur,home,0.8383015384615384,1.8055017,0.9672001609860934
3684,11352575,23/24,2024-03-10,8,12,Tottenham Hotspur,Aston Villa,away,1.5175425742574258,1.6660137,0.1484711433939414
3685,11352593,23/24,2024-03-10,7,23,West Ham United,Burnley,home,2.1136,1.7179142,-0.39568577632904045
3685,11352593,23/24,2024-03-10,23,7,Burnley,West Ham United,away,0.6756,1.1878815,0.5122814697265625
3686,11352579,23/24,2024-03-10,2275,6072,Brighton & Hove Albion,Nottingham Forest,home,0.4297,1.8374865,1.4077865055084229
3686,11352579,23/24,2024-03-10,6072,2275,Nottingham Forest,Brighton & Hove Albion,away,0.6981583166332666,1.058455,0.36029667375369634
3687,11352588,23/24,2024-03-10,19,22,Liverpool FC,Manchester City,home,2.6978,1.9265516,-0.7712484195709228
3687,11352588,23/24,2024-03-10,22,19,Manchester City,Liverpool FC,away,1.5581,1.973881,0.4157810062408447
3688,11352581,23/24,2024-03-11,24,21,Chelsea,Newcastle United,home,1.5635446339017052,1.9166621,0.3531174630755287
3688,11352581,23/24,2024-03-11,21,24,Newcastle United,Chelsea,away,0.7376,1.6005781,0.8629780696868896
3689,11977248,23/24,2024-03-13,769,6830,Bournemouth,Luton Town,home,2.3445855855855857,1.9319624,-0.41262321471308816
3689,11977248,23/24,2024-03-13,6830,769,Luton Town,Bournemouth,away,2.0117934782608695,1.2838126,-0.7279808361633964
3690,11352599,23/24,2024-03-16,23,5301,Burnley,Brentford,home,2.7175009900990097,1.4454367,-1.2720642740192978
3690,11352599,23/24,2024-03-16,5301,23,Brentford,Burnley,away,1.2683557268722467,1.6171153,0.3487595322982855
3691,11352606,23/24,2024-03-16,6830,6072,Luton Town,Nottingham Forest,home,0.5731891891891892,1.5389353,0.9657461144988602
3691,11352606,23/24,2024-03-16,6072,6830,Nottingham Forest,Luton Town,away,1.9816,1.4187442,-0.5628557935714722
3692,11352604,23/24,2024-03-16,3027,8,Fulham,Tottenham Hotspur,home,2.8701,1.461784,-1.4083159948348998
3692,11352604,23/24,2024-03-16,8,3027,Tottenham Hotspur,Fulham,away,2.394946893787575,1.7683644,-0.6265824643136981
3693,11352609,23/24,2024-03-17,7,12,West Ham United,Aston Villa,home,1.9624950884086445,1.5598471,-0.4026479719383076
3693,11352609,23/24,2024-03-17,12,7,Aston Villa,West Ham United,away,0.6625,1.731301,1.068800950050354
3694,11352620,23/24,2024-03-30,21,7,Newcastle United,West Ham United,home,4.0898,1.7815272,-2.3082728384017948
3694,11352620,23/24,2024-03-30,7,21,West Ham United,Newcastle United,away,1.3899246778989098,1.4187324,0.028807726809952472
3695,11352616,23/24,2024-03-30,24,23,Chelsea,Burnley,home,4.23841265060241,2.104629,-2.1337836108380053
3695,11352616,23/24,2024-03-30,23,24,Burnley,Chelsea,away,1.7301829787234042,1.3008057,-0.4293772908190463
3696,11352624,23/24,2024-03-30,8,6830,Tottenham Hotspur,Luton Town,home,2.9589237623762377,2.32515,-0.633773749406267
3696,11352624,23/24,2024-03-30,6830,8,Luton Town,Tottenham Hotspur,away,0.518661,1.1142614,0.5956003887786865
3697,11352612,23/24,2024-03-30,769,10,Bournemouth,Everton,home,1.3202314629258518,2.006672,0.6864404425917263
3697,11352612,23/24,2024-03-30,10,769,Everton,Bournemouth,away,1.0103,1.4172008,0.4069008037567139
3698,11352623,23/24,2024-03-30,3792,3027,Sheffield United,Fulham,home,1.806534365924492,1.3584331,-0.4481012385212326
3698,11352623,23/24,2024-03-30,3027,3792,Fulham,Sheffield United,away,1.2435086705202312,1.6268265,0.3833178542142659
3699,11352622,23/24,2024-03-30,6072,18,Nottingham Forest,Crystal Palace,home,0.9145336008024072,1.3531356,0.4386019849825049
3699,11352622,23/24,2024-03-30,18,6072,Crystal Palace,Nottingham Forest,away,1.1904,1.1348871,-0.05551290073394766
3700,11352613,23/24,2024-03-30,12,3033,Aston Villa,Wolverhampton,home,0.974754,1.9808818,1.0061278101882936
3700,11352613,23/24,2024-03-30,3033,12,Wolverhampton,Aston Villa,away,1.4500588235294118,1.2556521,-0.19440675348394065
3701,11352614,23/24,2024-03-30,5301,1,Brentford,Manchester United,home,3.24113163064833,1.8251232,-1.4160084397685084
3701,11352614,23/24,2024-03-30,1,5301,Manchester United,Brentford,away,0.5901,1.5100776,0.9199775957107544
3702,11352617,23/24,2024-03-31,19,2275,Liverpool FC,Brighton & Hove Albion,home,2.7940876494023903,1.9956551,-0.7984325895879372
3702,11352617,23/24,2024-03-31,2275,19,Brighton & Hove Albion,Liverpool FC,away,0.44678187250996015,1.4459246,0.9991427671918831
3703,11352619,23/24,2024-03-31,22,17,Manchester City,Arsenal,home,1.0201,1.9829953,0.9628952716827393
3703,11352619,23/24,2024-03-31,17,22,Arsenal,Manchester City,away,0.6583,1.6017348,0.9434347574234009
3704,11352343,23/24,2024-04-02,21,10,Newcastle United,Everton,home,2.4877,1.9162306,-0.5714694406509397
3704,11352343,23/24,2024-04-02,10,21,Everton,Newcastle United,away,1.4300440881763528,1.4208304,-0.009213719180686253
3705,11352333,23/24,2024-04-02,6072,3027,Nottingham Forest,Fulham,home,1.513751497005988,1.3798032,-0.1339483163114079
3705,11352333,23/24,2024-04-02,3027,6072,Fulham,Nottingham Forest,away,1.5044,1.4631873,-0.041212663078308065
3706,11352330,23/24,2024-04-02,23,3033,Burnley,Wolverhampton,home,1.3309778894472362,1.5364397,0.20546176776406755
3706,11352330,23/24,2024-04-02,3033,23,Wolverhampton,Burnley,away,0.8969698492462311,1.3302613,0.4332915004318084
3707,11352319,23/24,2024-04-02,769,18,Bournemouth,Crystal Palace,home,1.102,1.4286095,0.3266094903945922
3707,11352319,23/24,2024-04-02,18,769,Crystal Palace,Bournemouth,away,0.18766265060240964,1.0811957,0.893533061487129
3708,11352336,23/24,2024-04-02,7,8,West Ham United,Tottenham Hotspur,home,1.4909,1.2658939,-0.22500606384277333
3708,11352336,23/24,2024-04-02,8,7,Tottenham Hotspur,West Ham United,away,0.9592,1.8215582,0.8623582370758056
3709,11352322,23/24,2024-04-03,17,6830,Arsenal,Luton Town,home,0.7652351758793969,2.146085,1.380849848000608
3709,11352322,23/24,2024-04-03,6830,17,Luton Town,Arsenal,away,0.3415,0.9856938,0.6441938123703003
3710,11352325,23/24,2024-04-03,5301,2275,Brentford,Brighton & Hove Albion,home,0.5660130784708249,1.5411432,0.9751301004689944
3710,11352325,23/24,2024-04-03,2275,5301,Brighton & Hove Albion,Brentford,away,1.1315281690140846,1.5896672,0.4581390320280907
3711,11352352,23/24,2024-04-03,22,12,Manchester City,Aston Villa,home,3.4557,2.4565043,-0.9991956550598147
3711,11352352,23/24,2024-04-03,12,22,Aston Villa,Manchester City,away,0.767,1.1913986,0.42439862060546873
3712,11352347,23/24,2024-04-04,19,3792,Liverpool FC,Sheffield United,home,1.8274,2.5561898,0.728789775466919
3712,11352347,23/24,2024-04-04,3792,19,Sheffield United,Liverpool FC,away,0.5854689378757515,1.0118937,0.42642481136130905
3713,11352340,23/24,2024-04-04,24,1,Chelsea,Manchester United,home,2.9784885343968095,2.3749714,-0.6035171446263017
3713,11352340,23/24,2024-04-04,1,24,Manchester United,Chelsea,away,1.4554875373878364,1.3496064,-0.1058811426200752
3714,11352362,23/24,2024-04-06,18,22,Crystal Palace,Manchester City,home,1.0766,1.1686542,0.09205420341491699
3714,11352362,23/24,2024-04-06,22,18,Manchester City,Crystal Palace,away,1.9108,1.6078283,-0.30297174053192144
3715,11352368,23/24,2024-04-06,3027,21,Fulham,Newcastle United,home,1.2319673590504452,1.5773094,0.34534201099044837
3715,11352368,23/24,2024-04-06,21,3027,Newcastle United,Fulham,away,0.9757,1.6160069,0.640306851196289
3716,11352355,23/24,2024-04-06,12,5301,Aston Villa,Brentford,home,1.4849020771513353,1.8191843,0.33428222613235614
3716,11352355,23/24,2024-04-06,5301,12,Brentford,Aston Villa,away,1.5356785714285714,1.5941002,0.05842166546412875
3717,11352384,23/24,2024-04-06,3033,7,Wolverhampton,West Ham United,home,1.4282062868369352,1.4611185,0.03291217286460291
3717,11352384,23/24,2024-04-06,7,3033,West Ham United,Wolverhampton,away,1.1643,1.4689626,0.30466255016326915
3718,11352364,23/24,2024-04-06,10,23,Everton,Burnley,home,0.9277178464606182,1.6454953,0.717777449063979
3718,11352364,23/24,2024-04-06,23,10,Burnley,Everton,away,0.46434517766497463,1.3386214,0.8742762002799717
3719,11352371,23/24,2024-04-06,6830,769,Luton Town,Bournemouth,home,1.4634,1.2125796,-0.250820392036438
3719,11352371,23/24,2024-04-06,769,6830,Bournemouth,Luton Town,away,0.40191633466135457,1.5887289,1.1868125700627665
3720,11352359,23/24,2024-04-06,2275,17,Brighton & Hove Albion,Arsenal,home,0.5267,1.5259686,0.9992685516357422
3720,11352359,23/24,2024-04-06,17,2275,Arsenal,Brighton & Hove Albion,away,3.3928,1.8936535,-1.4991464879989622
3721,11352374,23/24,2024-04-07,1,19,Manchester United,Liverpool FC,home,0.6958738738738739,1.253718,0.5578441446579254
3721,11352374,23/24,2024-04-07,19,1,Liverpool FC,Manchester United,away,3.7001,2.3428264,-1.3572736335754394
3722,11352378,23/24,2024-04-07,3792,24,Sheffield United,Chelsea,home,1.3607087475149104,1.3629766,0.0022678035409977593
3722,11352378,23/24,2024-04-07,24,3792,Chelsea,Sheffield United,away,0.349,1.8463826,1.4973826179504395
3723,11352381,23/24,2024-04-07,8,6072,Tottenham Hotspur,Nottingham Forest,home,1.5429899699097291,1.8799778,0.33698785239404283
3723,11352381,23/24,2024-04-07,6072,8,Nottingham Forest,Tottenham Hotspur,away,1.6449689067201605,1.1665052,-0.47846368916797544
3724,11352410,23/24,2024-04-13,21,8,Newcastle United,Tottenham Hotspur,home,2.864340361445783,1.8371189,-1.0272214973863347
3724,11352410,23/24,2024-04-13,8,21,Tottenham Hotspur,Newcastle United,away,0.7724,1.5146488,0.7422487951278687
3725,11352406,23/24,2024-04-13,22,6830,Manchester City,Luton Town,home,4.491,2.4471612,-2.043838802337646
3725,11352406,23/24,2024-04-13,6830,22,Luton Town,Manchester City,away,0.5102,1.0423684,0.5321684120178223
3726,11352397,23/24,2024-04-13,23,2275,Burnley,Brighton & Hove Albion,home,1.6980781563126253,1.5891181,-0.10896003325812087
3726,11352397,23/24,2024-04-13,2275,23,Brighton & Hove Albion,Burnley,away,0.8549909819639279,1.5771477,0.7221567402803348
3727,11352413,23/24,2024-04-13,6072,3033,Nottingham Forest,Wolverhampton,home,1.895593625498008,1.698968,-0.1966255726339332
3727,11352413,23/24,2024-04-13,3033,6072,Wolverhampton,Nottingham Forest,away,1.1918456175298806,1.1842272,-0.007618389365207756
3728,11352394,23/24,2024-04-13,5301,3792,Brentford,Sheffield United,home,0.9956627218934911,1.8767296,0.8810668856886011
3728,11352394,23/24,2024-04-13,3792,5301,Sheffield United,Brentford,away,0.8338044132397192,1.0777866,0.24398215158724612
3729,11352387,23/24,2024-04-13,769,1,Bournemouth,Manchester United,home,1.6364,1.8697379,0.23333786354064934
3729,11352387,23/24,2024-04-13,1,769,Manchester United,Bournemouth,away,1.2573,1.0957983,-0.16150174598693856
3730,11352403,23/24,2024-04-14,19,18,Liverpool FC,Crystal Palace,home,2.8096,2.1931133,-0.6164866729736329
3730,11352403,23/24,2024-04-14,18,19,Crystal Palace,Liverpool FC,away,1.9690772316950853,0.9983323,-0.970744910051256
3731,11352416,23/24,2024-04-14,7,3027,West Ham United,Fulham,home,0.9169591226321037,1.3278198,0.41086070158664634
3731,11352416,23/24,2024-04-14,3027,7,Fulham,West Ham United,away,3.2202445544554457,1.6134864,-1.6067581452681288
3732,11352390,23/24,2024-04-14,17,12,Arsenal,Aston Villa,home,1.761189189189189,2.1238809,0.36269167400050817
3732,11352390,23/24,2024-04-14,12,17,Aston Villa,Arsenal,away,0.9362,1.1876595,0.2514595020294189
3733,11352401,23/24,2024-04-15,24,10,Chelsea,Everton,home,3.3556669980119285,2.3233612,-1.0323058396409568
3733,11352401,23/24,2024-04-15,10,24,Everton,Chelsea,away,1.4821,1.3626738,-0.11942624053955075
3734,11352434,23/24,2024-04-20,6830,5301,Luton Town,Brentford,home,0.5856,1.2487956,0.6631956285476684
3734,11352434,23/24,2024-04-20,5301,6830,Brentford,Luton Town,away,3.1387,1.7314016,-1.4072984373092652
3735,11352441,23/24,2024-04-20,3792,23,Sheffield United,Burnley,home,2.4485,1.3396021,-1.1088978872299196
3735,11352441,23/24,2024-04-20,23,3792,Burnley,Sheffield United,away,2.1374375,1.3284236,-0.8090138807296752
3736,11352448,23/24,2024-04-20,3033,17,Wolverhampton,Arsenal,home,0.1729,1.176159,1.0032590242385864
3736,11352448,23/24,2024-04-20,17,3033,Arsenal,Wolverhampton,away,1.1818,1.819308,0.6375080425262452
3737,11352429,23/24,2024-04-21,10,6072,Everton,Nottingham Forest,home,0.33910230692076226,1.255615,0.9165126890356586
3737,11352429,23/24,2024-04-21,6072,10,Nottingham Forest,Everton,away,0.9474,1.3827204,0.4353203512191772
3738,11352420,23/24,2024-04-21,12,769,Aston Villa,Bournemouth,home,2.4949789156626507,1.5613165,-0.9336624254893109
3738,11352420,23/24,2024-04-21,769,12,Bournemouth,Aston Villa,away,1.7677,1.614201,-0.15349905033111577
3739,11352425,23/24,2024-04-21,18,7,Crystal Palace,West Ham United,home,2.4054,1.543809,-0.8615909437179567
3739,11352425,23/24,2024-04-21,7,18,West Ham United,Crystal Palace,away,1.2633671013039116,1.3529702,0.08960314119639357
3740,11352432,23/24,2024-04-21,3027,19,Fulham,Liverpool FC,home,0.8027241725175527,1.5183368,0.7156126004011485
3740,11352432,23/24,2024-04-21,19,3027,Liverpool FC,Fulham,away,0.996950852557673,1.9146335,0.9176826599392752
3741,12190322,23/24,2024-04-23,17,24,Arsenal,Chelsea,home,3.4224,2.0700743,-1.3523256801605226
3741,12190322,23/24,2024-04-23,24,17,Chelsea,Arsenal,away,1.6774,1.3486991,-0.32870090713500977
3742,12190332,23/24,2024-04-24,3033,769,Wolverhampton,Bournemouth,home,0.5524774774774774,1.2031281,0.6506506219640509
3742,12190332,23/24,2024-04-24,769,3033,Bournemouth,Wolverhampton,away,1.9305492537313433,1.3984784,-0.5320708649450274
3743,12190339,23/24,2024-04-24,10,19,Everton,Liverpool FC,home,1.263,1.1768397,-0.08616029071807851
3743,12190339,23/24,2024-04-24,19,10,Liverpool FC,Everton,away,2.0595359281437124,1.8649529,-0.19458300627634184
3744,12190336,23/24,2024-04-24,1,3792,Manchester United,Sheffield United,home,2.889599403578529,1.5467104,-1.3428890316073985
3744,12190336,23/24,2024-04-24,3792,1,Sheffield United,Manchester United,away,0.807345,1.3776505,0.5703054993438721
3745,12190340,23/24,2024-04-24,18,21,Crystal Palace,Newcastle United,home,0.880054780876494,1.2811403,0.40108554657711926
3745,12190340,23/24,2024-04-24,21,18,Newcastle United,Crystal Palace,away,0.3614,1.6400454,1.2786454044342042
3746,12190341,23/24,2024-04-25,2275,22,Brighton & Hove Albion,Manchester City,home,0.6187,1.4897596,0.8710595643997192
3746,12190341,23/24,2024-04-25,22,2275,Manchester City,Brighton & Hove Albion,away,1.3646,2.0119526,0.6473526386260986
3747,11352476,23/24,2024-04-27,7,19,West Ham United,Liverpool FC,home,0.7038,1.1940523,0.4902523386001587
3747,11352476,23/24,2024-04-27,19,7,Liverpool FC,West Ham United,away,1.7537,2.114486,0.36078597908020016
3748,11352463,23/24,2024-04-27,1,23,Manchester United,Burnley,home,2.707,1.8221655,-0.8848345108032225
3748,11352463,23/24,2024-04-27,23,1,Burnley,Manchester United,away,2.0594,1.3219013,-0.7374986785888673
3749,11352467,23/24,2024-04-27,21,3792,Newcastle United,Sheffield United,home,3.1094,1.9461904,-1.163209642791748
3749,11352467,23/24,2024-04-27,3792,21,Sheffield United,Newcastle United,away,1.5625,1.0338495,-0.5286505222320557
3750,11352460,23/24,2024-04-27,3027,18,Fulham,Crystal Palace,home,1.111455621301775,1.7173789,0.6059232334498119
3750,11352460,23/24,2024-04-27,18,3027,Crystal Palace,Fulham,away,1.0050932798395187,1.2264897,0.2213963832845658
3751,11352479,23/24,2024-04-27,3033,6830,Wolverhampton,Luton Town,home,1.2014052156469408,1.6813616,0.4799563404062208
3751,11352479,23/24,2024-04-27,6830,3033,Luton Town,Wolverhampton,away,0.5891344032096288,1.1237403,0.534605912227688
3752,11352457,23/24,2024-04-27,10,5301,Everton,Brentford,home,0.8617,1.2186122,0.3569121940612793
3752,11352457,23/24,2024-04-27,5301,10,Brentford,Everton,away,0.869870741482966,1.5066214,0.6367506192958426
3753,11352454,23/24,2024-04-27,12,24,Aston Villa,Chelsea,home,1.090584,1.8370886,0.7465045848999023
3753,11352454,23/24,2024-04-27,24,12,Chelsea,Aston Villa,away,1.5384285714285715,1.902358,0.3639294836861746
3754,11352472,23/24,2024-04-28,8,17,Tottenham Hotspur,Arsenal,home,2.4058192771084337,1.623187,-0.7826323311932115
3754,11352472,23/24,2024-04-28,17,8,Arsenal,Tottenham Hotspur,away,1.0187963891675025,1.7352132,0.7164167713473291
3755,11352451,23/24,2024-04-28,769,2275,Bournemouth,Brighton & Hove Albion,home,2.108830131445905,1.9197407,-0.18908945456602222
3755,11352451,23/24,2024-04-28,2275,769,Brighton & Hove Albion,Bournemouth,away,0.9358376753507014,1.1640003,0.2281625974001531
3756,11352470,23/24,2024-04-28,6072,22,Nottingham Forest,Manchester City,home,1.922051204819277,1.1873275,-0.734723700661257
3756,11352470,23/24,2024-04-28,22,6072,Manchester City,Nottingham Forest,away,0.8739,1.7840993,0.9101993404388428
3757,12226774,23/24,2024-05-02,24,8,Chelsea,Tottenham Hotspur,home,2.4735105315947843,2.084301,-0.3892095367217374
3757,12226774,23/24,2024-05-02,8,24,Tottenham Hotspur,Chelsea,away,1.6367271815446338,1.7678039,0.13107672584977537
3758,11352503,23/24,2024-05-03,6830,10,Luton Town,Everton,home,0.8032094188376754,1.229165,0.4259555391625077
3758,11352503,23/24,2024-05-03,10,6830,Everton,Luton Town,away,1.4223,1.6155986,0.19329855937957774
3759,11352482,23/24,2024-05-04,17,769,Arsenal,Bournemouth,home,3.360351351351351,2.225283,-1.1350684438653893
3759,11352482,23/24,2024-05-04,769,17,Bournemouth,Arsenal,away,0.45620535714285715,1.150594,0.6943886389051165
3760,11352491,23/24,2024-05-04,23,21,Burnley,Newcastle United,home,1.0285329341317364,1.3865256,0.3579926968191913
3760,11352491,23/24,2024-05-04,21,23,Newcastle United,Burnley,away,3.7991746987951807,1.7773188,-2.0218558635366968
3761,11352485,23/24,2024-05-04,5301,3027,Brentford,Fulham,home,0.6314,1.6134866,0.982086647605896
3761,11352485,23/24,2024-05-04,3027,5301,Fulham,Brentford,away,1.2763,1.3926185,0.11631853694915772
3762,11352510,23/24,2024-05-04,3792,6072,Sheffield United,Nottingham Forest,home,2.3135,1.292762,-1.020737958908081
3762,11352510,23/24,2024-05-04,6072,3792,Nottingham Forest,Sheffield United,away,1.442656626506024,1.4181212,-0.02453540782468866
3763,11352507,23/24,2024-05-04,22,3033,Manchester City,Wolverhampton,home,3.7366,2.344389,-1.392211038208008
3763,11352507,23/24,2024-05-04,3033,22,Wolverhampton,Manchester City,away,0.3464502512562814,1.0096397,0.6631894887339529
3764,11352494,23/24,2024-05-05,24,7,Chelsea,West Ham United,home,4.194081325301204,2.3235402,-1.8705411145773274
3764,11352494,23/24,2024-05-05,7,24,West Ham United,Chelsea,away,0.8809,1.3735257,0.49262573871612547
3765,11352488,23/24,2024-05-05,2275,12,Brighton & Hove Albion,Aston Villa,home,2.476862376237624,1.8969314,-0.5799309664018084
3765,11352488,23/24,2024-05-05,12,2275,Aston Villa,Brighton & Hove Albion,away,0.053723214285714284,1.4547871,1.4010639208384923
3766,11352500,23/24,2024-05-05,19,8,Liverpool FC,Tottenham Hotspur,home,3.608286860581745,2.4492044,-1.1590824156964912
3766,11352500,23/24,2024-05-05,8,19,Tottenham Hotspur,Liverpool FC,away,1.2355,1.4302722,0.19477222156524654
3767,12226495,23/24,2024-05-06,18,1,Crystal Palace,Manchester United,home,1.730820359281437,1.6223687,-0.10845166592969147
3767,12226495,23/24,2024-05-06,1,18,Manchester United,Crystal Palace,away,0.3539,1.3143654,0.9604653869628906
3768,11352529,23/24,2024-05-11,3027,22,Fulham,Manchester City,home,0.1219,1.4237881,1.301888070678711
3768,11352529,23/24,2024-05-11,22,3027,Manchester City,Fulham,away,3.247,1.8153673,-1.431632658958435
3769,11352542,23/24,2024-05-11,8,23,Tottenham Hotspur,Burnley,home,2.6780288844621514,2.085003,-0.5930259852922295
3769,11352542,23/24,2024-05-11,23,8,Burnley,Tottenham Hotspur,away,0.6635169322709163,1.2988191,0.6353021328230778
3770,11352536,23/24,2024-05-11,21,2275,Newcastle United,Brighton & Hove Albion,home,2.2225,2.0580485,-0.16445151329040542
3770,11352536,23/24,2024-05-11,2275,21,Brighton & Hove Albion,Newcastle United,away,1.348013916500994,1.2368779,-0.11113599825758569
3771,11352513,23/24,2024-05-11,7,6830,West Ham United,Luton Town,home,3.1718456175298804,1.8271812,-1.344664397475254
3771,11352513,23/24,2024-05-11,6830,7,Luton Town,West Ham United,away,0.318496015936255,1.2647834,0.9462873664795165
3772,11352516,23/24,2024-05-11,3033,18,Wolverhampton,Crystal Palace,home,1.5550050150451353,1.1345005,-0.42050451150509627
3772,11352516,23/24,2024-05-11,18,3033,Crystal Palace,Wolverhampton,away,2.6700359281437125,1.5894456,-1.080590337170812
3773,11352527,23/24,2024-05-11,10,3792,Everton,Sheffield United,home,2.3467,1.6307036,-0.7159964315414427
3773,11352527,23/24,2024-05-11,3792,10,Sheffield United,Everton,away,0.5981,1.3202844,0.722184366607666
3774,11352519,23/24,2024-05-11,769,5301,Bournemouth,Brentford,home,0.6721,1.3001415,0.6280414537429809
3774,11352519,23/24,2024-05-11,5301,769,Brentford,Bournemouth,away,1.070641076769691,1.5280503,0.4574092266894765
3775,11352539,23/24,2024-05-11,6072,24,Nottingham Forest,Chelsea,home,1.6446964285714285,1.47912,-0.16557641247340604
3775,11352539,23/24,2024-05-11,24,6072,Chelsea,Nottingham Forest,away,1.6193,1.5689979,-0.05030214004516598
3776,11352532,23/24,2024-05-12,1,17,Manchester United,Arsenal,home,0.4997982195845697,1.2668049,0.7670067139634039
3776,11352532,23/24,2024-05-12,17,1,Arsenal,Manchester United,away,1.5195,1.9986994,0.4791994266510009
3777,11352523,23/24,2024-05-13,12,19,Aston Villa,Liverpool FC,home,3.1713,1.5361233,-1.635176724243164
3777,11352523,23/24,2024-05-13,19,12,Liverpool FC,Aston Villa,away,1.8251,2.0410304,0.21593040695190435
3778,12240634,23/24,2024-05-14,8,22,Tottenham Hotspur,Manchester City,home,1.6084588235294117,1.6503038,0.04184501710779531
3778,12240634,23/24,2024-05-14,22,8,Manchester City,Tottenham Hotspur,away,2.3952,2.036805,-0.3583950855255127
3779,12240570,23/24,2024-05-15,2275,24,Brighton & Hove Albion,Chelsea,home,1.2455217391304347,1.7535126,0.5079908817954686
3779,12240570,23/24,2024-05-15,24,2275,Chelsea,Brighton & Hove Albion,away,1.5315240480961925,1.8444124,0.3128883979258412
3780,12240571,23/24,2024-05-15,1,21,Manchester United,Newcastle United,home,1.4464945705824284,1.4157999,-0.030694714396515277
3780,12240571,23/24,2024-05-15,21,1,Newcastle United,Manchester United,away,2.1936,1.8725969,-0.3210031400680542
3781,11352571,23/24,2024-05-19,22,7,Manchester City,West Ham United,home,2.0438,2.237924,0.1941240989685058
3781,11352571,23/24,2024-05-19,7,22,West Ham United,Manchester City,away,0.3580301204819277,1.0477304,0.6897003253798887
3782,11352552,23/24,2024-05-19,2275,1,Brighton & Hove Albion,Manchester United,home,1.8847,1.7815639,-0.10313612194061283
3782,11352552,23/24,2024-05-19,1,2275,Manchester United,Brighton & Hove Albion,away,1.2854,1.3499322,0.06453219375610342
3783,11352565,23/24,2024-05-19,19,3033,Liverpool FC,Wolverhampton,home,4.8664,2.833455,-2.032944914245605
3783,11352565,23/24,2024-05-19,3033,19,Wolverhampton,Liverpool FC,away,0.5281061093247589,1.0515596,0.5234534581267182
3784,11352546,23/24,2024-05-19,17,10,Arsenal,Everton,home,3.0415,2.1836805,-0.8578194656372071
3784,11352546,23/24,2024-05-19,10,17,Everton,Arsenal,away,0.6126,1.1116517,0.4990516590118408
3785,11352558,23/24,2024-05-19,24,769,Chelsea,Bournemouth,home,1.1282825651302606,2.3095045,1.1812219438419074
3785,11352558,23/24,2024-05-19,769,24,Bournemouth,Chelsea,away,2.4079418837675353,1.2702556,-1.1376863181242247
3786,11352574,23/24,2024-05-19,3792,8,Sheffield United,Tottenham Hotspur,home,0.9839,1.4265105,0.44261045322418213
3786,11352574,23/24,2024-05-19,8,3792,Tottenham Hotspur,Sheffield United,away,3.1012142857142857,1.995669,-1.1055452784129551
3787,11352549,23/24,2024-05-19,5301,21,Brentford,Newcastle United,home,1.1219338677354709,1.5986868,0.4767529465726956
3787,11352549,23/24,2024-05-19,21,5301,Newcastle United,Brentford,away,3.4924,1.6294683,-1.862931678199768
3788,11352562,23/24,2024-05-19,18,12,Crystal Palace,Aston Villa,home,2.512224,1.6981876,-0.814036410354614
3788,11352562,23/24,2024-05-19,12,18,Aston Villa,Crystal Palace,away,1.00782,1.158875,0.15105498855590827
3789,11352568,23/24,2024-05-19,6830,3027,Luton Town,Fulham,home,2.101,1.2043403,-0.8966596612930298
3789,11352568,23/24,2024-05-19,3027,6830,Fulham,Luton Town,away,1.0923,1.7078351,0.6155350782394409
3790,11352555,23/24,2024-05-19,23,6072,Burnley,Nottingham Forest,home,1.2061267605633803,1.264151,0.05802421657132428
3790,11352555,23/24,2024-05-19,6072,23,Nottingham Forest,Burnley,away,1.7766,1.4899503,-0.28664970073699947
3791,12436870,24/25,2024-08-16,1,3027,Manchester United,Fulham,home,2.421470351758794,1.4528811,-0.9685892539652148
3791,12436870,24/25,2024-08-16,3027,1,Fulham,Manchester United,away,0.4353,1.3307709,0.8954708501815796
3792,12436871,24/25,2024-08-17,7583,19,Ipswich Town,Liverpool FC,home,0.450027135678392,1.4528811,1.002853962115187
3792,12436871,24/25,2024-08-17,19,7583,Liverpool FC,Ipswich Town,away,2.650867069486405,1.3307709,-1.3200962193048253
3793,12436872,24/25,2024-08-17,17,3033,Arsenal,Wolverhampton,home,1.2297469879518073,1.4528811,0.22313410984177184
3793,12436872,24/25,2024-08-17,3033,17,Wolverhampton,Arsenal,away,0.46101785714285715,1.3307709,0.8697529930387224
3794,12436874,24/25,2024-08-17,21,20,Newcastle United,Southampton,home,0.2703297413793103,1.4528811,1.182551356414269
3794,12436874,24/25,2024-08-17,20,21,Southampton,Newcastle United,away,1.8218,1.3307709,-0.4910291498184205
3795,12436873,24/25,2024-08-17,10,2275,Everton,Brighton & Hove Albion,home,0.46075025588536334,1.4528811,0.9921308419082158
3795,12436873,24/25,2024-08-17,2275,10,Brighton & Hove Albion,Everton,away,1.4146813186813187,1.3307709,-0.08391046849973915
3796,12436875,24/25,2024-08-17,6072,769,Nottingham Forest,Bournemouth,home,1.396,1.4528811,0.056881097793579194
3796,12436875,24/25,2024-08-17,769,6072,Bournemouth,Nottingham Forest,away,1.215234939759036,1.3307709,0.11553591042254352
3797,12436877,24/25,2024-08-17,7,12,West Ham United,Aston Villa,home,2.4174304174950296,1.4528811,-0.9645493197014505
3797,12436877,24/25,2024-08-17,12,7,Aston Villa,West Ham United,away,2.0288,1.3307709,-0.6980291498184203
3798,12436879,24/25,2024-08-18,5301,18,Brentford,Crystal Palace,home,1.779723,1.4528811,-0.32684190220642084
3798,12436879,24/25,2024-08-18,18,5301,Crystal Palace,Brentford,away,1.158498,1.3307709,0.17227285018157956
3799,12436880,24/25,2024-08-18,24,22,Chelsea,Manchester City,home,1.0143,1.4528811,0.4385810977935791
3799,12436880,24/25,2024-08-18,22,24,Manchester City,Chelsea,away,0.7695,1.3307709,0.5612708501815796
3800,12436881,24/25,2024-08-19,9,8,Leicester City,Tottenham Hotspur,home,1.034847,1.4528811,0.41803409779357903
3800,12436881,24/25,2024-08-19,8,9,Tottenham Hotspur,Leicester City,away,1.1597001992031872,1.3307709,0.17107065097839236
3801,12436888,24/25,2024-08-24,2275,1,Brighton & Hove Albion,Manchester United,home,2.049818991097923,1.4402136,-0.6096054300398785
3801,12436888,24/25,2024-08-24,1,2275,Manchester United,Brighton & Hove Albion,away,1.4169809428284854,1.4298255,0.012844601528814392
3802,12436898,24/25,2024-08-24,22,7583,Manchester City,Ipswich Town,home,3.3436,1.4270992,-1.9165007720947265
3802,12436898,24/25,2024-08-24,7583,22,Ipswich Town,Manchester City,away,0.28775602409638557,1.2715489,0.9837928431292614
3803,12436902,24/25,2024-08-24,8,10,Tottenham Hotspur,Everton,home,2.4336,1.7959552,-0.637644818878174
3803,12436902,24/25,2024-08-24,10,8,Everton,Tottenham Hotspur,away,0.9979,1.2850128,0.2871128412246704
3804,12436892,24/25,2024-08-24,18,7,Crystal Palace,West Ham United,home,1.3473,1.4071013,0.05980127353668219
3804,12436892,24/25,2024-08-24,7,18,West Ham United,Crystal Palace,away,1.3847078313253012,1.4851888,0.10048101049446201
3805,12436894,24/25,2024-08-24,3027,9,Fulham,Leicester City,home,1.7658975903614458,1.3708827,-0.39501484080395066
3805,12436894,24/25,2024-08-24,9,3027,Leicester City,Fulham,away,0.6043373493975903,1.4168413,0.8125039191418384
3806,12436900,24/25,2024-08-24,20,6072,Southampton,Nottingham Forest,home,0.13953153153153153,1.796097,1.65656550864486
3806,12436900,24/25,2024-08-24,6072,20,Nottingham Forest,Southampton,away,2.4506,1.4211395,-1.0294605213165284
3807,12436886,24/25,2024-08-24,12,17,Aston Villa,Arsenal,home,1.2758,1.5804431,0.30464314384460445
3807,12436886,24/25,2024-08-24,17,12,Arsenal,Aston Villa,away,0.8689,1.4347618,0.5658617626190185
3808,12436904,24/25,2024-08-25,3033,24,Wolverhampton,Chelsea,home,1.9430981963927856,1.37534,-0.5677582114989868
3808,12436904,24/25,2024-08-25,24,3033,Chelsea,Wolverhampton,away,1.6753,1.4097652,-0.2655347564697266
3809,12436884,24/25,2024-08-25,769,21,Bournemouth,Newcastle United,home,2.219233598409543,1.4222307,-0.7970028778895233
3809,12436884,24/25,2024-08-25,21,769,Newcastle United,Bournemouth,away,1.6810160320641283,1.2357666,-0.4452493828179125
3810,12436896,24/25,2024-08-25,19,5301,Liverpool FC,Brentford,home,2.637316265060241,1.8061136,-0.8312026643293451
3810,12436896,24/25,2024-08-25,5301,19,Brentford,Liverpool FC,away,0.55,1.2860522,0.7360522270202636
3811,12436906,24/25,2024-08-31,17,2275,Arsenal,Brighton & Hove Albion,home,2.2862845100105376,1.7713938,-0.5148907340705962
3811,12436906,24/25,2024-08-31,2275,17,Brighton & Hove Albion,Arsenal,away,1.8244003984063746,1.5187416,-0.30565879074035895
3812,12436918,24/25,2024-08-31,9,12,Leicester City,Aston Villa,home,0.44564864864864867,1.420551,0.9749022937723109
3812,12436918,24/25,2024-08-31,12,9,Aston Villa,Leicester City,away,1.55,1.3841308,-0.16586916446685795
3813,12436912,24/25,2024-08-31,10,769,Everton,Bournemouth,home,1.9574642147117296,1.4403424,-0.5171217884116808
3813,12436912,24/25,2024-08-31,769,10,Bournemouth,Everton,away,2.3717,1.5015954,-0.870104622077942
3814,12436926,24/25,2024-08-31,6072,3033,Nottingham Forest,Wolverhampton,home,1.0198571428571428,1.649198,0.6293409124101912
3814,12436926,24/25,2024-08-31,3033,6072,Wolverhampton,Nottingham Forest,away,0.7311758241758242,1.2994018,0.5682259359254942
3815,12436915,24/25,2024-08-31,7583,3027,Ipswich Town,Fulham,home,0.44718975903614455,1.4351962,0.988006402233997
3815,12436915,24/25,2024-08-31,3027,7583,Fulham,Ipswich Town,away,0.9295982142857143,1.3943083,0.4647101143428257
3816,12436908,24/25,2024-08-31,5301,20,Brentford,Southampton,home,2.8045,1.4933842,-1.3111157579421997
3816,12436908,24/25,2024-08-31,20,5301,Southampton,Brentford,away,1.5683,1.5220695,-0.04623054580688479
3817,12436927,24/25,2024-08-31,7,22,West Ham United,Manchester City,home,0.7228192771084337,1.4339077,0.711088470160243
3817,12436927,24/25,2024-08-31,22,7,Manchester City,West Ham United,away,2.9715808383233533,1.5323812,-1.439199661374806
3818,12436910,24/25,2024-09-01,24,18,Chelsea,Crystal Palace,home,2.345081081081081,1.6148939,-0.730187167812038
3818,12436910,24/25,2024-09-01,18,24,Crystal Palace,Chelsea,away,0.5385045045045045,1.328528,0.7900235421034667
3819,12436923,24/25,2024-09-01,21,8,Newcastle United,Tottenham Hotspur,home,1.8278,1.4865441,-0.3412558677673341
3819,12436923,24/25,2024-09-01,8,21,Tottenham Hotspur,Newcastle United,away,1.2698,1.4935651,0.2237650825500488
3820,12436920,24/25,2024-09-01,1,19,Manchester United,Liverpool FC,home,1.352801204819277,1.6810207,0.3282195318750589
3820,12436920,24/25,2024-09-01,19,1,Liverpool FC,Manchester United,away,1.7814036144578314,1.580873,-0.20053060191510674
3821,12436949,24/25,2024-09-14,20,1,Southampton,Manchester United,home,1.1293483146067416,1.7370049,0.6076565615300382
3821,12436949,24/25,2024-09-14,1,20,Manchester United,Southampton,away,2.649192384769539,1.4465686,-1.2026237764855425
3822,12436946,24/25,2024-09-14,22,5301,Manchester City,Brentford,home,2.154985971943888,1.8303798,-0.32460612823203494
3822,12436946,24/25,2024-09-14,5301,22,Brentford,Manchester City,away,0.9601207243460764,1.3291178,0.3689970506173025
3823,12436944,24/25,2024-09-14,19,6072,Liverpool FC,Nottingham Forest,home,0.9426,1.8197297,0.8771296857833862
3823,12436944,24/25,2024-09-14,6072,19,Nottingham Forest,Liverpool FC,away,0.4424,1.4461025,1.003702499961853
3824,12436941,24/25,2024-09-14,3027,7,Fulham,West Ham United,home,1.5326629889669008,1.5731697,0.04050671928505234
3824,12436941,24/25,2024-09-14,7,3027,West Ham United,Fulham,away,0.7562,1.293215,0.5370150363922119
3825,12436936,24/25,2024-09-14,2275,7583,Brighton & Hove Albion,Ipswich Town,home,1.7625784708249497,1.8313133,0.06873478162408597
3825,12436936,24/25,2024-09-14,7583,2275,Ipswich Town,Brighton & Hove Albion,away,0.3473440320962889,1.2275498,0.8802057592397707
3826,12436938,24/25,2024-09-14,18,9,Crystal Palace,Leicester City,home,2.5454,1.4221342,-1.1232658390045165
3826,12436938,24/25,2024-09-14,9,18,Leicester City,Crystal Palace,away,1.2182168674698794,1.2359856,0.017768769241241156
3827,12436933,24/25,2024-09-14,12,10,Aston Villa,Everton,home,2.1099809428284857,1.7996068,-0.31037414274914
3827,12436933,24/25,2024-09-14,10,12,Everton,Aston Villa,away,0.8968,1.4115788,0.5147787744522094
3828,12436931,24/25,2024-09-14,769,24,Bournemouth,Chelsea,home,1.7527071213640923,1.8025001,0.04979300738194037
3828,12436931,24/25,2024-09-14,24,769,Chelsea,Bournemouth,away,0.772,1.4429533,0.67095334815979
3829,12436951,24/25,2024-09-15,8,17,Tottenham Hotspur,Arsenal,home,0.7144,1.7246518,1.0102518135070802
3829,12436951,24/25,2024-09-15,17,8,Arsenal,Tottenham Hotspur,away,0.735144578313253,1.4234387,0.6882940899377846
3830,12436954,24/25,2024-09-15,3033,21,Wolverhampton,Newcastle United,home,1.21275,1.3738401,0.1610900936126709
3830,12436954,24/25,2024-09-15,21,3033,Newcastle United,Wolverhampton,away,1.504918918918919,1.4174334,-0.0874855378382915
3831,12436980,24/25,2024-09-21,7,24,West Ham United,Chelsea,home,0.8536,1.3738414,0.5202414049148559
3831,12436980,24/25,2024-09-21,24,7,Chelsea,West Ham United,away,2.1793929648241206,1.3207583,-0.8586346220812007
3832,12436969,24/25,2024-09-21,19,769,Liverpool FC,Bournemouth,home,2.0559,1.8303798,-0.2255201562881468
3832,12436969,24/25,2024-09-21,769,19,Bournemouth,Liverpool FC,away,1.0834,1.4825617,0.39916170749664315
3833,12436977,24/25,2024-09-21,8,5301,Tottenham Hotspur,Brentford,home,3.665553571428571,1.6968975,-1.968656064714704
3833,12436977,24/25,2024-09-21,5301,8,Brentford,Tottenham Hotspur,away,0.7974668674698795,1.262162,0.4646951026686703
3834,12436964,24/25,2024-09-21,3027,21,Fulham,Newcastle United,home,2.2786880641925777,1.6697643,-0.6089237838733639
3834,12436964,24/25,2024-09-21,21,3027,Newcastle United,Fulham,away,1.5270030090270812,1.495171,-0.03183205813749379
3835,12436957,24/25,2024-09-21,12,3033,Aston Villa,Wolverhampton,home,1.7295,1.8227887,0.09328871536254879
3835,12436957,24/25,2024-09-21,3033,12,Wolverhampton,Aston Villa,away,0.5145,1.264252,0.7497519474029541
3836,12436967,24/25,2024-09-21,9,10,Leicester City,Everton,home,0.6589718592964824,1.3557284,0.6967565285361592
3836,12436967,24/25,2024-09-21,10,9,Everton,Leicester City,away,1.1026,1.4174819,0.3148818992614746
3837,12436973,24/25,2024-09-21,20,7583,Southampton,Ipswich Town,home,2.4759929789368105,1.7208537,-0.7551392926041078
3837,12436973,24/25,2024-09-21,7583,20,Ipswich Town,Southampton,away,1.6879,1.2656963,-0.4222037128448486
3838,12436962,24/25,2024-09-21,18,1,Crystal Palace,Manchester United,home,1.0408,1.396915,0.3561149589538575
3838,12436962,24/25,2024-09-21,1,18,Manchester United,Crystal Palace,away,1.753,1.4657738,-0.2872261791229247
3839,12436959,24/25,2024-09-22,2275,6072,Brighton & Hove Albion,Nottingham Forest,home,1.0037,1.8313133,0.8276132524490356
3839,12436959,24/25,2024-09-22,6072,2275,Nottingham Forest,Brighton & Hove Albion,away,1.4282990844354018,1.3836372,-0.04466189457028946
3840,12436971,24/25,2024-09-22,22,17,Manchester City,Arsenal,home,2.1852,1.8253609,-0.359839105796814
3840,12436971,24/25,2024-09-22,17,22,Arsenal,Manchester City,away,0.688101030927835,1.4167869,0.7286858781755585
3841,12436999,24/25,2024-09-28,21,22,Newcastle United,Manchester City,home,1.5778,1.4827783,-0.09502168922424326
3841,12436999,24/25,2024-09-28,22,21,Manchester City,Newcastle United,away,0.9132,1.7874542,0.8742542474746704
3842,12436985,24/25,2024-09-28,17,9,Arsenal,Leicester City,home,4.7553592814371255,2.104721,-2.650638212101188
3842,12436985,24/25,2024-09-28,9,17,Leicester City,Arsenal,away,0.31288649706457927,1.3412912,1.0284046921291463
3843,12436989,24/25,2024-09-28,24,2275,Chelsea,Brighton & Hove Albion,home,4.1629,1.477298,-2.6856019786834713
3843,12436989,24/25,2024-09-28,2275,24,Brighton & Hove Albion,Chelsea,away,1.1088,1.3892477,0.28044765586853027
3844,12436987,24/25,2024-09-28,5301,7,Brentford,West Ham United,home,0.3650501002004008,1.5341095,1.1690593730280538
3844,12436987,24/25,2024-09-28,7,5301,West Ham United,Brentford,away,0.9863,1.3031034,0.31680344696044926
3845,12436992,24/25,2024-09-28,10,18,Everton,Crystal Palace,home,0.880902,1.659218,0.7783159536819458
3845,12436992,24/25,2024-09-28,18,10,Crystal Palace,Everton,away,0.9455,1.277758,0.33225800228118896
3846,12437001,24/25,2024-09-28,6072,3027,Nottingham Forest,Fulham,home,0.789027027027027,1.2788802,0.48985321150599304
3846,12437001,24/25,2024-09-28,3027,6072,Fulham,Nottingham Forest,away,1.2984867256637167,1.3250772,0.026590450430338475
3847,12437002,24/25,2024-09-28,3033,19,Wolverhampton,Liverpool FC,home,0.6347,1.1094054,0.4747053983688354
3847,12437002,24/25,2024-09-28,19,3033,Liverpool FC,Wolverhampton,away,2.5239538615847543,1.6508534,-0.8731004661227182
3848,12436993,24/25,2024-09-29,7583,12,Ipswich Town,Aston Villa,home,1.1822,1.1752993,-0.006900713157653726
3848,12436993,24/25,2024-09-29,12,7583,Aston Villa,Ipswich Town,away,0.8030652818991098,1.7454817,0.9424164476083365
3849,12436995,24/25,2024-09-29,1,8,Manchester United,Tottenham Hotspur,home,0.9988672286617493,1.5928485,0.5939813106906677
3849,12436995,24/25,2024-09-29,8,1,Tottenham Hotspur,Manchester United,away,4.7108,1.5308038,-3.1799962003707885
3850,12436982,24/25,2024-09-30,769,20,Bournemouth,Southampton,home,1.3714,1.8529177,0.48151767120361333
3850,12436982,24/25,2024-09-30,20,769,Southampton,Bournemouth,away,0.5984,1.5233668,0.9249668088912963
3851,12437015,24/25,2024-10-05,18,19,Crystal Palace,Liverpool FC,home,0.6403721163490471,1.0819126,0.44154052040784986
3851,12437015,24/25,2024-10-05,19,18,Liverpool FC,Crystal Palace,away,1.3850070210631895,1.6515421,0.2665350464645815
3852,12437022,24/25,2024-10-05,22,3027,Manchester City,Fulham,home,1.572,1.9611493,0.3891493349075317
3852,12437022,24/25,2024-10-05,3027,22,Fulham,Manchester City,away,2.5967,1.239231,-1.3574690095901487
3853,12437004,24/25,2024-10-05,17,20,Arsenal,Southampton,home,2.8198810703666997,2.0038605,-0.8160205967338872
3853,12437004,24/25,2024-10-05,20,17,Southampton,Arsenal,away,0.6472162162162162,1.1829863,0.535770043244233
3854,12437024,24/25,2024-10-05,7,7583,West Ham United,Ipswich Town,home,3.799531343283582,1.6032841,-2.1962472227238896
3854,12437024,24/25,2024-10-05,7583,7,Ipswich Town,West Ham United,away,0.642411,1.2929841,0.6505731279983521
3855,12437020,24/25,2024-10-05,9,769,Leicester City,Bournemouth,home,0.7809668674698795,1.2451355,0.4641686782607113
3855,12437020,24/25,2024-10-05,769,9,Bournemouth,Leicester City,away,2.1621,1.7508801,-0.4112198778152467
3856,12437008,24/25,2024-10-05,5301,3033,Brentford,Wolverhampton,home,4.2496,1.558917,-2.6906829544067383
3856,12437008,24/25,2024-10-05,3033,5301,Wolverhampton,Brentford,away,1.0542,1.3149277,0.26072769718170163
3857,12437018,24/25,2024-10-05,10,21,Everton,Newcastle United,home,0.7176,1.6970993,0.9794993280410766
3857,12437018,24/25,2024-10-05,21,10,Newcastle United,Everton,away,2.0527,1.5254087,-0.5272912551879885
3858,12437006,24/25,2024-10-06,12,1,Aston Villa,Manchester United,home,0.49976152304609217,1.7877994,1.2880378353218278
3858,12437006,24/25,2024-10-06,1,12,Manchester United,Aston Villa,away,0.5636452905811623,1.2056438,0.6419984824977562
3859,12437013,24/25,2024-10-06,24,6072,Chelsea,Nottingham Forest,home,2.3740701754385967,1.6463227,-0.7277474482352275
3859,12437013,24/25,2024-10-06,6072,24,Nottingham Forest,Chelsea,away,0.884319018404908,1.2222357,0.33791666122155684
3860,12437011,24/25,2024-10-06,2275,8,Brighton & Hove Albion,Tottenham Hotspur,home,1.7491658291457286,1.5472555,-0.2019103130934825
3860,12437011,24/25,2024-10-06,8,2275,Tottenham Hotspur,Brighton & Hove Albion,away,1.3339628140703519,1.5162202,0.18225739791237516
3861,12437038,24/25,2024-10-19,8,7,Tottenham Hotspur,West Ham United,home,1.904311623246493,1.9523821,0.048070464461026585
3861,12437038,24/25,2024-10-19,7,8,West Ham United,Tottenham Hotspur,away,0.7875821501014199,1.1590686,0.3714864343407188
3862,12437034,24/25,2024-10-19,1,5301,Manchester United,Brentford,home,1.3118486055776892,1.8038284,0.4919797530725183
3862,12437034,24/25,2024-10-19,5301,1,Brentford,Manchester United,away,0.8510822467402207,1.3522749,0.5011926479741348
3863,12437035,24/25,2024-10-19,21,2275,Newcastle United,Brighton & Hove Albion,home,1.961170588235294,1.7862937,-0.17487684319440056
3863,12437035,24/25,2024-10-19,2275,21,Brighton & Hove Albion,Newcastle United,away,1.122,1.3834741,0.2614741115570067
3864,12437028,24/25,2024-10-19,3027,12,Fulham,Aston Villa,home,1.825646265560166,1.6366335,-0.18901275020219477
3864,12437028,24/25,2024-10-19,12,3027,Aston Villa,Fulham,away,1.645005934718101,1.3636945,-0.2813113861112284
3865,12437037,24/25,2024-10-19,20,9,Southampton,Leicester City,home,2.201198355601233,1.649363,-0.5518353146771608
3865,12437037,24/25,2024-10-19,9,20,Leicester City,Southampton,away,3.176019,1.3117821,-1.864236878341675
3866,12437030,24/25,2024-10-19,7583,10,Ipswich Town,Everton,home,1.2527,1.4959052,0.24320516090393074
3866,12437030,24/25,2024-10-19,10,7583,Everton,Ipswich Town,away,1.7359,1.4632282,-0.2726717742919922
3867,12437026,24/25,2024-10-19,769,17,Bournemouth,Arsenal,home,1.8232,1.5633452,-0.2598548061370849
3867,12437026,24/25,2024-10-19,17,769,Arsenal,Bournemouth,away,0.7235516129032258,1.3096105,0.5860588731273528
3868,12437039,24/25,2024-10-20,3033,22,Wolverhampton,Manchester City,home,0.9628196392785571,1.1512779,0.1884582604635694
3868,12437039,24/25,2024-10-20,22,3033,Manchester City,Wolverhampton,away,1.6071891891891892,1.8240633,0.2168741118972366
3869,12437032,24/25,2024-10-20,19,24,Liverpool FC,Chelsea,home,1.936,1.8103782,-0.1256218061447143
3869,12437032,24/25,2024-10-20,24,19,Chelsea,Liverpool FC,away,0.9903,1.2719251,0.2816250917434693
3870,12437036,24/25,2024-10-21,6072,18,Nottingham Forest,Crystal Palace,home,1.7370268389662027,1.3530504,-0.3839764878233194
3870,12437036,24/25,2024-10-21,18,6072,Crystal Palace,Nottingham Forest,away,0.9629188376753507,1.2434154,0.28049651800702236
3871,12437048,24/25,2024-10-25,9,6072,Leicester City,Nottingham Forest,home,0.7636,1.337917,0.5743169702529908
3871,12437048,24/25,2024-10-25,6072,9,Nottingham Forest,Leicester City,away,1.7409,1.5180824,-0.2228176197052001
3872,12437049,24/25,2024-10-26,22,20,Manchester City,Southampton,home,2.9213927855711423,2.2109537,-0.7104390731077634
3872,12437049,24/25,2024-10-26,20,22,Southampton,Manchester City,away,0.20419980119284295,1.02441,0.8202102081913123
3873,12437041,24/25,2024-10-26,12,769,Aston Villa,Bournemouth,home,1.8127,1.5951151,-0.21758493442535398
3873,12437041,24/25,2024-10-26,769,12,Bournemouth,Aston Villa,away,0.3058,1.2302951,0.9244950620651244
3874,12437044,24/25,2024-10-26,2275,3033,Brighton & Hove Albion,Wolverhampton,home,1.2999087261785356,1.8908336,0.5909248900781783
3874,12437044,24/25,2024-10-26,3033,2275,Wolverhampton,Brighton & Hove Albion,away,1.364,1.2295433,-0.13445667171478282
3875,12437043,24/25,2024-10-26,5301,7583,Brentford,Ipswich Town,home,4.0971,1.7976681,-2.299431900596619
3875,12437043,24/25,2024-10-26,7583,5301,Ipswich Town,Brentford,away,1.3218934426229507,1.2671131,-0.05478035306148832
3876,12437047,24/25,2024-10-26,10,3027,Everton,Fulham,home,0.7831624874623871,1.3225753,0.5394128432718658
3876,12437047,24/25,2024-10-26,3027,10,Fulham,Everton,away,1.2593,1.4546717,0.1953717405319213
3877,12437050,24/25,2024-10-27,7,1,West Ham United,Manchester United,home,2.976045045045045,1.734095,-1.2419500676661999
3877,12437050,24/25,2024-10-27,1,7,Manchester United,West Ham United,away,2.30825796812749,1.4169985,-0.8912594625351438
3878,12437045,24/25,2024-10-27,24,21,Chelsea,Newcastle United,home,1.6068,1.6242663,0.017466266822814935
3878,12437045,24/25,2024-10-27,21,24,Newcastle United,Chelsea,away,1.7802321428571428,1.4710772,-0.30915493910653247
3879,12437046,24/25,2024-10-27,18,8,Crystal Palace,Tottenham Hotspur,home,0.7761282565130261,1.2196141,0.44348589162692753
3879,12437046,24/25,2024-10-27,8,18,Tottenham Hotspur,Crystal Palace,away,0.7353577154308617,1.4849888,0.7496310932010353
3880,12437040,24/25,2024-10-27,17,19,Arsenal,Liverpool FC,home,0.9071391650099404,1.5995351,0.6923959426026695
3880,12437040,24/25,2024-10-27,19,17,Liverpool FC,Arsenal,away,0.8103,1.4879935,0.6776934787750244
3881,12437056,24/25,2024-11-02,21,17,Newcastle United,Arsenal,home,0.5212146439317954,1.5537136,1.0324989161725746
3881,12437056,24/25,2024-11-02,17,21,Arsenal,Newcastle United,away,1.061494483450351,1.4595381,0.39804361869961236
3882,12437051,24/25,2024-11-02,769,22,Bournemouth,Manchester City,home,2.1205,1.2575353,-0.8629646615982054
3882,12437051,24/25,2024-11-02,22,769,Manchester City,Bournemouth,away,1.549543630892678,1.5761262,0.02658258694942406
3883,12437054,24/25,2024-11-02,19,2275,Liverpool FC,Brighton & Hove Albion,home,1.6538,1.8390403,0.1852402793884278
3883,12437054,24/25,2024-11-02,2275,19,Brighton & Hove Albion,Liverpool FC,away,0.9906875,1.1663424,0.17565487766265864
3884,12437057,24/25,2024-11-02,6072,7,Nottingham Forest,West Ham United,home,2.1744,1.3962096,-0.7781904024124144
3884,12437057,24/25,2024-11-02,7,6072,West Ham United,Nottingham Forest,away,0.1332893347412883,1.3297257,1.1964364075987997
3885,12437053,24/25,2024-11-02,7583,9,Ipswich Town,Leicester City,home,1.0137113613101332,1.5997629,0.5860515552548082
3885,12437053,24/25,2024-11-02,9,7583,Leicester City,Ipswich Town,away,1.534203,1.3582281,-0.17597491257476805
3886,12437058,24/25,2024-11-02,20,10,Southampton,Everton,home,0.7445,1.365055,0.620554965019226
3886,12437058,24/25,2024-11-02,10,20,Everton,Southampton,away,1.5494789579158317,1.5138735,-0.03560550000720131
3887,12437060,24/25,2024-11-02,3033,18,Wolverhampton,Crystal Palace,home,1.5282,1.3585705,-0.16962954349517823
3887,12437060,24/25,2024-11-02,18,3033,Crystal Palace,Wolverhampton,away,2.4752955223880595,1.4094185,-1.0658770586810893
3888,12437059,24/25,2024-11-03,8,12,Tottenham Hotspur,Aston Villa,home,2.4395,1.8067367,-0.6327632923126219
3888,12437059,24/25,2024-11-03,12,8,Aston Villa,Tottenham Hotspur,away,1.8591,1.3018034,-0.5572966495513916
3889,12437055,24/25,2024-11-03,1,24,Manchester United,Chelsea,home,1.9528834661354582,1.5471759,-0.405707581888632
3889,12437055,24/25,2024-11-03,24,1,Chelsea,Manchester United,away,1.1096,1.5150262,0.4054262117385865
3890,12437052,24/25,2024-11-04,3027,5301,Fulham,Brentford,home,1.3524,1.8643215,0.5119214702606201
3890,12437052,24/25,2024-11-04,5301,3027,Brentford,Fulham,away,0.631422,1.248859,0.6174370478897094
3891,12436486,24/25,2024-11-09,7,10,West Ham United,Everton,home,0.8211527638190955,1.4456142,0.6244614548927575
3891,12436486,24/25,2024-11-09,10,7,Everton,West Ham United,away,1.1063125628140704,1.2865186,0.1802060109469159
3892,12436483,24/25,2024-11-09,18,3027,Crystal Palace,Fulham,home,1.5716125126135216,1.232891,-0.3387215490591393
3892,12436483,24/25,2024-11-09,3027,18,Fulham,Crystal Palace,away,1.791792284866469,1.3955802,-0.3962121123277116
3893,12436485,24/25,2024-11-09,3033,20,Wolverhampton,Southampton,home,1.2576,1.4976671,0.24006707420349116
3893,12436485,24/25,2024-11-09,20,3033,Southampton,Wolverhampton,away,0.6553,1.2828207,0.6275207015991211
3894,12436876,24/25,2024-11-09,5301,769,Brentford,Bournemouth,home,1.4653587174348697,1.4141898,-0.05116890191362944
3894,12436876,24/25,2024-11-09,769,5301,Bournemouth,Brentford,away,2.585804609218437,1.4307507,-1.1550538815649336
3895,12436882,24/25,2024-11-09,2275,22,Brighton & Hove Albion,Manchester City,home,2.270063063063063,1.5005099,-0.7695532049316545
3895,12436882,24/25,2024-11-09,22,2275,Manchester City,Brighton & Hove Albion,away,2.2223,1.9655843,-0.2567157218933107
3896,12436484,24/25,2024-11-09,19,12,Liverpool FC,Aston Villa,home,2.0213,1.8777738,-0.14352623825073252
3896,12436484,24/25,2024-11-09,12,19,Aston Villa,Liverpool FC,away,1.3963,1.2884691,-0.10783092384338389
3897,12436494,24/25,2024-11-10,1,9,Manchester United,Leicester City,home,0.7563,1.8983752,1.142075153541565
3897,12436494,24/25,2024-11-10,9,1,Leicester City,Manchester United,away,0.6268023952095808,1.3226502,0.69584779895851
3898,12436492,24/25,2024-11-10,8,7583,Tottenham Hotspur,Ipswich Town,home,1.5230316831683168,2.2102878,0.6872561262036314
3898,12436492,24/25,2024-11-10,7583,8,Ipswich Town,Tottenham Hotspur,away,1.6110090270812436,0.9734249,-0.6375841155822202
3899,12436487,24/25,2024-11-10,6072,21,Nottingham Forest,Newcastle United,home,0.6224403578528827,1.4414384,0.8189980786552961
3899,12436487,24/25,2024-11-10,21,6072,Newcastle United,Nottingham Forest,away,1.7038,1.3917719,-0.3120280874252319
3900,12436890,24/25,2024-11-10,24,17,Chelsea,Arsenal,home,1.530921686746988,1.53621,0.005288254163351436
3900,12436890,24/25,2024-11-10,17,24,Arsenal,Chelsea,away,1.5477,1.5108231,-0.036876869392395095
3901,12436495,24/25,2024-11-23,9,24,Leicester City,Chelsea,home,1.1112,1.5769958,0.46579584960937503
3901,12436495,24/25,2024-11-23,24,9,Chelsea,Leicester City,away,2.8698190854870775,1.7927355,-1.0770836280667284
3902,12436489,24/25,2024-11-23,17,6072,Arsenal,Nottingham Forest,home,1.1739700598802394,1.7422631,0.5682930188093358
3902,12436489,24/25,2024-11-23,6072,17,Nottingham Forest,Arsenal,away,0.3324,1.2218364,0.8894364477157592
3903,12436493,24/25,2024-11-23,12,18,Aston Villa,Crystal Palace,home,3.1133,1.8581889,-1.2551111324310305
3903,12436493,24/25,2024-11-23,18,12,Crystal Palace,Aston Villa,away,1.2592,1.3975729,0.1383728750228881
3904,12436491,24/25,2024-11-23,769,2275,Bournemouth,Brighton & Hove Albion,home,1.6274,1.9109871,0.283587138748169
3904,12436491,24/25,2024-11-23,2275,769,Brighton & Hove Albion,Bournemouth,away,0.9679886246122027,1.231315,0.2633263921343183
3905,12436488,24/25,2024-11-23,10,5301,Everton,Brentford,home,1.1955,1.5040482,0.308548228263855
3905,12436488,24/25,2024-11-23,5301,10,Brentford,Everton,away,1.1539883720930233,1.309928,0.1559396874849186
3906,12436490,24/25,2024-11-23,3027,3033,Fulham,Wolverhampton,home,1.037123595505618,1.8844445,0.8473208796683322
3906,12436490,24/25,2024-11-23,3033,3027,Wolverhampton,Fulham,away,1.3022003988035893,1.0553315,-0.24686893022143597
3907,12436499,24/25,2024-11-23,22,8,Manchester City,Tottenham Hotspur,home,2.1434,2.0997505,-0.04364948120117207
3907,12436499,24/25,2024-11-23,8,22,Tottenham Hotspur,Manchester City,away,2.5102,1.5716258,-0.9385741712570193
3908,12436506,24/25,2024-11-24,20,19,Southampton,Liverpool FC,home,1.2758,1.1771314,-0.0986685855865479
3908,12436506,24/25,2024-11-24,19,20,Liverpool FC,Southampton,away,3.119789579158317,1.8481497,-1.271639921908866
3909,12436497,24/25,2024-11-24,7583,1,Ipswich Town,Manchester United,home,1.5946,1.1799192,-0.4146807571411133
3909,12436497,24/25,2024-11-24,1,7583,Manchester United,Ipswich Town,away,0.7999678068410463,1.6217395,0.8217716998804503
3910,12436496,24/25,2024-11-25,21,7,Newcastle United,West Ham United,home,1.664629889669007,1.8024204,0.1377904880623162
3910,12436496,24/25,2024-11-25,7,21,West Ham United,Newcastle United,away,0.7938735059760956,1.1232315,0.32935802421341853
3911,12436501,24/25,2024-11-29,2275,20,Brighton & Hove Albion,Southampton,home,1.6581266201395812,1.7559723,0.09784564605762336
3911,12436501,24/25,2024-11-29,20,2275,Southampton,Brighton & Hove Albion,away,0.9851135241855874,1.2676532,0.2825397026668296
3912,12436502,24/25,2024-11-30,18,21,Crystal Palace,Newcastle United,home,1.7779287863590771,1.2945657,-0.4833631087162549
3912,12436502,24/25,2024-11-30,21,18,Newcastle United,Crystal Palace,away,0.0371,1.5637745,1.5266744665145875
3913,12436500,24/25,2024-11-30,5301,9,Brentford,Leicester City,home,2.3882505030181087,1.7160993,-0.6721512407805599
3913,12436500,24/25,2024-11-30,9,5301,Leicester City,Brentford,away,1.0628,1.3265439,0.263743927192688
3914,12436922,24/25,2024-11-30,3033,769,Wolverhampton,Bournemouth,home,0.461,1.1916579,0.7306579008102416
3914,12436922,24/25,2024-11-30,769,3033,Bournemouth,Wolverhampton,away,3.2854,1.6048248,-1.6805752185821534
3915,12436503,24/25,2024-11-30,6072,7583,Nottingham Forest,Ipswich Town,home,1.6652434869739479,1.6557809,-0.009462575528330186
3915,12436503,24/25,2024-11-30,7583,6072,Ipswich Town,Nottingham Forest,away,0.586,1.1008569,0.514856900215149
3916,12436914,24/25,2024-11-30,7,17,West Ham United,Arsenal,home,1.538,1.3166922,-0.2213077669143677
3916,12436914,24/25,2024-11-30,17,7,Arsenal,West Ham United,away,3.578114457831325,1.6322334,-1.9458810765599628
3917,12436505,24/25,2024-12-01,1,10,Manchester United,Everton,home,1.0687,1.5643805,0.4956805265426636
3917,12436505,24/25,2024-12-01,10,1,Everton,Manchester United,away,0.5832,1.2912234,0.708023406791687
3918,12436498,24/25,2024-12-01,24,12,Chelsea,Aston Villa,home,1.6968323353293413,1.9949763,0.2981439467904097
3918,12436498,24/25,2024-12-01,12,24,Aston Villa,Chelsea,away,1.2344186746987953,1.3903422,0.15592356086639025
3919,12436507,24/25,2024-12-01,8,3027,Tottenham Hotspur,Fulham,home,0.7648834661354582,1.5975697,0.8326862379203279
3919,12436507,24/25,2024-12-01,3027,8,Fulham,Tottenham Hotspur,away,1.5671531531531533,1.5486807,-0.018472490044327605
3920,12436504,24/25,2024-12-01,19,22,Liverpool FC,Manchester City,home,3.5553350100603622,1.948117,-1.6072179923143906
3920,12436504,24/25,2024-12-01,22,19,Manchester City,Liverpool FC,away,0.8371,1.5249065,0.6878065160751343
3921,12436961,24/25,2024-12-03,7583,18,Ipswich Town,Crystal Palace,home,0.4885,1.1627774,0.6742774238586426
3921,12436961,24/25,2024-12-03,18,7583,Crystal Palace,Ipswich Town,away,1.6437,1.5833867,-0.060313340377807556
3922,12436966,24/25,2024-12-03,9,7,Leicester City,West Ham United,home,1.658497995991984,1.634392,-0.024105972905436257
3922,12436966,24/25,2024-12-03,7,9,West Ham United,Leicester City,away,3.0985,1.4581465,-1.6403535470962525
3923,12436972,24/25,2024-12-04,22,6072,Manchester City,Nottingham Forest,home,2.4104,1.8890573,-0.5213427213668824
3923,12436972,24/25,2024-12-04,6072,22,Nottingham Forest,Manchester City,away,1.0387,1.3304838,0.29178379421234135
3924,12436978,24/25,2024-12-04,21,19,Newcastle United,Liverpool FC,home,2.0558214285714285,1.4563448,-0.5994765856606619
3924,12436978,24/25,2024-12-04,19,21,Liverpool FC,Newcastle United,away,1.9933,1.5960582,-0.3972417505264283
3925,12436984,24/25,2024-12-04,20,24,Southampton,Chelsea,home,1.6448338658146966,1.1374867,-0.5073471695714105
3925,12436984,24/25,2024-12-04,24,20,Chelsea,Southampton,away,5.4995,2.251424,-3.2480759258270266
3926,12436947,24/25,2024-12-04,10,3033,Everton,Wolverhampton,home,1.009602,1.5261444,0.5165423853378295
3926,12436947,24/25,2024-12-04,3033,10,Wolverhampton,Everton,away,0.7798613065326633,1.0152009,0.23533954681511504
3927,12436935,24/25,2024-12-04,17,1,Arsenal,Manchester United,home,2.1556,1.7649796,-0.3906203990936281
3927,12436935,24/25,2024-12-04,1,17,Manchester United,Arsenal,away,0.2229,1.2820622,1.0591621728897094
3928,12436942,24/25,2024-12-04,12,5301,Aston Villa,Brentford,home,2.415817365269461,1.8833917,-0.5324256273315338
3928,12436942,24/25,2024-12-04,5301,12,Brentford,Aston Villa,away,0.9972,1.4671655,0.46996547012329104
3929,12436955,24/25,2024-12-05,3027,2275,Fulham,Brighton & Hove Albion,home,0.6485,1.8158003,1.1673003091812135
3929,12436955,24/25,2024-12-05,2275,3027,Brighton & Hove Albion,Fulham,away,1.4634523570712137,1.1422157,-0.32123662831144806
3930,13015216,24/25,2024-12-05,769,8,Bournemouth,Tottenham Hotspur,home,3.6307833827893177,2.0406675,-1.590115848914806
3930,13015216,24/25,2024-12-05,8,769,Tottenham Hotspur,Bournemouth,away,0.8722,1.42228,0.550079953956604
3931,12436445,24/25,2024-12-07,18,22,Crystal Palace,Manchester City,home,1.3352,1.5343719,0.19917185287475592
3931,12436445,24/25,2024-12-07,22,18,Manchester City,Crystal Palace,away,1.4549696663296259,1.6039877,0.14901802745699522
3932,12436450,24/25,2024-12-07,5301,21,Brentford,Newcastle United,home,1.2253115577889446,1.4549643,0.22965272233953438
3932,12436450,24/25,2024-12-07,21,5301,Newcastle United,Brentford,away,1.4713688442211055,1.5740858,0.1027169874210454
3933,12436990,24/25,2024-12-07,12,20,Aston Villa,Southampton,home,2.2909,1.9466416,-0.3442584356307985
3933,12436990,24/25,2024-12-07,20,12,Southampton,Aston Villa,away,0.333,1.1557695,0.8227694673538208
3934,12436449,24/25,2024-12-07,1,6072,Manchester United,Nottingham Forest,home,1.7073,1.5831578,-0.12414222221374516
3934,12436449,24/25,2024-12-07,6072,1,Nottingham Forest,Manchester United,away,0.8328,1.2335957,0.40079572887420656
3935,12436459,24/25,2024-12-08,3027,17,Fulham,Arsenal,home,0.1604,1.4946562,1.334256205177307
3935,12436459,24/25,2024-12-08,17,3027,Arsenal,Fulham,away,2.0266,1.4476113,-0.5789886680603029
3936,12436444,24/25,2024-12-08,9,2275,Leicester City,Brighton & Hove Albion,home,1.3148,1.4259528,0.1111527921676636
3936,12436444,24/25,2024-12-08,2275,9,Brighton & Hove Albion,Leicester City,away,1.5289889669007022,1.4182427,-0.11074627395331449
3937,12436462,24/25,2024-12-08,7583,769,Ipswich Town,Bournemouth,home,1.3153,1.2088162,-0.10648382930755607
3937,12436462,24/25,2024-12-08,769,7583,Bournemouth,Ipswich Town,away,3.3721503006012026,1.7723144,-1.5998358713180605
3938,12436441,24/25,2024-12-08,8,24,Tottenham Hotspur,Chelsea,home,2.9006,1.7820928,-1.1185071903228758
3938,12436441,24/25,2024-12-08,24,8,Chelsea,Tottenham Hotspur,away,2.7633020730503457,2.149319,-0.6139831395634072
3939,12436454,24/25,2024-12-09,7,3033,West Ham United,Wolverhampton,home,0.9446735294117647,1.6740681,0.729394563888101
3939,12436454,24/25,2024-12-09,3033,7,Wolverhampton,West Ham United,away,1.457577,1.2303488,-0.227228174545288
3940,12436446,24/25,2024-12-14,19,3027,Liverpool FC,Fulham,home,2.2980523446019627,2.0193486,-0.2787037232335545
3940,12436446,24/25,2024-12-14,3027,19,Fulham,Liverpool FC,away,1.212255,1.316145,0.1038899432373046
3941,12436438,24/25,2024-12-14,17,10,Arsenal,Everton,home,1.2169,1.701891,0.4849909454345702
3941,12436438,24/25,2024-12-14,10,17,Everton,Arsenal,away,0.0918,1.0126485,0.9208484632492066
3942,12436460,24/25,2024-12-14,21,9,Newcastle United,Leicester City,home,3.7896,1.9012041,-1.8883958908081055
3942,12436460,24/25,2024-12-14,9,21,Leicester City,Newcastle United,away,0.1855,1.1517843,0.9662843008041382
3943,12436456,24/25,2024-12-14,3033,7583,Wolverhampton,Ipswich Town,home,1.268,1.4419135,0.17391348552703856
3943,12436456,24/25,2024-12-14,7583,3033,Ipswich Town,Wolverhampton,away,1.184139,1.0558887,-0.12825034719848638
3944,12436447,24/25,2024-12-14,6072,12,Nottingham Forest,Aston Villa,home,1.7767,1.2339786,-0.5427213708877563
3944,12436447,24/25,2024-12-14,12,6072,Aston Villa,Nottingham Forest,away,0.4091868787276342,1.6655668,1.256379923297207
3945,12436457,24/25,2024-12-15,2275,18,Brighton & Hove Albion,Crystal Palace,home,0.996,1.3255664,0.3295664110183716
3945,12436457,24/25,2024-12-15,18,2275,Crystal Palace,Brighton & Hove Albion,away,2.291058,1.3259335,-0.9651245435791016
3946,12436451,24/25,2024-12-15,22,1,Manchester City,Manchester United,home,0.9519,1.7009996,0.7490996175765992
3946,12436451,24/25,2024-12-15,1,22,Manchester United,Manchester City,away,2.0758,1.6167362,-0.45906382637023935
3947,12436461,24/25,2024-12-15,24,5301,Chelsea,Brentford,home,2.2134138276553106,2.3083417,0.09492791390657906
3947,12436461,24/25,2024-12-15,5301,24,Brentford,Chelsea,away,1.614057114228457,1.3488562,-0.2652009035198388
3948,12436458,24/25,2024-12-15,20,8,Southampton,Tottenham Hotspur,home,0.8422,1.3998985,0.5576985290527344
3948,12436458,24/25,2024-12-15,8,20,Tottenham Hotspur,Southampton,away,2.4376,1.9790686,-0.45853136310577414
3949,12436465,24/25,2024-12-16,769,7,Bournemouth,West Ham United,home,2.0137,2.1269877,0.11328769569396968
3949,12436465,24/25,2024-12-16,7,769,West Ham United,Bournemouth,away,2.0617,1.1554782,-0.9062217609405518
3950,12436453,24/25,2024-12-21,12,22,Aston Villa,Manchester City,home,1.672,1.7746227,0.10262267875671394
3950,12436453,24/25,2024-12-21,22,12,Manchester City,Aston Villa,away,1.022734673366834,1.4376054,0.4148707076451288
3951,12436467,24/25,2024-12-21,7583,21,Ipswich Town,Newcastle United,home,0.754,1.1173327,0.36333269691467285
3951,12436467,24/25,2024-12-21,21,7583,Newcastle United,Ipswich Town,away,2.328,1.608771,-0.7192290334701537
3952,12436478,24/25,2024-12-21,7,2275,West Ham United,Brighton & Hove Albion,home,1.3132,1.4904549,0.17725491218566902
3952,12436478,24/25,2024-12-21,2275,7,Brighton & Hove Albion,West Ham United,away,0.9501815446339017,1.4897548,0.5395732513942355
3953,12436463,24/25,2024-12-21,5301,6072,Brentford,Nottingham Forest,home,0.7159,1.5372876,0.8213875928878784
3953,12436463,24/25,2024-12-21,6072,5301,Nottingham Forest,Brentford,away,0.8964,1.6009974,0.7045974479675293
3954,12436464,24/25,2024-12-21,18,17,Crystal Palace,Arsenal,home,1.5917,1.3396664,-0.25203363342285146
3954,12436464,24/25,2024-12-21,17,18,Arsenal,Crystal Palace,away,2.9727664670658682,1.5513613,-1.4214051446629141
3955,12436470,24/25,2024-12-22,1,769,Manchester United,Bournemouth,home,2.2842,1.5615947,-0.7226052753448484
3955,12436470,24/25,2024-12-22,769,1,Bournemouth,Manchester United,away,1.6329,1.4619871,-0.1709128622055054
3956,12436466,24/25,2024-12-22,10,24,Everton,Chelsea,home,1.0264,1.2805353,0.2541353403091431
3956,12436466,24/25,2024-12-22,24,10,Chelsea,Everton,away,1.2759,1.5010122,0.22511220607757565
3957,12436469,24/25,2024-12-22,9,3033,Leicester City,Wolverhampton,home,0.7969748743718593,1.496091,0.699116133814481
3957,12436469,24/25,2024-12-22,3033,9,Wolverhampton,Leicester City,away,1.101672,1.3906132,0.2889411982803345
3958,12436468,24/25,2024-12-22,3027,20,Fulham,Southampton,home,0.8719348044132397,1.8562409,0.9843060641551807
3958,12436468,24/25,2024-12-22,20,3027,Southampton,Fulham,away,0.2579,1.0475873,0.7896872755050659
3959,12436471,24/25,2024-12-22,8,19,Tottenham Hotspur,Liverpool FC,home,1.2744,1.5974804,0.3230804162979126
3959,12436471,24/25,2024-12-22,19,8,Liverpool FC,Tottenham Hotspur,away,6.190661676646706,2.3289733,-3.861688383342263
3960,12436481,24/25,2024-12-26,22,10,Manchester City,Everton,home,2.3096384462151396,1.8167243,-0.4929141458306181
3960,12436481,24/25,2024-12-26,10,22,Everton,Manchester City,away,0.647,1.1812065,0.534206464767456
3961,12436473,24/25,2024-12-26,24,3027,Chelsea,Fulham,home,1.1182,2.07602,0.9578200023651122
3961,12436473,24/25,2024-12-26,3027,24,Fulham,Chelsea,away,1.7841,1.3599752,-0.42412478122711184
3962,12436479,24/25,2024-12-26,6072,8,Nottingham Forest,Tottenham Hotspur,home,1.1056976047904192,1.6402763,0.5345787080376447
3962,12436479,24/25,2024-12-26,8,6072,Tottenham Hotspur,Nottingham Forest,away,0.8951746987951807,1.2868998,0.391725106273789
3963,12436477,24/25,2024-12-26,21,12,Newcastle United,Aston Villa,home,2.7568,1.6238743,-1.1329256933212282
3963,12436477,24/25,2024-12-26,12,21,Aston Villa,Newcastle United,away,0.3685944206008584,1.2851098,0.9165153377762167
3964,12436480,24/25,2024-12-26,20,7,Southampton,West Ham United,home,1.3769463220675944,1.387187,0.010240682021761094
3964,12436480,24/25,2024-12-26,7,20,West Ham United,Southampton,away,1.825052104208417,1.5481489,-0.27690323374027725
3965,12436476,24/25,2024-12-26,769,18,Bournemouth,Crystal Palace,home,1.465877263581489,1.5223644,0.05648711439397491
3965,12436476,24/25,2024-12-26,18,769,Crystal Palace,Bournemouth,away,0.4473,1.3445015,0.8972014953613281
3966,12436482,24/25,2024-12-26,3033,1,Wolverhampton,Manchester United,home,0.8424763313609468,1.2267613,0.3842850097340239
3966,12436482,24/25,2024-12-26,1,3033,Manchester United,Wolverhampton,away,0.4574699049630412,1.4924278,1.0349579209646933
3967,12436474,24/25,2024-12-26,19,9,Liverpool FC,Leicester City,home,1.8616283185840707,2.3718255,0.510197138035192
3967,12436474,24/25,2024-12-26,9,19,Leicester City,Liverpool FC,away,0.338184,1.0771077,0.7389236679229736
3968,12436475,24/25,2024-12-27,2275,5301,Brighton & Hove Albion,Brentford,home,1.297933734939759,1.6107084,0.31277462096386643
3968,12436475,24/25,2024-12-27,5301,2275,Brentford,Brighton & Hove Albion,away,1.07,1.2882267,0.2182267236709594
3969,12436472,24/25,2024-12-27,17,7583,Arsenal,Ipswich Town,home,1.847270351758794,2.0242581,0.17698778499047352
3969,12436472,24/25,2024-12-27,7583,17,Ipswich Town,Arsenal,away,0.1526,0.88851297,0.7359129690170287
3970,12436512,24/25,2024-12-29,9,22,Leicester City,Manchester City,home,1.2848263473053891,1.1947442,-0.09008211798867771
3970,12436512,24/25,2024-12-29,22,9,Manchester City,Leicester City,away,1.2684,1.8940301,0.6256300941467285
3971,12436521,24/25,2024-12-29,8,3033,Tottenham Hotspur,Wolverhampton,home,2.2485,1.6574861,-0.5910139188766479
3971,12436521,24/25,2024-12-29,3033,8,Wolverhampton,Tottenham Hotspur,away,0.7153,1.275811,0.560510956954956
3972,12436517,24/25,2024-12-29,10,6072,Everton,Nottingham Forest,home,0.8852,1.2345288,0.3493287799835205
3972,12436517,24/25,2024-12-29,6072,10,Nottingham Forest,Everton,away,1.5586,1.3685669,-0.1900331293106079
3973,12436515,24/25,2024-12-29,3027,769,Fulham,Bournemouth,home,1.1136,1.4241629,0.31056286468505867
3973,12436515,24/25,2024-12-29,769,3027,Bournemouth,Fulham,away,1.9821,1.6616575,-0.320442547416687
3974,12436532,24/25,2024-12-29,18,20,Crystal Palace,Southampton,home,2.0032709163346616,1.7171397,-0.28613119541791354
3974,12436532,24/25,2024-12-29,20,18,Southampton,Crystal Palace,away,0.9281743027888446,1.1984018,0.2702275059498639
3975,12436513,24/25,2024-12-29,7,19,West Ham United,Liverpool FC,home,0.3613,1.2270336,0.8657336151123047
3975,12436513,24/25,2024-12-29,19,7,Liverpool FC,West Ham United,away,3.1528,2.0265408,-1.126259243774414
3976,12436510,24/25,2024-12-30,7583,24,Ipswich Town,Chelsea,home,1.5712898696088264,1.2627904,-0.3084994280957649
3976,12436510,24/25,2024-12-30,24,7583,Chelsea,Ipswich Town,away,2.0294,2.1034818,0.07408176956176771
3977,12436530,24/25,2024-12-30,12,2275,Aston Villa,Brighton & Hove Albion,home,1.7423412462908012,1.6372937,-0.10504754988729781
3977,12436530,24/25,2024-12-30,2275,12,Brighton & Hove Albion,Aston Villa,away,1.1265346038114343,1.3961875,0.2696529400575842
3978,12436522,24/25,2024-12-30,1,21,Manchester United,Newcastle United,home,0.9042464788732394,1.3194042,0.4151577655496732
3978,12436522,24/25,2024-12-30,21,1,Newcastle United,Manchester United,away,1.904311623246493,1.5376805,-0.36663111654025515
3979,12436410,24/25,2025-01-01,5301,17,Brentford,Arsenal,home,0.3202,1.3710731,1.0508731267929077
3979,12436410,24/25,2025-01-01,17,5301,Arsenal,Brentford,away,1.9244,1.8965752,-0.027824787521362415
3980,12436519,24/25,2025-01-04,8,21,Tottenham Hotspur,Newcastle United,home,0.9481,1.4843165,0.5362164682388305
3980,12436519,24/25,2025-01-04,21,8,Newcastle United,Tottenham Hotspur,away,2.437078947368421,1.9353538,-0.5017251914174934
3981,12436508,24/25,2025-01-04,22,7,Manchester City,West Ham United,home,1.8983771313941824,1.913805,0.015427876540387908
3981,12436508,24/25,2025-01-04,7,22,West Ham United,Manchester City,away,1.363062186559679,1.1199721,-0.24309007676506234
3982,12436419,24/25,2025-01-04,18,24,Crystal Palace,Chelsea,home,1.0771597989949748,1.5617479,0.4845881095972493
3982,12436419,24/25,2025-01-04,24,18,Chelsea,Crystal Palace,away,1.235062311557789,1.8294415,0.5943792358360098
3983,12436523,24/25,2025-01-04,12,9,Aston Villa,Leicester City,home,1.5585,1.9722517,0.41375165367126465
3983,12436523,24/25,2025-01-04,9,12,Leicester City,Aston Villa,away,0.42502409638554217,1.0850489,0.6600248175701463
3984,12436518,24/25,2025-01-04,769,10,Bournemouth,Everton,home,1.8428,1.9598548,0.11705484123229981
3984,12436518,24/25,2025-01-04,10,769,Everton,Bournemouth,away,0.7061,1.2297128,0.5236128438949585
3985,12436520,24/25,2025-01-04,20,5301,Southampton,Brentford,home,0.289644578313253,1.3507438,1.0610991922861122
3985,12436520,24/25,2025-01-04,5301,20,Brentford,Southampton,away,4.4567,1.8230428,-2.633657249641418
3986,12436528,24/25,2025-01-04,2275,17,Brighton & Hove Albion,Arsenal,home,1.5214,1.246922,-0.27447798385620126
3986,12436528,24/25,2025-01-04,17,2275,Arsenal,Brighton & Hove Albion,away,0.8773,1.8478527,0.9705527069091797
3987,12436525,24/25,2025-01-05,3027,7583,Fulham,Ipswich Town,home,2.2409,1.7341467,-0.5067532857894896
3987,12436525,24/25,2025-01-05,7583,3027,Ipswich Town,Fulham,away,1.575568136272545,1.0535548,-0.5220133629418566
3988,12436514,24/25,2025-01-05,19,1,Liverpool FC,Manchester United,home,2.7766344621513945,2.0635288,-0.7131056859825713
3988,12436514,24/25,2025-01-05,1,19,Manchester United,Liverpool FC,away,1.044331673306773,1.2182753,0.1739436353022359
3989,12436437,24/25,2025-01-06,3033,6072,Wolverhampton,Nottingham Forest,home,1.5938,1.2279066,-0.36589341526031505
3989,12436437,24/25,2025-01-06,6072,3033,Nottingham Forest,Wolverhampton,away,2.1075538922155688,1.2430085,-0.8645453978384325
3990,12436436,24/25,2025-01-14,5301,22,Brentford,Manchester City,home,2.5669427710843373,1.6507012,-0.9162416058850575
3990,12436436,24/25,2025-01-14,22,5301,Manchester City,Brentford,away,2.1921144578313254,1.7390654,-0.4530490491246604
3991,12436531,24/25,2025-01-14,24,769,Chelsea,Bournemouth,home,2.5015,2.1893404,-0.3121596469879151
3991,12436531,24/25,2025-01-14,769,24,Bournemouth,Chelsea,away,1.171962,1.4824926,0.31053056610870367
3992,12436509,24/25,2025-01-14,7,3027,West Ham United,Fulham,home,0.9525,1.3826351,0.4301351165771484
3992,12436509,24/25,2025-01-14,3027,7,Fulham,West Ham United,away,1.9415438247011951,1.6553215,-0.28622234585750617
3993,12436526,24/25,2025-01-14,6072,19,Nottingham Forest,Liverpool FC,home,0.3054524043179588,1.2368479,0.9313954731844827
3993,12436526,24/25,2025-01-14,19,6072,Liverpool FC,Nottingham Forest,away,1.99,1.6612324,-0.3287676477432251
3994,12436529,24/25,2025-01-15,21,3033,Newcastle United,Wolverhampton,home,2.076244532803181,2.0226135,-0.05363100741255611
3994,12436529,24/25,2025-01-15,3033,21,Wolverhampton,Newcastle United,away,1.595710735586481,0.98320377,-0.6125069668563174
3995,12436434,24/25,2025-01-15,10,12,Everton,Aston Villa,home,1.131669,1.2994025,0.16773347535705563
3995,12436434,24/25,2025-01-15,12,10,Aston Villa,Everton,away,1.2135,1.6423869,0.4288869132995605
3996,12436527,24/25,2025-01-15,9,18,Leicester City,Crystal Palace,home,1.7019,1.4255892,-0.2763107961654663
3996,12436527,24/25,2025-01-15,18,9,Crystal Palace,Leicester City,away,1.8221,1.6139953,-0.20810468635559087
3997,12436511,24/25,2025-01-15,17,8,Arsenal,Tottenham Hotspur,home,1.4294730538922156,1.9818082,0.552335131685177
3997,12436511,24/25,2025-01-15,8,17,Tottenham Hotspur,Arsenal,away,0.7831,1.1720662,0.38896621170043943
3998,12436524,24/25,2025-01-16,7583,2275,Ipswich Town,Brighton & Hove Albion,home,0.2793496015936255,1.2025554,0.9232058164209009
3998,12436524,24/25,2025-01-16,2275,7583,Brighton & Hove Albion,Ipswich Town,away,0.9721,1.5177286,0.5456285671234131
3999,12436516,24/25,2025-01-16,1,20,Manchester United,Southampton,home,3.4157,1.9728571,-1.4428428823471071
3999,12436516,24/25,2025-01-16,20,1,Southampton,Manchester United,away,1.516814371257485,1.080239,-0.43657531371659153
4000,12436885,24/25,2025-01-18,21,769,Newcastle United,Bournemouth,home,0.8200020060180542,2.0012813,1.1812792554260376
4000,12436885,24/25,2025-01-18,769,21,Bournemouth,Newcastle United,away,2.284,1.3380166,-0.9459833707809446
4001,12436440,24/25,2025-01-18,5301,19,Brentford,Liverpool FC,home,0.7183,1.4422995,0.723999485206604
4001,12436440,24/25,2025-01-18,19,5301,Liverpool FC,Brentford,away,3.4134126506024094,1.9685484,-1.4448642335110398
4002,12436889,24/25,2025-01-18,7,18,West Ham United,Crystal Palace,home,0.28244117647058825,1.5499444,1.2675032243167652
4002,12436889,24/25,2025-01-18,18,7,Crystal Palace,West Ham United,away,1.3158,1.5429466,0.22714657707214347
4003,12436442,24/25,2025-01-18,9,3027,Leicester City,Fulham,home,0.4743,1.1355795,0.6612794668197632
4003,12436442,24/25,2025-01-18,3027,9,Fulham,Leicester City,away,2.1945,1.5466291,-0.6478709287643434
4004,12436443,24/25,2025-01-18,17,12,Arsenal,Aston Villa,home,1.3476,1.8434763,0.4958762954711915
4004,12436443,24/25,2025-01-18,12,17,Aston Villa,Arsenal,away,1.0334488977955911,1.2217792,0.18833032946118378
4005,12436883,24/25,2025-01-19,1,2275,Manchester United,Brighton & Hove Albion,home,1.450919642857143,1.5188495,0.06792984921591616
4005,12436883,24/25,2025-01-19,2275,1,Brighton & Hove Albion,Manchester United,away,1.9112252252252253,1.3666656,-0.5445596234948786
4006,12436448,24/25,2025-01-19,10,8,Everton,Tottenham Hotspur,home,1.952,1.4811449,-0.4708550949096679
4006,12436448,24/25,2025-01-19,8,10,Tottenham Hotspur,Everton,away,1.1323,1.5122602,0.37996019859313956
4007,12436887,24/25,2025-01-19,6072,20,Nottingham Forest,Southampton,home,1.9762478134110788,1.7701509,-0.20609691352399384
4007,12436887,24/25,2025-01-19,20,6072,Southampton,Nottingham Forest,away,0.8831036889332003,1.030927,0.14782325389211703
4008,12436439,24/25,2025-01-19,7583,22,Ipswich Town,Manchester City,home,0.5827,1.1997727,0.6170727155685425
4008,12436439,24/25,2025-01-19,22,7583,Manchester City,Ipswich Town,away,3.064,1.886559,-1.177440990447998
4009,12436455,24/25,2025-01-20,24,3033,Chelsea,Wolverhampton,home,3.1643443113772456,2.2661393,-0.8982050425021235
4009,12436455,24/25,2025-01-20,3033,24,Wolverhampton,Chelsea,away,0.8127,1.0212498,0.20854977111816408
4010,12436901,24/25,2025-01-25,19,7583,Liverpool FC,Ipswich Town,home,2.2318734939759035,2.3865557,0.15468217771599102
4010,12436901,24/25,2025-01-25,7583,19,Ipswich Town,Liverpool FC,away,0.4793,0.89172983,0.41242983169555664
4011,12436909,24/25,2025-01-25,3033,17,Wolverhampton,Arsenal,home,0.7461072874493927,1.1247944,0.3786870765261322
4011,12436909,24/25,2025-01-25,17,3033,Arsenal,Wolverhampton,away,1.040595363540569,1.7252655,0.6846701393891186
4012,12436905,24/25,2025-01-25,20,21,Southampton,Newcastle United,home,0.7561174698795181,1.1440035,0.3878860405956406
4012,12436905,24/25,2025-01-25,21,20,Newcastle United,Southampton,away,2.9164246987951805,2.0086703,-0.9077543687475731
4013,12436895,24/25,2025-01-25,2275,10,Brighton & Hove Albion,Everton,home,0.725967,1.6841083,0.9581412572937011
4013,12436895,24/25,2025-01-25,10,2275,Everton,Brighton & Hove Albion,away,0.8527682926829269,1.003309,0.15054071877642372
4014,12436891,24/25,2025-01-25,769,6072,Bournemouth,Nottingham Forest,home,1.6913243243243243,1.8400674,0.14874306230287293
4014,12436891,24/25,2025-01-25,6072,769,Nottingham Forest,Bournemouth,away,0.9812,1.2262393,0.24503932361602787
4015,12436903,24/25,2025-01-25,22,24,Manchester City,Chelsea,home,2.5012,1.7756835,-0.7255164777755736
4015,12436903,24/25,2025-01-25,24,22,Chelsea,Manchester City,away,1.8002,1.7131563,-0.08704365749359133
4016,12436907,24/25,2025-01-26,8,9,Tottenham Hotspur,Leicester City,home,1.0364,1.8254657,0.7890656791687012
4016,12436907,24/25,2025-01-26,9,8,Leicester City,Tottenham Hotspur,away,1.529,1.1222023,-0.4067977228164672
4017,12436897,24/25,2025-01-26,18,5301,Crystal Palace,Brentford,home,1.0547608695652173,1.7319746,0.6772137321803882
4017,12436897,24/25,2025-01-26,5301,18,Brentford,Crystal Palace,away,1.2378928571428571,1.2849716,0.04707873766762871
4018,12436893,24/25,2025-01-26,12,7,Aston Villa,West Ham United,home,0.8547,1.8719568,1.0172568252563476
4018,12436893,24/25,2025-01-26,7,12,West Ham United,Aston Villa,away,1.301963963963964,1.2364354,-0.06552855060336826
4019,12436899,24/25,2025-01-26,3027,1,Fulham,Manchester United,home,0.6709,1.6280428,0.9571428171157836
4019,12436899,24/25,2025-01-26,1,3027,Manchester United,Fulham,away,0.2548,1.1028398,0.8480398275375366
4020,12436930,24/25,2025-02-01,6072,2275,Nottingham Forest,Brighton & Hove Albion,home,3.4085,1.3662982,-2.042201801300049
4020,12436930,24/25,2025-02-01,2275,6072,Brighton & Hove Albion,Nottingham Forest,away,0.8802,1.4161018,0.5359018133163452
4021,12436911,24/25,2025-02-01,769,19,Bournemouth,Liverpool FC,home,1.5977,1.5381501,-0.05954992790222158
4021,12436911,24/25,2025-02-01,19,769,Liverpool FC,Bournemouth,away,2.509292168674699,1.8459404,-0.6633518171884929
4022,12436928,24/25,2025-02-01,21,3027,Newcastle United,Fulham,home,0.737,1.6391926,0.9021925811767578
4022,12436928,24/25,2025-02-01,3027,21,Fulham,Newcastle United,away,1.5466265060240965,1.3286295,-0.21799701231071755
4023,12436921,24/25,2025-02-01,10,9,Everton,Leicester City,home,2.4643,1.3618919,-1.1024081342697145
4023,12436921,24/25,2025-02-01,9,10,Leicester City,Everton,away,0.3272,1.0845321,0.7573321416854859
4024,12436924,24/25,2025-02-01,7583,20,Ipswich Town,Southampton,home,1.8091071428571428,1.5328437,-0.2762634338651384
4024,12436924,24/25,2025-02-01,20,7583,Southampton,Ipswich Town,away,0.9248,1.1869272,0.26212719936370854
4025,12436932,24/25,2025-02-01,3033,12,Wolverhampton,Aston Villa,home,1.6566396396396397,1.1928812,-0.46375841310002786
4025,12436932,24/25,2025-02-01,12,3033,Aston Villa,Wolverhampton,away,0.44257657657657656,1.528815,1.0862384544750592
4026,12436925,24/25,2025-02-02,1,18,Manchester United,Crystal Palace,home,1.11375,1.3292935,0.21554348945617674
4026,12436925,24/25,2025-02-02,18,1,Crystal Palace,Manchester United,away,2.5746861386138615,1.5021799,-1.072506277545136
4027,12436916,24/25,2025-02-02,5301,8,Brentford,Tottenham Hotspur,home,2.0489517587939696,1.7695123,-0.2794394630710082
4027,12436916,24/25,2025-02-02,8,5301,Tottenham Hotspur,Brentford,away,0.8596,1.5245297,0.6649296955108642
4028,12436913,24/25,2025-02-02,17,22,Arsenal,Manchester City,home,0.9947615230460922,1.6613197,0.6665582096199234
4028,12436913,24/25,2025-02-02,22,17,Manchester City,Arsenal,away,0.8081,1.3983757,0.5902757495880127
4029,12436919,24/25,2025-02-03,24,7,Chelsea,West Ham United,home,1.6550972918756268,2.3658595,0.7107622166387775
4029,12436919,24/25,2025-02-03,7,24,West Ham United,Chelsea,away,1.2102204408817634,1.1860497,-0.024170741098438198
4030,13344418,24/25,2025-02-12,10,19,Everton,Liverpool FC,home,0.94287125748503,1.1070701,0.16419883090150567
4030,13344418,24/25,2025-02-12,19,10,Liverpool FC,Everton,away,0.6074600985221675,1.6513284,1.0438683459587286
4031,12436937,24/25,2025-02-14,2275,24,Brighton & Hove Albion,Chelsea,home,1.4028952095808382,1.3495238,-0.053371426850735704
4031,12436937,24/25,2025-02-14,24,2275,Chelsea,Brighton & Hove Albion,away,0.5403,1.4908456,0.9505455610275269
4032,12436943,24/25,2025-02-15,9,17,Leicester City,Arsenal,home,0.217899,1.1464667,0.9285677320251464
4032,12436943,24/25,2025-02-15,17,9,Arsenal,Leicester City,away,1.3832,1.5611683,0.17796831302642824
4033,12436948,24/25,2025-02-15,22,21,Manchester City,Newcastle United,home,1.88496,1.9173723,0.03241234592437747
4033,12436948,24/25,2025-02-15,21,22,Newcastle United,Manchester City,away,0.4828,1.542901,1.060101039123535
4034,12436934,24/25,2025-02-15,12,7583,Aston Villa,Ipswich Town,home,2.4353,1.7692894,-0.6660106256484983
4034,12436934,24/25,2025-02-15,7583,12,Ipswich Town,Aston Villa,away,0.3863106382978723,1.0394338,0.6531231986390784
4035,12436956,24/25,2025-02-15,7,5301,West Ham United,Brentford,home,0.8113825301204819,1.4320028,0.6206202527011734
4035,12436956,24/25,2025-02-15,5301,7,Brentford,West Ham United,away,1.6587,1.5854261,-0.07327390785217291
4036,12436940,24/25,2025-02-15,3027,6072,Fulham,Nottingham Forest,home,2.184262048192771,1.5434775,-0.6407845129449683
4036,12436940,24/25,2025-02-15,6072,3027,Nottingham Forest,Fulham,away,0.4221415662650602,1.1035793,0.6814377164955598
4037,12436950,24/25,2025-02-15,20,769,Southampton,Bournemouth,home,0.781449203187251,1.2258381,0.44438886196014893
4037,12436950,24/25,2025-02-15,769,20,Bournemouth,Southampton,away,1.179421314741036,1.9115856,0.7321642546406779
4038,12436939,24/25,2025-02-15,18,10,Crystal Palace,Everton,home,1.696804780876494,1.5013558,-0.19544901362643285
4038,12436939,24/25,2025-02-15,10,18,Everton,Crystal Palace,away,0.9569338014042127,1.1264491,0.1695153067195666
4039,12436945,24/25,2025-02-16,19,3033,Liverpool FC,Wolverhampton,home,1.664,2.2655673,0.6015673027038575
4039,12436945,24/25,2025-02-16,3033,19,Wolverhampton,Liverpool FC,away,1.4858936810431294,1.0292168,-0.4566769146857075
4040,12436952,24/25,2025-02-16,8,1,Tottenham Hotspur,Manchester United,home,2.3017,1.725462,-0.5762380401611327
4040,12436952,24/25,2025-02-16,1,8,Manchester United,Tottenham Hotspur,away,1.5285,1.5102285,-0.018271485328674286
4041,12437019,24/25,2025-02-19,12,19,Aston Villa,Liverpool FC,home,0.6624849397590361,1.2775718,0.6150868576118745
4041,12437019,24/25,2025-02-19,19,12,Liverpool FC,Aston Villa,away,2.5051,1.6124243,-0.8926757455825807
4042,12436623,24/25,2025-02-21,9,5301,Leicester City,Brentford,home,0.5095412474849095,1.2916181,0.7820768612644802
4042,12436623,24/25,2025-02-21,5301,9,Brentford,Leicester City,away,1.5097002012072436,1.51991,0.010209776705659257
4043,12436625,24/25,2025-02-22,10,1,Everton,Manchester United,home,1.9077,1.4115437,-0.4961562730789184
4043,12436625,24/25,2025-02-22,1,10,Manchester United,Everton,away,0.4101,1.1525522,0.7424522470474243
4044,12436960,24/25,2025-02-22,17,7,Arsenal,West Ham United,home,1.2298962360122074,1.8972464,0.6673501247666012
4044,12436960,24/25,2025-02-22,7,17,West Ham United,Arsenal,away,1.054845,1.0530707,-0.0017743355941772787
4045,12436629,24/25,2025-02-22,7583,8,Ipswich Town,Tottenham Hotspur,home,1.1549,1.3704574,0.2155574108123779
4045,12436629,24/25,2025-02-22,8,7583,Tottenham Hotspur,Ipswich Town,away,1.6982612612612613,1.592814,-0.10544729260281405
4046,12436965,24/25,2025-02-22,20,2275,Southampton,Brighton & Hove Albion,home,0.1253,1.1913924,1.0660924217224121
4046,12436965,24/25,2025-02-22,2275,20,Brighton & Hove Albion,Southampton,away,3.9480603015075375,1.5670192,-2.3810410773406674
4047,12436624,24/25,2025-02-22,3027,18,Fulham,Crystal Palace,home,0.205,1.348033,1.1430329513549804
4047,12436624,24/25,2025-02-22,18,3027,Crystal Palace,Fulham,away,1.3014662027833002,1.1740438,-0.1274224281785028
4048,12436958,24/25,2025-02-22,769,3033,Bournemouth,Wolverhampton,home,0.658592750533049,1.6941754,1.035582612053926
4048,12436958,24/25,2025-02-22,3033,769,Wolverhampton,Bournemouth,away,1.9864543630892677,1.2695348,-0.7169195368105812
4049,12436621,24/25,2025-02-22,12,24,Aston Villa,Chelsea,home,2.3302,1.4211026,-0.9090973569869996
4049,12436621,24/25,2025-02-22,24,12,Chelsea,Aston Villa,away,2.3031,1.6928442,-0.6102558475494386
4050,12436963,24/25,2025-02-23,21,6072,Newcastle United,Nottingham Forest,home,2.9048291457286433,1.9774073,-0.9274218094935969
4050,12436963,24/25,2025-02-23,6072,21,Nottingham Forest,Newcastle United,away,1.7872,1.486115,-0.3010850212097167
4051,12436627,24/25,2025-02-23,22,19,Manchester City,Liverpool FC,home,0.6516,1.6957296,1.0441296133041382
4051,12436627,24/25,2025-02-23,19,22,Liverpool FC,Manchester City,away,0.7086,1.4784669,0.7698668684005737
4052,12436983,24/25,2025-02-25,18,12,Crystal Palace,Aston Villa,home,4.300393179538616,1.7761174,-2.5242757355002245
4052,12436983,24/25,2025-02-25,12,18,Aston Villa,Crystal Palace,away,0.3771,1.1733648,0.7962647584915161
4053,12436970,24/25,2025-02-25,2275,769,Brighton & Hove Albion,Bournemouth,home,2.4050942828485455,1.6366304,-0.7684638669321027
4053,12436970,24/25,2025-02-25,769,2275,Bournemouth,Brighton & Hove Albion,away,1.4471675025075226,1.1831276,-0.26403986082966613
4054,12436981,24/25,2025-02-25,3033,3027,Wolverhampton,Fulham,home,1.3113,1.2515464,-0.059753617095947176
4054,12436981,24/25,2025-02-25,3027,3033,Fulham,Wolverhampton,away,1.6933,1.4238352,-0.26946484165191653
4055,12436986,24/25,2025-02-25,24,20,Chelsea,Southampton,home,2.538954,2.1915157,-0.3474383158721923
4055,12436986,24/25,2025-02-25,20,24,Southampton,Chelsea,away,0.7194663316582914,1.045142,0.32567572289950886
4056,12436975,24/25,2025-02-26,8,22,Tottenham Hotspur,Manchester City,home,1.3282,1.442914,0.11471400909423823
4056,12436975,24/25,2025-02-26,22,8,Manchester City,Tottenham Hotspur,away,2.1003276553106214,1.8163435,-0.2839841093969251
4057,12436991,24/25,2025-02-26,1,7583,Manchester United,Ipswich Town,home,0.837458112407211,1.6992986,0.861840507816788
4057,12436991,24/25,2025-02-26,7583,1,Ipswich Town,Manchester United,away,1.4285,1.1365466,-0.29195338821411143
4058,12436974,24/25,2025-02-26,6072,17,Nottingham Forest,Arsenal,home,0.400278391959799,1.285888,0.8856095646594637
4058,12436974,24/25,2025-02-26,17,6072,Arsenal,Nottingham Forest,away,0.976932,1.6077349,0.6308029185943603
4059,12436968,24/25,2025-02-26,5301,10,Brentford,Everton,home,1.7092,1.5424013,-0.16679868621826177
4059,12436968,24/25,2025-02-26,10,5301,Everton,Brentford,away,1.3699,1.2940894,-0.075810563468933
4060,12436988,24/25,2025-02-26,19,21,Liverpool FC,Newcastle United,home,1.6724701789264413,2.08804,0.41556993452265534
4060,12436988,24/25,2025-02-26,21,19,Newcastle United,Liverpool FC,away,0.22627154308617234,1.3210971,1.0948255924576509
4061,13365051,24/25,2025-02-27,7,9,West Ham United,Leicester City,home,1.6802,1.4686958,-0.21150424022674552
4061,13365051,24/25,2025-02-27,9,7,Leicester City,West Ham United,away,0.3677,1.0892053,0.721505265045166
4062,12437007,24/25,2025-03-08,6072,22,Nottingham Forest,Manchester City,home,0.719037,1.2336221,0.5145850741271972
4062,12437007,24/25,2025-03-08,22,6072,Manchester City,Nottingham Forest,away,0.8633,1.804337,0.9410370246887207
4063,12437003,24/25,2025-03-08,19,20,Liverpool FC,Southampton,home,4.085981963927856,2.5508945,-1.5350874651027828
4063,12437003,24/25,2025-03-08,20,19,Southampton,Liverpool FC,away,0.35057994041708046,0.9587125,0.608132577798099
4064,12436996,24/25,2025-03-08,2275,3027,Brighton & Hove Albion,Fulham,home,1.5079366336633664,1.4384844,-0.06945220335025604
4064,12436996,24/25,2025-03-08,3027,2275,Fulham,Brighton & Hove Albion,away,0.893574,1.2892047,0.3956307166824341
4065,12437000,24/25,2025-03-08,18,7583,Crystal Palace,Ipswich Town,home,3.2599,1.9758202,-1.2840798162460327
4065,12437000,24/25,2025-03-08,7583,18,Ipswich Town,Crystal Palace,away,1.7812048192771084,0.97400224,-0.8072025771887905
4066,12436994,24/25,2025-03-08,5301,12,Brentford,Aston Villa,home,0.8338,1.806433,0.9726329624176026
4066,12436994,24/25,2025-03-08,12,5301,Aston Villa,Brentford,away,1.3324,1.306604,-0.02579597225189212
4067,12437012,24/25,2025-03-08,3033,10,Wolverhampton,Everton,home,0.7672997987927566,1.2717019,0.5044021331606736
4067,12437012,24/25,2025-03-08,10,3033,Everton,Wolverhampton,away,1.4144,1.1646484,-0.249751586341858
4068,12436998,24/25,2025-03-09,24,9,Chelsea,Leicester City,home,1.765715145436309,2.081765,0.31604979101083464
4068,12436998,24/25,2025-03-09,9,24,Leicester City,Chelsea,away,0.09939169139465875,1.0308996,0.9315079525033515
4069,12437009,24/25,2025-03-09,8,769,Tottenham Hotspur,Bournemouth,home,1.515186559679037,1.8952758,0.38008927154349714
4069,12437009,24/25,2025-03-09,769,8,Bournemouth,Tottenham Hotspur,away,2.2011,1.521971,-0.6791290126800535
4070,12437005,24/25,2025-03-09,1,17,Manchester United,Arsenal,home,1.5192,1.2517571,-0.2674428550720216
4070,12437005,24/25,2025-03-09,17,1,Arsenal,Manchester United,away,1.6695,1.6081597,-0.0613403387069702
4071,12437010,24/25,2025-03-10,7,21,West Ham United,Newcastle United,home,0.7121644934804413,1.3333315,0.6211669722406891
4071,12437010,24/25,2025-03-10,21,7,Newcastle United,West Ham United,away,1.3917592778335004,1.4404434,0.04868411873479794
4072,12437029,24/25,2025-03-15,22,2275,Manchester City,Brighton & Hove Albion,home,1.7287688442211055,1.7298412,0.001072388078699138
4072,12437029,24/25,2025-03-15,2275,22,Brighton & Hove Albion,Manchester City,away,2.006202985074627,1.2660246,-0.7401783955360526
4073,12437021,24/25,2025-03-15,10,7,Everton,West Ham United,home,0.9968,1.4217716,0.42497164554595945
4073,12437021,24/25,2025-03-15,7,10,West Ham United,Everton,away,0.8421467336683417,1.0738786,0.23173191222856993
4074,12437025,24/25,2025-03-15,7583,6072,Ipswich Town,Nottingham Forest,home,0.42256582914572866,1.3844273,0.9618614798905263
4074,12437025,24/25,2025-03-15,6072,7583,Nottingham Forest,Ipswich Town,away,1.517,1.474512,-0.04248801898956289
4075,12436578,24/25,2025-03-15,20,3033,Southampton,Wolverhampton,home,1.3812669322709163,1.1752757,-0.2059912488679012
4075,12436578,24/25,2025-03-15,3033,20,Wolverhampton,Southampton,away,0.3619,1.4326204,1.070720406150818
4076,12437014,24/25,2025-03-15,769,5301,Bournemouth,Brentford,home,1.6452574850299402,1.466981,-0.17827643167758422
4076,12437014,24/25,2025-03-15,5301,769,Brentford,Bournemouth,away,0.8233203592814371,1.4758387,0.6525183019124106
4077,12437017,24/25,2025-03-16,17,24,Arsenal,Chelsea,home,0.7147,1.6233934,0.9086934164047241
4077,12437017,24/25,2025-03-16,24,17,Chelsea,Arsenal,away,0.355311,1.4302114,1.0749004248275758
4078,12437023,24/25,2025-03-16,3027,8,Fulham,Tottenham Hotspur,home,0.9659457831325301,1.8215152,0.8555694193897477
4078,12437023,24/25,2025-03-16,8,3027,Tottenham Hotspur,Fulham,away,0.9456686746987952,1.2278959,0.28222718120483026
4079,12437027,24/25,2025-03-16,9,1,Leicester City,Manchester United,home,1.045308926780341,1.4922009,0.44689192466008865
4079,12437027,24/25,2025-03-16,1,9,Manchester United,Leicester City,away,0.9040810810810811,1.4365329,0.5324517739527934
4080,12436580,24/25,2025-04-01,17,3027,Arsenal,Fulham,home,2.3763,1.6642623,-0.712037705230713
4080,12436580,24/25,2025-04-01,3027,17,Fulham,Arsenal,away,0.9895,1.2870302,0.29753022003173824
4081,12436599,24/25,2025-04-01,3033,7,Wolverhampton,West Ham United,home,1.1813,1.3522136,0.17091362113952635
4081,12436599,24/25,2025-04-01,7,3033,West Ham United,Wolverhampton,away,1.3434,1.0842385,-0.25916147079467766
4082,12436591,24/25,2025-04-01,6072,1,Nottingham Forest,Manchester United,home,0.4693369890329013,1.6520989,1.1827619050863614
4082,12436591,24/25,2025-04-01,1,6072,Manchester United,Nottingham Forest,away,1.6290812437311937,1.4386269,-0.19045435831707014
4083,12436594,24/25,2025-04-02,22,9,Manchester City,Leicester City,home,2.234969818913481,2.0316591,-0.20331069263174273
4083,12436594,24/25,2025-04-02,9,22,Leicester City,Manchester City,away,0.0729,0.98638976,0.9134897562026978
4084,12436584,24/25,2025-04-02,2275,12,Brighton & Hove Albion,Aston Villa,home,0.8860549450549451,1.6868058,0.8007508992520007
4084,12436584,24/25,2025-04-02,12,2275,Aston Villa,Brighton & Hove Albion,away,1.233989010989011,1.1983081,-0.035680900751889455
4085,12436600,24/25,2025-04-02,21,5301,Newcastle United,Brentford,home,1.2752072072072071,1.5417644,0.2665571713404613
4085,12436600,24/25,2025-04-02,5301,21,Brentford,Newcastle United,away,1.5752589285714287,1.4973489,-0.07791002396174851
4086,12436588,24/25,2025-04-02,20,18,Southampton,Crystal Palace,home,0.6610486593843098,1.1241463,0.46309768289321707
4086,12436588,24/25,2025-04-02,18,20,Crystal Palace,Southampton,away,0.7365045045045046,1.9497589,1.2132543827864501
4087,12436576,24/25,2025-04-02,769,7583,Bournemouth,Ipswich Town,home,2.0043036072144287,1.8991289,-0.10517469333503415
4087,12436576,24/25,2025-04-02,7583,769,Ipswich Town,Bournemouth,away,1.1676,1.0408943,-0.12670573005676267
4088,12436593,24/25,2025-04-02,19,10,Liverpool FC,Everton,home,1.457593781344032,1.8378581,0.3802642995199206
4088,12436593,24/25,2025-04-02,10,19,Everton,Liverpool FC,away,0.6603309929789368,1.076432,0.416100996690863
4089,12436587,24/25,2025-04-03,24,8,Chelsea,Tottenham Hotspur,home,1.073085798816568,1.9509057,0.877819881839865
4089,12436587,24/25,2025-04-03,8,24,Tottenham Hotspur,Chelsea,away,0.84937721021611,1.1830512,0.3336740183071444
4090,12436596,24/25,2025-04-05,10,17,Everton,Arsenal,home,1.083129648241206,1.2069477,0.12381803604681885
4090,12436596,24/25,2025-04-05,17,10,Arsenal,Everton,away,1.821,1.487876,-0.33312394237518306
4091,12436604,24/25,2025-04-05,7,769,West Ham United,Bournemouth,home,0.6802798804780876,1.2456656,0.565385669753846
4091,12436604,24/25,2025-04-05,769,7,Bournemouth,West Ham United,away,2.1403,1.3649042,-0.7753958347320555
4092,12436595,24/25,2025-04-05,18,2275,Crystal Palace,Brighton & Hove Albion,home,0.6039899091826438,1.542602,0.9386120338334084
4092,12436595,24/25,2025-04-05,2275,18,Brighton & Hove Albion,Crystal Palace,away,0.994455,1.1657836,0.1713286437225342
4093,12436601,24/25,2025-04-05,7583,3033,Ipswich Town,Wolverhampton,home,0.7973,1.1538057,0.3565057327270508
4093,12436601,24/25,2025-04-05,3033,7583,Wolverhampton,Ipswich Town,away,2.6852882882882882,1.3766274,-1.308660843067341
4094,12436597,24/25,2025-04-05,12,6072,Aston Villa,Nottingham Forest,home,3.0275,1.5863631,-1.4411369228363036
4094,12436597,24/25,2025-04-05,6072,12,Nottingham Forest,Aston Villa,away,1.4806,1.4802655,-0.0003345018386839982
4095,12436598,24/25,2025-04-06,3027,19,Fulham,Liverpool FC,home,0.7435,1.4401329,0.6966328563690185
4095,12436598,24/25,2025-04-06,19,3027,Liverpool FC,Fulham,away,1.499,1.7822627,0.2832626829147338
4096,12436589,24/25,2025-04-06,5301,24,Brentford,Chelsea,home,1.173051,1.44758,0.27452897989654534
4096,12436589,24/25,2025-04-06,24,5301,Chelsea,Brentford,away,1.2319,1.5386657,0.30676565227508545
4097,12436606,24/25,2025-04-06,8,20,Tottenham Hotspur,Southampton,home,2.1012427281845536,2.002778,-0.09846467490086219
4097,12436606,24/25,2025-04-06,20,8,Southampton,Tottenham Hotspur,away,1.0305135406218655,1.1049708,0.07445727217568088
4098,12436602,24/25,2025-04-06,1,22,Manchester United,Manchester City,home,0.9286,1.2690985,0.3404985202789307
4098,12436602,24/25,2025-04-06,22,1,Manchester City,Manchester United,away,0.4874,1.5675924,1.0801923824310302
4099,13560219,24/25,2025-04-07,9,21,Leicester City,Newcastle United,home,0.4755,1.2231238,0.7476237888336181
4099,13560219,24/25,2025-04-07,21,9,Newcastle United,Leicester City,away,3.303578313253012,1.6886058,-1.6149725278831388
4100,12436610,24/25,2025-04-12,22,18,Manchester City,Crystal Palace,home,3.958130218687873,1.6988466,-2.2592836400898504
4100,12436610,24/25,2025-04-12,18,22,Crystal Palace,Manchester City,away,1.8173,1.3021331,-0.5151669166564941
4101,12436614,24/25,2025-04-12,20,12,Southampton,Aston Villa,home,0.3080110220440882,1.390529,1.0825180144778235
4101,12436614,24/25,2025-04-12,12,20,Aston Villa,Southampton,away,3.1936775147928995,1.5476425,-1.6460350453867716
4102,12436607,24/25,2025-04-12,2275,9,Brighton & Hove Albion,Leicester City,home,3.9058,1.9064653,-1.9993347080230714
4102,12436607,24/25,2025-04-12,9,2275,Leicester City,Brighton & Hove Albion,away,1.5134,1.0281682,-0.4852317985534669
4103,12436613,24/25,2025-04-12,6072,10,Nottingham Forest,Everton,home,0.5164,1.4108901,0.8944901023864746
4103,12436613,24/25,2025-04-12,10,6072,Everton,Nottingham Forest,away,1.3564,1.3126528,-0.04374717369079595
4104,12436608,24/25,2025-04-12,17,5301,Arsenal,Brentford,home,0.9689148073022312,1.8134245,0.8445096607382351
4104,12436608,24/25,2025-04-12,5301,17,Brentford,Arsenal,away,0.2437,1.1849976,0.94129755859375
4105,12436612,24/25,2025-04-13,19,7,Liverpool FC,West Ham United,home,1.762755511022044,1.8591765,0.09642100551085386
4105,12436612,24/25,2025-04-13,7,19,West Ham United,Liverpool FC,away,1.5045,0.9853938,-0.5191061778068542
4106,12436609,24/25,2025-04-13,24,7583,Chelsea,Ipswich Town,home,2.2588102409638555,1.896155,-0.36265524123088433
4106,12436609,24/25,2025-04-13,7583,24,Ipswich Town,Chelsea,away,1.0748,0.93148357,-0.14331643323898313
4107,12436617,24/25,2025-04-13,3033,8,Wolverhampton,Tottenham Hotspur,home,2.374308542713568,1.3482956,-1.026012973293707
4107,12436617,24/25,2025-04-13,8,3033,Tottenham Hotspur,Wolverhampton,away,2.0715,1.3275528,-0.7439472045898436
4108,12436611,24/25,2025-04-13,21,1,Newcastle United,Manchester United,home,2.1439131736526944,1.6098878,-0.5340253352890469
4108,12436611,24/25,2025-04-13,1,21,Manchester United,Newcastle United,away,0.7204,1.069018,0.348618006324768
4109,13560222,24/25,2025-04-14,769,3027,Bournemouth,Fulham,home,1.4437334669338677,1.9916544,0.5479209291232612
4109,13560222,24/25,2025-04-14,3027,769,Fulham,Bournemouth,away,1.057256513026052,1.15222,0.09496349773139423
4110,12437031,24/25,2025-04-16,21,18,Newcastle United,Crystal Palace,home,1.5357,1.7459964,0.21029635601043695
4110,12437031,24/25,2025-04-16,18,21,Crystal Palace,Newcastle United,away,1.9913313253012048,1.2024466,-0.7888847453680383
4111,12436628,24/25,2025-04-19,10,22,Everton,Manchester City,home,0.9112,1.1591356,0.2479355800628662
4111,12436628,24/25,2025-04-19,22,10,Manchester City,Everton,away,2.0289036144578314,1.5780342,-0.4508694519364691
4112,12436619,24/25,2025-04-19,5301,2275,Brentford,Brighton & Hove Albion,home,2.17068093385214,1.4486622,-0.7220187720250526
4112,12436619,24/25,2025-04-19,2275,5301,Brighton & Hove Albion,Brentford,away,1.445682281059063,1.5667006,0.12101829667683783
4113,12436554,24/25,2025-04-19,7,20,West Ham United,Southampton,home,0.8981137724550898,1.536034,0.6379202155438726
4113,12436554,24/25,2025-04-19,20,7,Southampton,West Ham United,away,0.6336197604790419,1.0356145,0.4019947300299913
4114,12436616,24/25,2025-04-19,18,769,Crystal Palace,Bournemouth,home,0.38752325581395347,1.2389871,0.8514638323894768
4114,12436616,24/25,2025-04-19,769,18,Bournemouth,Crystal Palace,away,0.7210582914572864,1.522609,0.8015507039803357
4115,12436615,24/25,2025-04-19,12,21,Aston Villa,Newcastle United,home,2.2536236125126137,1.4170963,-0.8365273553028358
4115,12436615,24/25,2025-04-19,21,12,Newcastle United,Aston Villa,away,1.0044,1.5251086,0.5207085758209229
4116,12436622,24/25,2025-04-20,1,3033,Manchester United,Wolverhampton,home,1.3205,1.2818856,-0.03861437606811524
4116,12436622,24/25,2025-04-20,3033,1,Wolverhampton,Manchester United,away,0.2494,1.2096237,0.9602236944198608
4117,12436620,24/25,2025-04-20,7583,17,Ipswich Town,Arsenal,home,0.17824248927038627,1.0496066,0.8713640723903804
4117,12436620,24/25,2025-04-20,17,7583,Arsenal,Ipswich Town,away,2.532907537688442,1.784154,-0.7487534801856954
4118,12436618,24/25,2025-04-20,3027,24,Fulham,Chelsea,home,0.2479920477137177,1.1520246,0.9040325790181549
4118,12436618,24/25,2025-04-20,24,3027,Chelsea,Fulham,away,0.8968527054108216,1.5870395,0.6901867652617858
4119,12436626,24/25,2025-04-20,9,19,Leicester City,Liverpool FC,home,0.2673195266272189,1.0695254,0.8022058344338773
4119,12436626,24/25,2025-04-20,19,9,Liverpool FC,Leicester City,away,2.6163,2.0887127,-0.5275873077392577
4120,12436537,24/25,2025-04-21,8,6072,Tottenham Hotspur,Nottingham Forest,home,2.1393,1.8309199,-0.3083801382064819
4120,12436537,24/25,2025-04-21,6072,8,Nottingham Forest,Tottenham Hotspur,away,0.4803,1.2325152,0.7522152158737183
4121,12436551,24/25,2025-04-22,22,12,Manchester City,Aston Villa,home,1.3319,1.6845586,0.35265862998962394
4121,12436551,24/25,2025-04-22,12,22,Aston Villa,Manchester City,away,1.7432738214643932,1.2651386,-0.47813519536576043
4122,12436547,24/25,2025-04-23,17,18,Arsenal,Crystal Palace,home,1.2254940357852884,1.8210732,0.5955791386913352
4122,12436547,24/25,2025-04-23,18,17,Crystal Palace,Arsenal,away,1.8059,1.1310136,-0.6748863681793213
4123,12436550,24/25,2025-04-26,24,10,Chelsea,Everton,home,0.8813,1.7988029,0.9175028526306153
4123,12436550,24/25,2025-04-26,10,24,Everton,Chelsea,away,0.4417,1.0690147,0.6273146684646607
4124,12436545,24/25,2025-04-26,21,7583,Newcastle United,Ipswich Town,home,2.8389295774647887,2.0616324,-0.7772971826741393
4124,12436545,24/25,2025-04-26,7583,21,Ipswich Town,Newcastle United,away,0.10499681190223167,0.9623302,0.8573334102275901
4125,12436546,24/25,2025-04-26,2275,7,Brighton & Hove Albion,West Ham United,home,1.3087,1.6743512,0.36565121536254885
4125,12436546,24/25,2025-04-26,7,2275,West Ham United,Brighton & Hove Albion,away,1.2676974874371858,1.0774976,-0.19019988592809156
4126,12436558,24/25,2025-04-26,3033,9,Wolverhampton,Leicester City,home,2.002275,1.7043402,-0.29793478050231936
4126,12436558,24/25,2025-04-26,9,3033,Leicester City,Wolverhampton,away,1.1416341708542714,1.0350314,-0.1066027329804311
4127,12436539,24/25,2025-04-26,20,3027,Southampton,Fulham,home,0.625043216080402,1.2457894,0.6207461926033748
4127,12436539,24/25,2025-04-26,3027,20,Fulham,Southampton,away,2.392533,1.2932379,-1.0992950754241941
4128,12436535,24/25,2025-04-27,769,1,Bournemouth,Manchester United,home,0.5320366972477064,1.563783,1.0317463523357286
4128,12436535,24/25,2025-04-27,1,769,Manchester United,Bournemouth,away,2.491434,1.0936363,-1.3977977256622314
4129,12436544,24/25,2025-04-27,19,8,Liverpool FC,Tottenham Hotspur,home,2.265756783919598,2.0121593,-0.2535974363854181
4129,12436544,24/25,2025-04-27,8,19,Tottenham Hotspur,Liverpool FC,away,0.4568,1.206072,0.7492719728469849
4130,12436552,24/25,2025-05-01,6072,5301,Nottingham Forest,Brentford,home,0.8941839195979899,1.321847,0.4276630423771077
4130,12436552,24/25,2025-05-01,5301,6072,Brentford,Nottingham Forest,away,1.274724,1.5833948,0.30867076585388187
4131,12436562,24/25,2025-05-02,22,3033,Manchester City,Wolverhampton,home,0.6995803571428572,1.6969005,0.9973201298032488
4131,12436562,24/25,2025-05-02,3033,22,Wolverhampton,Manchester City,away,0.4109191616766467,1.0859926,0.6750734130151257
4132,12436553,24/25,2025-05-03,12,3027,Aston Villa,Fulham,home,0.948972972972973,1.7413372,0.7923642071646613
4132,12436553,24/25,2025-05-03,3027,12,Fulham,Aston Villa,away,0.8597792472024415,1.1123765,0.2525972042898681
4133,12436571,24/25,2025-05-03,9,20,Leicester City,Southampton,home,1.385308383233533,1.6694692,0.2841608540940428
4133,12436571,24/25,2025-05-03,20,9,Southampton,Leicester City,away,0.533,1.2672757,0.7342756910324096
4134,12436572,24/25,2025-05-03,10,7583,Everton,Ipswich Town,home,0.554,1.5195874,0.9655873975753784
4134,12436572,24/25,2025-05-03,7583,10,Ipswich Town,Everton,away,0.8491,1.0386956,0.18959557380676273
4135,12436543,24/25,2025-05-03,17,769,Arsenal,Bournemouth,home,1.387958456973294,1.7504213,0.36246282865597856
4135,12436543,24/25,2025-05-03,769,17,Bournemouth,Arsenal,away,0.9593169508525576,1.0893171,0.130000132506207
4136,12436560,24/25,2025-05-04,5301,1,Brentford,Manchester United,home,2.7953,1.5933118,-1.2019882133483888
4136,12436560,24/25,2025-05-04,1,5301,Manchester United,Brentford,away,1.5564,1.3838419,-0.172558127784729
4137,12436565,24/25,2025-05-04,7,8,West Ham United,Tottenham Hotspur,home,0.8422,1.2503448,0.4081447532653809
4137,12436565,24/25,2025-05-04,8,7,Tottenham Hotspur,West Ham United,away,0.7747,1.3917156,0.6170156457901
4138,12436567,24/25,2025-05-04,2275,21,Brighton & Hove Albion,Newcastle United,home,0.6877,1.4300826,0.7423825595855713
4138,12436567,24/25,2025-05-04,21,2275,Newcastle United,Brighton & Hove Albion,away,1.8676,1.4732506,-0.39434937248229973
4139,12436563,24/25,2025-05-04,24,19,Chelsea,Liverpool FC,home,3.1087785571142286,1.7488316,-1.3599469273611158
4139,12436563,24/25,2025-05-04,19,24,Liverpool FC,Chelsea,away,1.0489,1.4480513,0.39915133342742926
4140,12436561,24/25,2025-05-05,18,6072,Crystal Palace,Nottingham Forest,home,2.2917068793619144,2.0096662,-0.28204067490939977
4140,12436561,24/25,2025-05-05,6072,18,Nottingham Forest,Crystal Palace,away,0.73,1.1569023,0.4269023132324219
4141,12436575,24/25,2025-05-10,20,22,Southampton,Manchester City,home,0.09939363817097416,1.0653981,0.9660044588672949
4141,12436575,24/25,2025-05-10,22,20,Manchester City,Southampton,away,1.8079899799599197,1.8379035,0.02991351964335176
4142,12436581,24/25,2025-05-10,3033,2275,Wolverhampton,Brighton & Hove Albion,home,0.9103,1.2974405,0.3871405288696289
4142,12436581,24/25,2025-05-10,2275,3033,Brighton & Hove Albion,Wolverhampton,away,1.572,1.2272251,-0.3447749347686768
4143,12436566,24/25,2025-05-10,3027,10,Fulham,Everton,home,0.7686195652173913,1.2506642,0.4820446689439857
4143,12436566,24/25,2025-05-10,10,3027,Everton,Fulham,away,1.090360157016683,1.0786507,-0.01170944404976404
4144,12436564,24/25,2025-05-10,7583,5301,Ipswich Town,Brentford,home,0.9243975903614458,1.2561063,0.3317086670772139
4144,12436564,24/25,2025-05-10,5301,7583,Brentford,Ipswich Town,away,1.4088614457831325,1.7795168,0.37065537035608864
4145,12436570,24/25,2025-05-10,769,12,Bournemouth,Aston Villa,home,0.831817365269461,1.2855804,0.45376303138276064
4145,12436570,24/25,2025-05-10,12,769,Aston Villa,Bournemouth,away,1.0023244897959185,1.3760169,0.3736923654439497
4146,12436573,24/25,2025-05-11,21,24,Newcastle United,Chelsea,home,1.5648,1.6229665,0.058166527938842805
4146,12436573,24/25,2025-05-11,24,21,Chelsea,Newcastle United,away,0.7293846153846154,1.3876141,0.6582295155892005
4147,12436569,24/25,2025-05-11,1,7,Manchester United,West Ham United,home,2.2207973921765296,1.5020616,-0.7187357867230384
4147,12436569,24/25,2025-05-11,7,1,West Ham United,Manchester United,away,1.7355567729083665,1.0480074,-0.6875494038669236
4148,12436583,24/25,2025-05-11,8,18,Tottenham Hotspur,Crystal Palace,home,0.7313,1.746939,1.015638943862915
4148,12436583,24/25,2025-05-11,18,8,Crystal Palace,Tottenham Hotspur,away,3.3641,1.504134,-1.8599659410476685
4149,12436574,24/25,2025-05-11,6072,9,Nottingham Forest,Leicester City,home,1.2865089285714286,1.5234773,0.23696838733128134
4149,12436574,24/25,2025-05-11,9,6072,Leicester City,Nottingham Forest,away,1.0832,1.326841,0.2436409967422486
4150,12436568,24/25,2025-05-11,19,17,Liverpool FC,Arsenal,home,2.3722266800401206,1.9142203,-0.45800634694075537
4150,12436568,24/25,2025-05-11,17,19,Arsenal,Liverpool FC,away,2.6090415821501014,1.6276387,-0.9814028845258949
4151,12436577,24/25,2025-05-16,12,8,Aston Villa,Tottenham Hotspur,home,1.3695328685258965,1.7960985,0.4265656021619697
4151,12436577,24/25,2025-05-16,8,12,Tottenham Hotspur,Aston Villa,away,0.5057480079681275,1.1447964,0.6390483634918335
4152,12436582,24/25,2025-05-16,24,1,Chelsea,Manchester United,home,0.8101715145436309,1.6494335,0.8392619790705659
4152,12436582,24/25,2025-05-16,1,24,Manchester United,Chelsea,away,0.2913,1.1380183,0.8467182504653931
4153,12436579,24/25,2025-05-18,10,20,Everton,Southampton,home,2.7286,1.6127775,-1.1158225284576417
4153,12436579,24/25,2025-05-18,20,10,Southampton,Everton,away,1.2981,1.0119559,-0.2861441427230835
4154,12436533,24/25,2025-05-18,7,6072,West Ham United,Nottingham Forest,home,1.1277,1.5512769,0.4235769222259522
4154,12436533,24/25,2025-05-18,6072,7,Nottingham Forest,West Ham United,away,1.8218233082706767,1.162656,-0.6591673586780864
4155,12436534,24/25,2025-05-18,9,7583,Leicester City,Ipswich Town,home,0.7999518072289157,1.5030726,0.7031208122092557
4155,12436534,24/25,2025-05-18,7583,9,Ipswich Town,Leicester City,away,1.4058,1.2406656,-0.16513444499969476
4156,12436586,24/25,2025-05-18,5301,3027,Brentford,Fulham,home,2.8717,1.6123682,-1.2593317739486696
4156,12436586,24/25,2025-05-18,3027,5301,Fulham,Brentford,away,0.986627254509018,1.0801009,0.0934736394652862
4157,12436585,24/25,2025-05-18,17,21,Arsenal,Newcastle United,home,0.633936936936937,1.7242934,1.090356414236464
4157,12436585,24/25,2025-05-18,21,17,Newcastle United,Arsenal,away,1.8851,1.3070256,-0.5780744482040405
4158,12436590,24/25,2025-05-19,2275,19,Brighton & Hove Albion,Liverpool FC,home,2.197386679920477,1.6966885,-0.5006981470911924
4158,12436590,24/25,2025-05-19,19,2275,Liverpool FC,Brighton & Hove Albion,away,2.235,1.7254891,-0.5095108604431151
4159,13854588,24/25,2025-05-20,22,769,Manchester City,Bournemouth,home,1.562553388090349,1.795584,0.233030575303816
4159,13854588,24/25,2025-05-20,769,22,Bournemouth,Manchester City,away,1.1267142857142858,1.1039617,-0.022752579552786756
4160,12436592,24/25,2025-05-20,18,3033,Crystal Palace,Wolverhampton,home,1.6575,1.6586862,0.0011861610412597923
4160,12436592,24/25,2025-05-20,3033,18,Wolverhampton,Crystal Palace,away,1.4136,1.1106142,-0.3029858194351196
4161,12436559,24/25,2025-05-25,3027,22,Fulham,Manchester City,home,1.3017256281407035,1.4743958,0.17267012381242153
4161,12436559,24/25,2025-05-25,22,3027,Manchester City,Fulham,away,3.091625748502994,1.644306,-1.4473198040602449
4162,12436540,24/25,2025-05-25,1,12,Manchester United,Aston Villa,home,2.973,1.3183967,-1.6546033124923705
4162,12436540,24/25,2025-05-25,12,1,Aston Villa,Manchester United,away,0.40525233644859815,1.183927,0.7786747227249858
4163,12436548,24/25,2025-05-25,19,18,Liverpool FC,Crystal Palace,home,2.174340862422998,1.9754578,-0.19888307490926493
4163,12436548,24/25,2025-05-25,18,19,Crystal Palace,Liverpool FC,away,1.7736,1.5888835,-0.1847164808273316
4164,12436549,24/25,2025-05-25,20,17,Southampton,Arsenal,home,0.611226,1.0735362,0.4623101576080322
4164,12436549,24/25,2025-05-25,17,20,Arsenal,Southampton,away,2.3876,1.9077023,-0.4798976732254028
4165,12436556,24/25,2025-05-25,6072,24,Nottingham Forest,Chelsea,home,1.1843333333333332,1.1556057,-0.02872765954335521
4165,12436556,24/25,2025-05-25,24,6072,Chelsea,Nottingham Forest,away,1.0759189189189189,1.5898743,0.5139553486592061
4166,12436557,24/25,2025-05-25,8,2275,Tottenham Hotspur,Brighton & Hove Albion,home,2.0205135406218657,1.7029889,-0.3175246776305327
4166,12436557,24/25,2025-05-25,2275,8,Brighton & Hove Albion,Tottenham Hotspur,away,2.2395,1.6364567,-0.6030432720184327
4167,12436541,24/25,2025-05-25,21,10,Newcastle United,Everton,home,1.263962888665998,1.7736903,0.5097274542371393
4167,12436541,24/25,2025-05-25,10,21,Everton,Newcastle United,away,1.1529478435305918,1.055865,-0.09708279416840915
4168,12436538,24/25,2025-05-25,7583,7,Ipswich Town,West Ham United,home,0.7386770310932799,1.2265851,0.4879081186717348
4168,12436538,24/25,2025-05-25,7,7583,West Ham United,Ipswich Town,away,1.0885,1.2774228,0.18892278575897214
4169,12436536,24/25,2025-05-25,769,9,Bournemouth,Leicester City,home,1.6219,1.6768551,0.05495508728027354
4169,12436536,24/25,2025-05-25,9,769,Leicester City,Bournemouth,away,0.2646957831325301,1.0257127,0.7610169453678362
4170,12436542,24/25,2025-05-25,3033,5301,Wolverhampton,Brentford,home,1.032174,1.2480068,0.215832820678711
4170,12436542,24/25,2025-05-25,5301,3033,Brentford,Wolverhampton,away,1.425102512562814,1.3606317,-0.06447080823236973
4171,14025013,25/26,2025-08-15,19,769,Liverpool FC,Bournemouth,home,2.2098,1.4528811,-0.7569189022064209
4171,14025013,25/26,2025-08-15,769,19,Bournemouth,Liverpool FC,away,1.6867733199598796,1.3307709,-0.35600246977829997
4172,14025016,25/26,2025-08-16,12,21,Aston Villa,Newcastle United,home,0.20725899280575538,1.4528811,1.2456221049878238
4172,14025016,25/26,2025-08-16,21,12,Newcastle United,Aston Villa,away,1.4310544904137235,1.3307709,-0.10028364023214387
4173,14025047,25/26,2025-08-16,8,23,Tottenham Hotspur,Burnley,home,2.3131539235412477,1.4528811,-0.8602728257476686
4173,14025047,25/26,2025-08-16,23,8,Burnley,Tottenham Hotspur,away,0.9318350100603622,1.3307709,0.3989358401212174
4174,14025020,25/26,2025-08-16,2275,3027,Brighton & Hove Albion,Fulham,home,1.4633963963963963,1.4528811,-0.010515298602817191
4174,14025020,25/26,2025-08-16,3027,2275,Fulham,Brighton & Hove Albion,away,0.78287374749499,1.3307709,0.5478971026865896
4175,14025038,25/26,2025-08-16,16,7,Sunderland,West Ham United,home,0.7534,1.4528811,0.6994810977935791
4175,14025038,25/26,2025-08-16,7,16,West Ham United,Sunderland,away,0.562,1.3307709,0.7687708501815795
4176,14025050,25/26,2025-08-16,3033,22,Wolverhampton,Manchester City,home,0.5589,1.4528811,0.8939810977935791
4176,14025050,25/26,2025-08-16,22,3033,Manchester City,Wolverhampton,away,2.4667,1.3307709,-1.1359291498184203
4177,14025053,25/26,2025-08-17,24,18,Chelsea,Crystal Palace,home,1.6046,1.4528811,-0.15171890220642092
4177,14025053,25/26,2025-08-17,18,24,Crystal Palace,Chelsea,away,0.6526850551654965,1.3307709,0.6780857950160831
4178,14025028,25/26,2025-08-17,6072,5301,Nottingham Forest,Brentford,home,1.8173855421686747,1.4528811,-0.36450444437509555
4178,14025028,25/26,2025-08-17,5301,6072,Brentford,Nottingham Forest,away,1.483210843373494,1.3307709,-0.15243999319191448
4179,14025056,25/26,2025-08-17,1,17,Manchester United,Arsenal,home,1.5239,1.4528811,-0.07101890220642093
4179,14025056,25/26,2025-08-17,17,1,Arsenal,Manchester United,away,1.3060807265388497,1.3307709,0.024690123642729933
4180,14025059,25/26,2025-08-18,4546,10,Leeds United,Everton,home,2.1328,1.4528811,-0.6799189022064209
4180,14025059,25/26,2025-08-18,10,4546,Everton,Leeds United,away,0.7963647294589178,1.3307709,0.5344061207226618
4181,14025088,25/26,2025-08-22,7,24,West Ham United,Chelsea,home,0.7264,1.4631362,0.7367361961364746
4181,14025088,25/26,2025-08-22,24,7,Chelsea,West Ham United,away,2.7428,1.4907652,-1.2520347860336303
4182,14025083,25/26,2025-08-23,22,8,Manchester City,Tottenham Hotspur,home,1.5524,1.7817832,0.22938322315216064
4182,14025083,25/26,2025-08-23,8,22,Tottenham Hotspur,Manchester City,away,1.112083417085427,1.5455091,0.43342568287490013
4183,14025068,25/26,2025-08-23,5301,12,Brentford,Aston Villa,home,1.198077844311377,1.4849484,0.28687055237136216
4183,14025068,25/26,2025-08-23,12,5301,Aston Villa,Brentford,away,1.1921,1.2783889,0.08628885784149176
4184,14025062,25/26,2025-08-23,769,3033,Bournemouth,Wolverhampton,home,1.2732938247011951,1.420551,0.14725711771976435
4184,14025062,25/26,2025-08-23,3033,769,Wolverhampton,Bournemouth,away,0.48477660695468916,1.2568666,0.7720899673327254
4185,14025071,25/26,2025-08-23,23,16,Burnley,Sunderland,home,0.9828933200398804,1.7838651,0.8009717741449951
4185,14025071,25/26,2025-08-23,16,23,Sunderland,Burnley,away,0.7733,1.3527433,0.5794432680130005
4186,14025065,25/26,2025-08-23,17,4546,Arsenal,Leeds United,home,2.8788,1.4933842,-1.3854157579421997
4186,14025065,25/26,2025-08-23,4546,17,Leeds United,Arsenal,away,0.1664318869828456,1.3468119,1.1803800036192662
4187,14025077,25/26,2025-08-24,10,2275,Everton,Brighton & Hove Albion,home,1.596,1.4849484,-0.11105160331726083
4187,14025077,25/26,2025-08-24,2275,10,Brighton & Hove Albion,Everton,away,2.4135961923847695,1.3299297,-1.0836664829502602
4188,14025074,25/26,2025-08-24,18,6072,Crystal Palace,Nottingham Forest,home,1.0957590361445784,1.4182521,0.32249307433668384
4188,14025074,25/26,2025-08-24,6072,18,Nottingham Forest,Crystal Palace,away,0.9184670658682634,1.5403099,0.6218428401375959
4189,14025080,25/26,2025-08-24,3027,1,Fulham,Manchester United,home,1.7671,1.4933842,-0.2737157579421996
4189,14025080,25/26,2025-08-24,1,3027,Manchester United,Fulham,away,1.7436646706586827,1.5032364,-0.24042825765666853
4190,14147154,25/26,2025-08-25,21,19,Newcastle United,Liverpool FC,home,1.024879746835443,1.5848418,0.5599621005842959
4190,14147154,25/26,2025-08-25,19,21,Liverpool FC,Newcastle United,away,0.6831394422310757,1.491895,0.8087555181723667
4191,14025097,25/26,2025-08-30,24,3027,Chelsea,Fulham,home,2.35,1.7817832,-0.5682167768478394
4191,14025097,25/26,2025-08-30,3027,24,Fulham,Chelsea,away,1.013882882882883,1.5455091,0.5316262170774442
4192,14025106,25/26,2025-08-30,1,23,Manchester United,Burnley,home,3.5839580838323353,1.6692386,-1.9147195164800404
4192,14025106,25/26,2025-08-30,23,1,Burnley,Manchester United,away,1.238685628742515,1.3783737,0.13968811336106168
4193,14025115,25/26,2025-08-30,8,769,Tottenham Hotspur,Bournemouth,home,0.1873,1.6567672,1.4694672491073608
4193,14025115,25/26,2025-08-30,769,8,Bournemouth,Tottenham Hotspur,away,1.5862,1.478156,-0.10804402942657476
4194,14025118,25/26,2025-08-30,3033,10,Wolverhampton,Everton,home,1.1092,1.3843707,0.2751706846237183
4194,14025118,25/26,2025-08-30,10,3033,Everton,Wolverhampton,away,1.9184353059177532,1.3156698,-0.602765530908598
4195,14025112,25/26,2025-08-30,16,5301,Sunderland,Brentford,home,1.527372,1.4849484,-0.042423603317260694
4195,14025112,25/26,2025-08-30,5301,16,Brentford,Sunderland,away,1.1869099099099099,1.314461,0.1275510829032005
4196,14025100,25/26,2025-08-30,4546,21,Leeds United,Newcastle United,home,0.6877,1.493577,0.8058770034790039
4196,14025100,25/26,2025-08-30,21,4546,Newcastle United,Leeds United,away,0.4602,1.4843143,1.0241143224716187
4197,14025094,25/26,2025-08-31,2275,22,Brighton & Hove Albion,Manchester City,home,2.2975,1.6560609,-0.6414390659332274
4197,14025094,25/26,2025-08-31,22,2275,Manchester City,Brighton & Hove Albion,away,1.7876964285714285,1.51991,-0.2677864506585257
4198,14025109,25/26,2025-08-31,6072,7,Nottingham Forest,West Ham United,home,0.7189752475247525,1.7464112,1.0274359568133211
4198,14025109,25/26,2025-08-31,7,6072,West Ham United,Nottingham Forest,away,2.4204,1.3847932,-1.0356068376541137
4199,14025103,25/26,2025-08-31,19,17,Liverpool FC,Arsenal,home,0.5201711711711712,1.5943161,1.0741449537449055
4199,14025103,25/26,2025-08-31,17,19,Arsenal,Liverpool FC,away,0.4808288288288288,1.5130026,1.032173805219633
4200,14025091,25/26,2025-08-31,12,18,Aston Villa,Crystal Palace,home,1.1223608349900596,1.6540542,0.531693329896415
4200,14025091,25/26,2025-08-31,18,12,Crystal Palace,Aston Villa,away,2.6074592445328033,1.3299297,-1.277529535098294
4201,14025124,25/26,2025-09-13,17,6072,Arsenal,Nottingham Forest,home,1.8353,1.5347975,-0.30050245075225823
4201,14025124,25/26,2025-09-13,6072,17,Nottingham Forest,Arsenal,away,0.2,1.4034278,1.2034278392791748
4202,14025136,25/26,2025-09-13,10,12,Everton,Aston Villa,home,2.0811,1.6697643,-0.4113357196807863
4202,14025136,25/26,2025-09-13,12,10,Aston Villa,Everton,away,0.528691616766467,1.3293371,0.8006455032896853
4203,14025145,25/26,2025-09-13,21,3033,Newcastle United,Wolverhampton,home,1.5541,1.4359117,-0.11818834457397465
4203,14025145,25/26,2025-09-13,3033,21,Wolverhampton,Newcastle United,away,0.5035,1.2641419,0.7606419172286988
4204,14025121,25/26,2025-09-13,769,2275,Bournemouth,Brighton & Hove Albion,home,1.4273157370517928,1.7043474,0.2770316350032609
4204,14025121,25/26,2025-09-13,2275,769,Brighton & Hove Albion,Bournemouth,away,0.6229,1.4609797,0.838079700088501
4205,14025133,25/26,2025-09-13,18,16,Crystal Palace,Sunderland,home,1.7729457286432162,1.3959966,-0.376949158056058
4205,14025133,25/26,2025-09-13,16,18,Sunderland,Crystal Palace,away,0.3598824120603015,1.2722644,0.9123819493212293
4206,14025139,25/26,2025-09-13,3027,4546,Fulham,Leeds United,home,0.835386454183267,1.7370049,0.9016184219535128
4206,14025139,25/26,2025-09-13,4546,3027,Leeds United,Fulham,away,0.7843540621865597,1.2808931,0.4965390252005253
4207,14025148,25/26,2025-09-13,7,8,West Ham United,Tottenham Hotspur,home,0.621811320754717,1.4507567,0.8289453482897776
4207,14025148,25/26,2025-09-13,8,7,Tottenham Hotspur,West Ham United,away,1.2886,1.2866324,-0.0019675813674926435
4208,14025127,25/26,2025-09-13,5301,24,Brentford,Chelsea,home,1.3980564356435643,1.4631083,0.06505186551915543
4208,14025127,25/26,2025-09-13,24,5301,Chelsea,Brentford,away,1.2524,1.462202,0.20980195293426518
4209,14025130,25/26,2025-09-14,23,19,Burnley,Liverpool FC,home,0.13272745490981963,1.4349065,1.3021790277867136
4209,14025130,25/26,2025-09-14,19,23,Liverpool FC,Burnley,away,2.61176593625498,1.3248066,-1.286959365248205
4210,14025142,25/26,2025-09-14,22,1,Manchester City,Manchester United,home,2.668124623115578,1.8133304,-0.8547942112045672
4210,14025142,25/26,2025-09-14,1,22,Manchester United,Manchester City,away,1.5167,1.5125694,-0.004130572509765562
4211,14025166,25/26,2025-09-20,19,10,Liverpool FC,Everton,home,0.9028,1.5382427,0.6354426977157592
4211,14025166,25/26,2025-09-20,10,19,Everton,Liverpool FC,away,0.6948847695390782,1.457408,0.7625231818159023
4212,14025157,25/26,2025-09-20,2275,8,Brighton & Hove Albion,Tottenham Hotspur,home,1.3118493975903613,1.5481138,0.23626442534665038
4212,14025157,25/26,2025-09-20,8,2275,Tottenham Hotspur,Brighton & Hove Albion,away,1.2248,1.2943217,0.0695216562271117
4213,14025175,25/26,2025-09-20,7,18,West Ham United,Crystal Palace,home,0.6642,1.4507567,0.7865566690444946
4213,14025175,25/26,2025-09-20,18,7,Crystal Palace,West Ham United,away,2.3102,1.4625014,-0.8476985933303833
4214,14025160,25/26,2025-09-20,23,6072,Burnley,Nottingham Forest,home,0.8471656626506024,1.362278,0.5151123219685382
4214,14025160,25/26,2025-09-20,6072,23,Nottingham Forest,Burnley,away,1.0977,1.2874817,0.1897816656112672
4215,14025178,25/26,2025-09-20,3033,4546,Wolverhampton,Leeds United,home,1.7838,1.3703732,-0.413426750946045
4215,14025178,25/26,2025-09-20,4546,3033,Leeds United,Wolverhampton,away,0.475794,1.2489216,0.7731276327667236
4216,14025169,25/26,2025-09-20,1,24,Manchester United,Chelsea,home,1.899187891440501,1.8071026,-0.09208533044349165
4216,14025169,25/26,2025-09-20,24,1,Chelsea,Manchester United,away,0.46513591160220996,1.4624739,0.9973379577215205
4217,14025163,25/26,2025-09-20,3027,5301,Fulham,Brentford,home,0.9942316103379721,1.6927109,0.6984792661268716
4217,14025163,25/26,2025-09-20,5301,3027,Brentford,Fulham,away,0.5979679358717435,1.275649,0.6776810156587131
4218,14025151,25/26,2025-09-21,769,21,Bournemouth,Newcastle United,home,0.4616,1.620145,1.1585449632644653
4218,14025151,25/26,2025-09-21,21,769,Newcastle United,Bournemouth,away,0.138125748502994,1.4915969,1.3534711886765713
4219,14025172,25/26,2025-09-21,16,12,Sunderland,Aston Villa,home,1.0992926045016076,1.3949598,0.29566720289432746
4219,14025172,25/26,2025-09-21,12,16,Aston Villa,Sunderland,away,0.7843,1.3313951,0.547095149230957
4220,14025154,25/26,2025-09-21,17,22,Arsenal,Manchester City,home,0.879615,1.5918758,0.7122607915496826
4220,14025154,25/26,2025-09-21,22,17,Manchester City,Arsenal,away,0.849929702970297,1.542574,0.6926443450720003
4221,14025184,25/26,2025-09-27,5301,1,Brentford,Manchester United,home,2.005196392785571,1.2396393,-0.7655571105590084
4221,14025184,25/26,2025-09-27,1,5301,Manchester United,Brentford,away,2.0636396396396397,1.4968874,-0.5667521941898106
4222,14025199,25/26,2025-09-27,22,23,Manchester City,Burnley,home,2.0118426853707416,1.9409763,-0.07086642327815129
4222,14025199,25/26,2025-09-27,23,22,Burnley,Manchester City,away,0.411,1.033686,0.6226860418319702
4223,14025190,25/26,2025-09-27,18,19,Crystal Palace,Liverpool FC,home,2.9180200400801604,1.5104462,-1.407573849246115
4223,14025190,25/26,2025-09-27,19,18,Liverpool FC,Crystal Palace,away,2.11563,1.173678,-0.9419519594955443
4224,14025187,25/26,2025-09-27,24,2275,Chelsea,Brighton & Hove Albion,home,1.8802728226652676,1.6556017,-0.22467108278184478
4224,14025187,25/26,2025-09-27,2275,24,Brighton & Hove Albion,Chelsea,away,2.2215677799607074,1.1188741,-1.102693706932143
4225,14025196,25/26,2025-09-27,4546,769,Leeds United,Bournemouth,home,1.8224142427281846,1.1809375,-0.6414767141179551
4225,14025196,25/26,2025-09-27,769,4546,Bournemouth,Leeds United,away,0.822,1.200894,0.3788939981460572
4226,14025205,25/26,2025-09-27,6072,16,Nottingham Forest,Sunderland,home,1.6786,1.2768706,-0.40172939167022714
4226,14025205,25/26,2025-09-27,16,6072,Sunderland,Nottingham Forest,away,1.633105577689243,1.2382654,-0.39484018252475317
4227,14025208,25/26,2025-09-27,8,3033,Tottenham Hotspur,Wolverhampton,home,0.8634944834503511,1.3955953,0.5321008286681792
4227,14025208,25/26,2025-09-27,3033,8,Wolverhampton,Tottenham Hotspur,away,1.188,1.1594422,-0.028557813644409125
4228,14025181,25/26,2025-09-28,12,3027,Aston Villa,Fulham,home,1.1033981945837512,1.2982236,0.19482542010893678
4228,14025181,25/26,2025-09-28,3027,12,Fulham,Aston Villa,away,0.9234,1.4570489,0.5336488929748535
4229,14025202,25/26,2025-09-28,21,17,Newcastle United,Arsenal,home,0.6125,1.409904,0.7974040031433105
4229,14025202,25/26,2025-09-28,17,21,Arsenal,Newcastle United,away,2.023461,1.2358547,-0.7876062550888063
4230,14311407,25/26,2025-09-29,10,7,Everton,West Ham United,home,0.7349,1.6857954,0.9508954263687134
4230,14311407,25/26,2025-09-29,7,10,West Ham United,Everton,away,1.1941,1.2311684,0.037068389320373596
4231,14025211,25/26,2025-10-03,769,3027,Bournemouth,Fulham,home,1.112113226452906,1.2966838,0.18457056184665466
4231,14025211,25/26,2025-10-03,3027,769,Fulham,Bournemouth,away,0.8683658051689861,1.1645856,0.29621978519356273
4232,14025225,25/26,2025-10-04,4546,8,Leeds United,Tottenham Hotspur,home,1.7328967935871742,1.3147246,-0.41817222903486706
4232,14025225,25/26,2025-10-04,8,4546,Tottenham Hotspur,Leeds United,away,0.5238626865671642,1.3189052,0.7950425477696889
4233,14025227,25/26,2025-10-04,1,16,Manchester United,Sunderland,home,1.8693413173652695,1.6045709,-0.264770451734166
4233,14025227,25/26,2025-10-04,16,1,Sunderland,Manchester United,away,0.7096,1.1595613,0.44996127643585204
4234,14025214,25/26,2025-10-04,17,7,Arsenal,West Ham United,home,2.9015,1.7259828,-1.1755172147750854
4234,14025214,25/26,2025-10-04,7,17,West Ham United,Arsenal,away,0.4918,1.0423994,0.5505994064331055
4235,14025221,25/26,2025-10-04,24,19,Chelsea,Liverpool FC,home,1.004,1.5883489,0.5843488655090332
4235,14025221,25/26,2025-10-04,19,24,Liverpool FC,Chelsea,away,1.9277747747747749,1.3712652,-0.5565096018164009
4236,14025229,25/26,2025-10-05,21,6072,Newcastle United,Nottingham Forest,home,3.4523,1.6247184,-1.827581572341919
4236,14025229,25/26,2025-10-05,6072,21,Nottingham Forest,Newcastle United,away,0.2988,1.20212,0.9033199464797974
4237,14025217,25/26,2025-10-05,12,23,Aston Villa,Burnley,home,1.1202986381322957,1.750392,0.6300933220117473
4237,14025217,25/26,2025-10-05,23,12,Burnley,Aston Villa,away,0.4017,1.2374336,0.8357335527420044
4238,14025231,25/26,2025-10-05,3033,2275,Wolverhampton,Brighton & Hove Albion,home,0.5558,1.3330201,0.7772200910568238
4238,14025231,25/26,2025-10-05,2275,3033,Brighton & Hove Albion,Wolverhampton,away,0.9208,1.2439889,0.3231888715744019
4239,14025223,25/26,2025-10-05,10,18,Everton,Crystal Palace,home,2.1581,1.5336459,-0.6244541316986085
4239,14025223,25/26,2025-10-05,18,10,Crystal Palace,Everton,away,1.5382027559055118,1.3119171,-0.22628568933141513
4240,14025219,25/26,2025-10-05,5301,22,Brentford,Manchester City,home,0.6953,1.2532032,0.5579031536102295
4240,14025219,25/26,2025-10-05,22,5301,Manchester City,Brentford,away,0.8482,1.5324166,0.684216582107544
4241,14025245,25/26,2025-10-18,6072,24,Nottingham Forest,Chelsea,home,2.3587,1.3564917,-1.0022083150863645
4241,14025245,25/26,2025-10-18,24,6072,Chelsea,Nottingham Forest,away,1.6794893617021276,1.586154,-0.09333537763230337
4242,14025243,25/26,2025-10-18,22,10,Manchester City,Everton,home,2.3284526627218933,1.7243464,-0.6041062634146424
4242,14025243,25/26,2025-10-18,10,22,Everton,Manchester City,away,0.797117296222664,1.2748873,0.4777700271568526
4243,14025233,25/26,2025-10-18,2275,21,Brighton & Hove Albion,Newcastle United,home,0.9016494023904382,1.241517,0.33986754535583863
4243,14025233,25/26,2025-10-18,21,2275,Newcastle United,Brighton & Hove Albion,away,1.438178356713427,1.2434835,-0.19469481331743088
4244,14025237,25/26,2025-10-18,18,769,Crystal Palace,Bournemouth,home,4.4731,1.5789611,-2.8941388660430905
4244,14025237,25/26,2025-10-18,769,18,Bournemouth,Crystal Palace,away,2.0126036036036035,1.2025309,-0.8100727427027246
4245,14025247,25/26,2025-10-18,16,3033,Sunderland,Wolverhampton,home,0.6472,1.2652332,0.6180331590652466
4245,14025247,25/26,2025-10-18,3033,16,Wolverhampton,Sunderland,away,0.8269,1.2481065,0.4212064796447754
4246,14025235,25/26,2025-10-18,23,4546,Burnley,Leeds United,home,0.4445159045725646,1.2015953,0.7570794018239198
4246,14025235,25/26,2025-10-18,4546,23,Leeds United,Burnley,away,2.6255,1.5039179,-1.1215820674896242
4247,14025239,25/26,2025-10-18,3027,17,Fulham,Arsenal,home,0.4404,1.2377884,0.7973884387969971
4247,14025239,25/26,2025-10-18,17,3027,Arsenal,Fulham,away,1.9088,1.4542309,-0.45456909542083745
4248,14025249,25/26,2025-10-19,8,12,Tottenham Hotspur,Aston Villa,home,0.7392524850894632,1.3518693,0.6126168596218405
4248,14025249,25/26,2025-10-19,12,8,Aston Villa,Tottenham Hotspur,away,0.3155,1.4435512,1.128051182746887
4249,14025241,25/26,2025-10-19,19,1,Liverpool FC,Manchester United,home,2.727009009009009,1.4870961,-1.2399129377657228
4249,14025241,25/26,2025-10-19,1,19,Manchester United,Liverpool FC,away,1.3149910714285713,1.3240416,0.009050533567156238
4250,14504827,25/26,2025-10-20,7,5301,West Ham United,Brentford,home,0.3507715736040609,1.3951405,1.0443689550748332
4250,14504827,25/26,2025-10-20,5301,7,Brentford,West Ham United,away,2.3612743718592966,1.2809894,-1.0802849633662546
4251,14025265,25/26,2025-10-24,4546,7,Leeds United,West Ham United,home,1.511136,1.7693763,0.25824027792358395
4251,14025265,25/26,2025-10-24,7,4546,West Ham United,Leeds United,away,0.6499,1.0589433,0.40904327163696286
4252,14025261,25/26,2025-10-25,24,16,Chelsea,Sunderland,home,0.8807654075546719,1.8080884,0.9273230142669223
4252,14025261,25/26,2025-10-25,16,24,Sunderland,Chelsea,away,1.3076,1.2491046,-0.058495380973816014
4253,14025269,25/26,2025-10-25,21,3027,Newcastle United,Fulham,home,2.1592702702702704,1.4178499,-0.7414203719319525
4253,14025269,25/26,2025-10-25,3027,21,Fulham,Newcastle United,away,1.514205,1.1109157,-0.4032893391418457
4254,14025267,25/26,2025-10-25,1,2275,Manchester United,Brighton & Hove Albion,home,1.292,1.6596286,0.3676286296844482
4254,14025267,25/26,2025-10-25,2275,1,Brighton & Hove Albion,Manchester United,away,1.1105260521042084,1.3478657,0.23733964861753232
4255,14025259,25/26,2025-10-25,5301,19,Brentford,Liverpool FC,home,2.7527,1.2938906,-1.4588094045639037
4255,14025259,25/26,2025-10-25,19,5301,Liverpool FC,Brentford,away,2.270380239520958,1.3897195,-0.8806607532843858
4256,14025257,25/26,2025-10-26,12,22,Aston Villa,Manchester City,home,0.8021563745019921,1.2010963,0.39893992180843274
4256,14025257,25/26,2025-10-26,22,12,Manchester City,Aston Villa,away,1.1753891675025074,1.5372066,0.361817482277766
4257,14025255,25/26,2025-10-26,17,18,Arsenal,Crystal Palace,home,0.947245490981964,1.8273853,0.8801398153763734
4257,14025255,25/26,2025-10-26,18,17,Crystal Palace,Arsenal,away,0.4548,1.189618,0.7348179914474487
4258,14025253,25/26,2025-10-26,769,6072,Bournemouth,Nottingham Forest,home,0.5779,1.6626979,1.0847979112625121
4258,14025253,25/26,2025-10-26,6072,769,Nottingham Forest,Bournemouth,away,0.36980583501006037,1.2183031,0.8484972493634138
4259,14025271,25/26,2025-10-26,3033,23,Wolverhampton,Burnley,home,2.2471914257228316,1.7377137,-0.5094777311503829
4259,14025271,25/26,2025-10-26,23,3033,Burnley,Wolverhampton,away,1.4332,1.106798,-0.32640194721221927
4260,14025263,25/26,2025-10-26,10,8,Everton,Tottenham Hotspur,home,1.7282259036144578,1.5455287,-0.18269725333064435
4260,14025263,25/26,2025-10-26,8,10,Tottenham Hotspur,Everton,away,1.7228,1.2272664,-0.49553356914520275
4261,14025285,25/26,2025-11-01,6072,1,Nottingham Forest,Manchester United,home,1.9281,1.2429368,-0.6851631504058837
4261,14025285,25/26,2025-11-01,1,6072,Manchester United,Nottingham Forest,away,1.1169,1.5397176,0.42281755504608154
4262,14025275,25/26,2025-11-01,23,17,Burnley,Arsenal,home,0.4209,1.0959579,0.67505787525177
4262,14025275,25/26,2025-11-01,17,23,Arsenal,Burnley,away,2.4223,1.7690194,-0.653280634689331
4263,14025273,25/26,2025-11-01,2275,4546,Brighton & Hove Albion,Leeds United,home,3.0684,1.1363045,-1.932095502281189
4263,14025273,25/26,2025-11-01,4546,2275,Leeds United,Brighton & Hove Albion,away,0.4971,1.2686977,0.771597738647461
4264,14025277,25/26,2025-11-01,18,5301,Crystal Palace,Brentford,home,0.6996,1.5400822,0.8404822162628174
4264,14025277,25/26,2025-11-01,5301,18,Brentford,Crystal Palace,away,0.5343015075376885,1.2898499,0.7555483698197945
4265,14025279,25/26,2025-11-01,3027,3033,Fulham,Wolverhampton,home,1.422,1.2314861,-0.19051391792297356
4265,14025279,25/26,2025-11-01,3033,3027,Wolverhampton,Fulham,away,0.2539519230769231,1.2292746,0.9753227074696467
4266,14025289,25/26,2025-11-01,8,24,Tottenham Hotspur,Chelsea,home,0.1015,1.4801145,1.3786144599914552
4266,14025289,25/26,2025-11-01,24,8,Chelsea,Tottenham Hotspur,away,3.6332211155378484,1.3047428,-2.328478302427497
4267,14025281,25/26,2025-11-01,19,12,Liverpool FC,Aston Villa,home,1.1857,1.5279799,0.342279850769043
4267,14025281,25/26,2025-11-01,12,19,Aston Villa,Liverpool FC,away,0.4075,1.2597333,0.8522333192825318
4268,14025291,25/26,2025-11-02,7,21,West Ham United,Newcastle United,home,1.903869,1.2348357,-0.6690332560958863
4268,14025291,25/26,2025-11-02,21,7,Newcastle United,West Ham United,away,0.5201,1.5795938,1.0594937776565552
4269,14025283,25/26,2025-11-02,22,769,Manchester City,Bournemouth,home,2.2166,1.8723767,-0.3442233196258546
4269,14025283,25/26,2025-11-02,769,22,Bournemouth,Manchester City,away,0.7241,1.0721607,0.34806072082519535
4270,14723615,25/26,2025-11-03,16,10,Sunderland,Everton,home,1.2171234939759037,1.3595196,0.1423961068923214
4270,14723615,25/26,2025-11-03,10,16,Everton,Sunderland,away,0.8776616766467066,1.3866917,0.5090300128445654
4271,14025057,25/26,2025-11-08,8,1,Tottenham Hotspur,Manchester United,home,0.9161963927855712,1.3332363,0.41703994392249766
4271,14025057,25/26,2025-11-08,1,8,Manchester United,Tottenham Hotspur,away,0.6277682186234818,1.5851278,0.9573596118818893
4272,14025060,25/26,2025-11-08,7,23,West Ham United,Burnley,home,3.008598214285714,1.5018492,-1.5067490397862024
4272,14025060,25/26,2025-11-08,23,7,Burnley,West Ham United,away,1.0628,1.1455234,0.08272342891693119
4273,14025043,25/26,2025-11-08,10,3027,Everton,Fulham,home,1.4290952858575727,1.5971726,0.16807733205471975
4273,14025043,25/26,2025-11-08,3027,10,Fulham,Everton,away,0.3965957873620863,1.2052425,0.8086467272482043
4274,14025054,25/26,2025-11-08,16,17,Sunderland,Arsenal,home,0.4318738738738739,1.0805373,0.6486634453094757
4274,14025054,25/26,2025-11-08,17,16,Arsenal,Sunderland,away,1.9828738738738738,1.7018567,-0.2810171415054046
4275,14025023,25/26,2025-11-08,24,3033,Chelsea,Wolverhampton,home,3.298878,1.6781939,-1.620684073188782
4275,14025023,25/26,2025-11-08,3033,24,Wolverhampton,Chelsea,away,0.1675,1.0982145,0.9307145071029663
4276,14025017,25/26,2025-11-09,5301,21,Brentford,Newcastle United,home,2.278741935483871,1.3973409,-0.8814010417384486
4276,14025017,25/26,2025-11-09,21,5301,Newcastle United,Brentford,away,0.4470770811921891,1.2112994,0.764222338210887
4277,14025014,25/26,2025-11-09,12,769,Aston Villa,Bournemouth,home,1.6917645875251508,1.4738299,-0.21793472206952336
4277,14025014,25/26,2025-11-09,769,12,Bournemouth,Aston Villa,away,1.6099,1.2024133,-0.4074866794586183
4278,14025033,25/26,2025-11-09,18,2275,Crystal Palace,Brighton & Hove Albion,home,0.7408648648648649,1.5456703,0.8048054060549349
4278,14025033,25/26,2025-11-09,2275,18,Brighton & Hove Albion,Crystal Palace,away,0.3841160714285714,1.3972186,1.0131025135857719
4279,14025051,25/26,2025-11-09,6072,4546,Nottingham Forest,Leeds United,home,2.532989969909729,1.2185708,-1.314419141471924
4279,14025051,25/26,2025-11-09,4546,6072,Leeds United,Nottingham Forest,away,0.6873,1.361516,0.674215998840332
4280,14025048,25/26,2025-11-09,22,19,Manchester City,Liverpool FC,home,1.5104,1.9923716,0.48197155914306644
4280,14025048,25/26,2025-11-09,19,22,Liverpool FC,Manchester City,away,0.6070941883767536,1.2080528,0.6009585660254071
4281,14025072,25/26,2025-11-22,23,24,Burnley,Chelsea,home,0.4384002006018054,1.0838746,0.6454743826425183
4281,14025072,25/26,2025-11-22,24,23,Chelsea,Burnley,away,1.7172,1.8537666,0.13656656055450433
4282,14025081,25/26,2025-11-22,19,6072,Liverpool FC,Nottingham Forest,home,1.9295,1.7133406,-0.2161593599319458
4282,14025081,25/26,2025-11-22,6072,19,Nottingham Forest,Liverpool FC,away,1.59489,1.2163184,-0.37857163108825675
4283,14025063,25/26,2025-11-22,769,7,Bournemouth,West Ham United,home,4.068830491474423,1.4423478,-2.626482726505551
4283,14025063,25/26,2025-11-22,7,769,West Ham United,Bournemouth,away,0.6495,1.3229021,0.6734020833969117
4284,14025069,25/26,2025-11-22,2275,5301,Brighton & Hove Albion,Brentford,home,1.1966600397614313,1.2269324,0.03027236666404476
4284,14025069,25/26,2025-11-22,5301,2275,Brentford,Brighton & Hove Albion,away,1.9077,1.2332953,-0.6744046785354614
4285,14025090,25/26,2025-11-22,3033,18,Wolverhampton,Crystal Palace,home,1.8467078313253011,1.1233972,-0.7233106002233114
4285,14025090,25/26,2025-11-22,18,3033,Crystal Palace,Wolverhampton,away,1.2670210843373495,1.8026386,0.5356175656031412
4286,14025075,25/26,2025-11-22,3027,16,Fulham,Sunderland,home,2.1425506519558675,1.3480676,-0.7944830106976277
4286,14025075,25/26,2025-11-22,16,3027,Sunderland,Fulham,away,0.174,1.0979396,0.9239396104812623
4287,14025087,25/26,2025-11-22,21,22,Newcastle United,Manchester City,home,2.4693035714285716,1.1805465,-1.2887570492880687
4287,14025087,25/26,2025-11-22,22,21,Manchester City,Newcastle United,away,2.4685585585585588,1.6305968,-0.8379618016234391
4288,14025078,25/26,2025-11-23,4546,12,Leeds United,Aston Villa,home,1.9578,1.2193086,-0.738491385269165
4288,14025078,25/26,2025-11-23,12,4546,Aston Villa,Leeds United,away,1.5661263791374123,1.0741522,-0.4919741479209816
4289,14025066,25/26,2025-11-23,17,8,Arsenal,Tottenham Hotspur,home,1.9286,2.0280137,0.0994137062072753
4289,14025066,25/26,2025-11-23,8,17,Tottenham Hotspur,Arsenal,away,0.0738,0.9399279,0.866127875995636
4290,14723574,25/26,2025-11-24,1,10,Manchester United,Everton,home,1.7079,1.6791036,-0.0287963871002197
4290,14723574,25/26,2025-11-24,10,1,Everton,Manchester United,away,0.22916666666666666,1.4846387,1.2554720242818196
4291,14025108,25/26,2025-11-29,22,4546,Manchester City,Leeds United,home,3.064054945054945,1.9005916,-1.1634633331927624
4291,14025108,25/26,2025-11-29,4546,22,Leeds United,Manchester City,away,1.5242825651302605,1.0678105,-0.4564720296993523
4292,14025114,25/26,2025-11-29,16,769,Sunderland,Bournemouth,home,1.2619041916167666,1.3495803,0.08767609631658302
4292,14025114,25/26,2025-11-29,769,16,Bournemouth,Sunderland,away,1.8531686746987952,1.3871258,-0.4660428249749793
4293,14025096,25/26,2025-11-29,5301,23,Brentford,Burnley,home,3.008107142857143,1.7077864,-1.3003207020078387
4293,14025096,25/26,2025-11-29,23,5301,Burnley,Brentford,away,0.9465,0.93295634,-0.013543662071228035
4294,14025105,25/26,2025-11-29,10,21,Everton,Newcastle United,home,0.9838373493975904,1.7957551,0.8119177985363696
4294,14025105,25/26,2025-11-29,21,10,Newcastle United,Everton,away,1.9053,1.3115442,-0.5937558200836182
4295,14025117,25/26,2025-11-29,8,3027,Tottenham Hotspur,Fulham,home,0.8601557788944724,1.1873219,0.32716612242693877
4295,14025117,25/26,2025-11-29,3027,8,Fulham,Tottenham Hotspur,away,0.4469427135678392,1.1712049,0.7242622110155958
4296,14025102,25/26,2025-11-30,18,1,Crystal Palace,Manchester United,home,1.8071946107784431,1.8536223,0.04642770653570483
4296,14025102,25/26,2025-11-30,1,18,Manchester United,Crystal Palace,away,1.357,1.2625167,-0.09448326301574705
4297,14025120,25/26,2025-11-30,7,19,West Ham United,Liverpool FC,home,0.2947,1.3632041,1.0685041215896607
4297,14025120,25/26,2025-11-30,19,7,Liverpool FC,West Ham United,away,1.2332259036144577,1.6099265,0.3767005585590042
4298,14025093,25/26,2025-11-30,12,3033,Aston Villa,Wolverhampton,home,0.9185435643564357,1.3295172,0.4109736809362279
4298,14025093,25/26,2025-11-30,3033,12,Wolverhampton,Aston Villa,away,0.48608108108108106,1.1684455,0.6823643868678325
4299,14025111,25/26,2025-11-30,6072,2275,Nottingham Forest,Brighton & Hove Albion,home,0.8817745490981964,1.3781804,0.4964058355377289
4299,14025111,25/26,2025-11-30,2275,6072,Brighton & Hove Albion,Nottingham Forest,away,1.9516863905325443,1.2698168,-0.6818696342840702
4300,14025099,25/26,2025-11-30,24,17,Chelsea,Arsenal,home,0.838861407249467,1.6641026,0.8252411470718221
4300,14025099,25/26,2025-11-30,17,24,Arsenal,Chelsea,away,1.2601,1.357357,0.09725702514648438
4301,14025135,25/26,2025-12-02,3027,22,Fulham,Manchester City,home,0.911,1.178769,0.2677689924240112
4301,14025135,25/26,2025-12-02,22,3027,Manchester City,Fulham,away,2.2246,1.5530843,-0.6715157457351686
4302,14025123,25/26,2025-12-02,769,10,Bournemouth,Everton,home,0.5035,1.6852455,1.1817455139160158
4302,14025123,25/26,2025-12-02,10,769,Everton,Bournemouth,away,1.4395,1.2328523,-0.20664766025543213
4303,14025141,25/26,2025-12-02,21,8,Newcastle United,Tottenham Hotspur,home,2.0426,1.4998833,-0.5427167058944704
4303,14025141,25/26,2025-12-02,8,21,Tottenham Hotspur,Newcastle United,away,0.7358346534653465,1.1701792,0.43434459439079365
4304,14025126,25/26,2025-12-03,17,5301,Arsenal,Brentford,home,1.8101013039117353,1.7699953,-0.0401059721475141
4304,14025126,25/26,2025-12-03,5301,17,Brentford,Arsenal,away,0.3483,1.2273124,0.8790124456405639
4305,14025129,25/26,2025-12-03,2275,12,Brighton & Hove Albion,Aston Villa,home,2.2056,1.388989,-0.8166110282897949
4305,14025129,25/26,2025-12-03,12,2275,Aston Villa,Brighton & Hove Albion,away,2.4825926294820717,1.0765862,-1.4060063829915932
4306,14025144,25/26,2025-12-03,3033,6072,Wolverhampton,Nottingham Forest,home,0.9107203219315896,1.286826,0.3761056925871482
4306,14025144,25/26,2025-12-03,6072,3033,Nottingham Forest,Wolverhampton,away,0.7437,1.4294372,0.6857371604919433
4307,14025132,25/26,2025-12-03,23,18,Burnley,Crystal Palace,home,0.9538,1.1357039,0.18190392131805422
4307,14025132,25/26,2025-12-03,18,23,Crystal Palace,Burnley,away,0.5868505516549649,1.7111105,1.1242599210241733
4308,14025147,25/26,2025-12-03,19,16,Liverpool FC,Sunderland,home,1.6109107142857142,1.8192314,0.20832067666734977
4308,14025147,25/26,2025-12-03,16,19,Sunderland,Liverpool FC,away,0.4178455366098295,1.0626922,0.6448466287649264
4309,14025138,25/26,2025-12-03,4546,24,Leeds United,Chelsea,home,2.747151394422311,1.1470459,-1.6001055436685268
4309,14025138,25/26,2025-12-03,24,4546,Chelsea,Leeds United,away,0.9617,1.5606049,0.5989049299240112
4310,14025150,25/26,2025-12-04,1,7,Manchester United,West Ham United,home,1.84114156626506,1.828682,-0.012459620464278842
4310,14025150,25/26,2025-12-04,7,1,West Ham United,Manchester United,away,0.8055535714285714,1.0266145,0.22106097534724645
4311,14025156,25/26,2025-12-06,12,17,Aston Villa,Arsenal,home,2.2509161676646707,1.1260282,-1.1248879875422952
4311,14025156,25/26,2025-12-06,17,12,Arsenal,Aston Villa,away,1.9003652694610778,1.6838254,-0.2165398958114806
4312,14025171,25/26,2025-12-06,22,16,Manchester City,Sunderland,home,2.4276,2.1504838,-0.27711615333557127
4312,14025171,25/26,2025-12-06,16,22,Sunderland,Manchester City,away,0.7050391959798995,0.9475413,0.24250210050218668
4313,14025153,25/26,2025-12-06,769,24,Bournemouth,Chelsea,home,1.4102530120481929,1.270699,-0.1395539878477534
4313,14025153,25/26,2025-12-06,24,769,Chelsea,Bournemouth,away,0.9232,1.4794109,0.5562108867645263
4314,14025177,25/26,2025-12-06,8,5301,Tottenham Hotspur,Brentford,home,2.1838,1.1478258,-1.0359741628646852
4314,14025177,25/26,2025-12-06,5301,8,Brentford,Tottenham Hotspur,away,0.2846993987975952,1.3833896,1.0986901933731201
4315,14025174,25/26,2025-12-06,21,23,Newcastle United,Burnley,home,1.7672,1.7491498,-0.018050200653076276
4315,14025174,25/26,2025-12-06,23,21,Burnley,Newcastle United,away,1.6590500521376434,1.0825995,-0.5764505314543549
4316,14025162,25/26,2025-12-06,10,6072,Everton,Nottingham Forest,home,1.1115090543259556,1.6410148,0.5295057600508755
4316,14025162,25/26,2025-12-06,6072,10,Nottingham Forest,Everton,away,0.5339,1.2696958,0.73579575881958
4317,14025168,25/26,2025-12-06,4546,19,Leeds United,Liverpool FC,home,1.479107142857143,1.2643156,-0.21479153769356873
4317,14025168,25/26,2025-12-06,19,4546,Liverpool FC,Leeds United,away,1.8708260869565216,1.6685181,-0.20230802055027164
4318,14025159,25/26,2025-12-07,2275,7,Brighton & Hove Albion,West Ham United,home,1.8542164328657316,1.5565903,-0.297626114185922
4318,14025159,25/26,2025-12-07,7,2275,West Ham United,Brighton & Hove Albion,away,1.1530821643286573,0.9648124,-0.18826976637180914
4319,14025165,25/26,2025-12-07,3027,18,Fulham,Crystal Palace,home,0.7459511952191235,1.2479513,0.5020000739306568
4319,14025165,25/26,2025-12-07,18,3027,Crystal Palace,Fulham,away,1.6521,1.3220749,-0.33002510986328115
4320,14912436,25/26,2025-12-08,3033,1,Wolverhampton,Manchester United,home,0.40194594594594596,1.2364297,0.8344837453687513
4320,14912436,25/26,2025-12-08,1,3033,Manchester United,Wolverhampton,away,4.217164519326065,1.6142849,-2.602879646317337
4321,14025198,25/26,2025-12-13,19,2275,Liverpool FC,Brighton & Hove Albion,home,1.867239,1.6297239,-0.23751509348297128
4321,14025198,25/26,2025-12-13,2275,19,Brighton & Hove Albion,Liverpool FC,away,1.881198,1.1852459,-0.6959521284561156
4322,14025192,25/26,2025-12-13,24,10,Chelsea,Everton,home,2.1979,1.657325,-0.5405749706268312
4322,14025192,25/26,2025-12-13,10,24,Everton,Chelsea,away,1.020888,1.2698576,0.24896964503479002
4323,14025189,25/26,2025-12-13,23,3027,Burnley,Fulham,home,2.4674533600802406,1.1760789,-1.2913744444842323
4323,14025189,25/26,2025-12-13,3027,23,Fulham,Burnley,away,2.194565737051793,1.2173314,-0.9772343275974471
4324,14025183,25/26,2025-12-13,17,3033,Arsenal,Wolverhampton,home,1.3899,2.2155118,0.8256117988586427
4324,14025183,25/26,2025-12-13,3033,17,Wolverhampton,Arsenal,away,0.30889189189189187,0.9556181,0.6467261915851283
4325,14025195,25/26,2025-12-14,18,22,Crystal Palace,Manchester City,home,1.8827,1.4858046,-0.39689544219970707
4325,14025195,25/26,2025-12-14,22,18,Manchester City,Crystal Palace,away,1.1800561685055164,1.6065668,0.4265106182605358
4326,14025204,25/26,2025-12-14,6072,8,Nottingham Forest,Tottenham Hotspur,home,2.320039156626506,1.3070755,-1.0129636561382247
4326,14025204,25/26,2025-12-14,8,6072,Tottenham Hotspur,Nottingham Forest,away,0.3339,1.1080428,0.77414283618927
4327,14025210,25/26,2025-12-14,7,12,West Ham United,Aston Villa,home,1.0191234939759035,1.2664281,0.2473046190078001
4327,14025210,25/26,2025-12-14,12,7,Aston Villa,West Ham United,away,0.6335,1.4135898,0.7800898351669312
4328,14025207,25/26,2025-12-14,16,21,Sunderland,Newcastle United,home,0.29342885771543087,1.2543154,0.9608865185663074
4328,14025207,25/26,2025-12-14,21,16,Newcastle United,Sunderland,away,0.2422,1.7561439,1.5139439275741577
4329,14025186,25/26,2025-12-14,5301,4546,Brentford,Leeds United,home,0.72,1.5778521,0.8578521299362183
4329,14025186,25/26,2025-12-14,4546,5301,Leeds United,Brentford,away,1.5178,1.136607,-0.3811929491043091
4330,15035359,25/26,2025-12-15,1,769,Manchester United,Bournemouth,home,3.350617529880478,1.668525,-1.682092549335434
4330,15035359,25/26,2025-12-15,769,1,Bournemouth,Manchester United,away,1.9024107142857143,1.1293468,-0.7730638667515346
4331,14025228,25/26,2025-12-20,21,24,Newcastle United,Chelsea,home,2.4723189568706117,1.4674343,-1.0048846697993836
4331,14025228,25/26,2025-12-20,24,21,Chelsea,Newcastle United,away,1.2191,1.2664777,0.047377704048156666
4332,14025226,25/26,2025-12-20,22,7,Manchester City,West Ham United,home,2.0996,2.2533104,0.15371044197082506
4332,14025226,25/26,2025-12-20,7,22,West Ham United,Manchester City,away,0.9965,0.9726117,-0.02388827466964727
4333,14025218,25/26,2025-12-20,2275,16,Brighton & Hove Albion,Sunderland,home,1.123361167002012,1.6374642,0.514102998685549
4333,14025218,25/26,2025-12-20,16,2275,Sunderland,Brighton & Hove Albion,away,1.3935,1.1823934,-0.21110656833648678
4334,14025232,25/26,2025-12-20,3033,5301,Wolverhampton,Brentford,home,1.2684,1.3342463,0.0658462778091431
4334,14025232,25/26,2025-12-20,5301,3033,Brentford,Wolverhampton,away,1.2797,1.4001518,0.12045184879302973
4335,14025213,25/26,2025-12-20,769,23,Bournemouth,Burnley,home,1.4082,1.5904515,0.18225147895813
4335,14025213,25/26,2025-12-20,23,769,Burnley,Bournemouth,away,0.3845,1.0861628,0.7016628055572509
4336,14025230,25/26,2025-12-20,8,19,Tottenham Hotspur,Liverpool FC,home,1.1326109324758842,1.1495211,0.01691017996613242
4336,14025230,25/26,2025-12-20,19,8,Liverpool FC,Tottenham Hotspur,away,0.655479,1.622077,0.9665979882202148
4337,14025220,25/26,2025-12-20,10,17,Everton,Arsenal,home,0.2038,1.3924705,1.1886704790115357
4337,14025220,25/26,2025-12-20,17,10,Arsenal,Everton,away,2.1192156469408223,1.72222,-0.3969957029405782
4338,14025224,25/26,2025-12-20,4546,18,Leeds United,Crystal Palace,home,2.6678254437869824,1.2639009,-1.4039245677417553
4338,14025224,25/26,2025-12-20,18,4546,Crystal Palace,Leeds United,away,1.5462574850299402,1.4566244,-0.08963309633517702
4339,14025216,25/26,2025-12-21,12,1,Aston Villa,Manchester United,home,1.545885,1.2565308,-0.28935423828124995
4339,14025216,25/26,2025-12-21,1,12,Manchester United,Aston Villa,away,1.3274954773869347,1.6877626,0.36026714067794563
4340,14907281,25/26,2025-12-22,3027,6072,Fulham,Nottingham Forest,home,1.4654154302670623,1.2293668,-0.23604865093966976
4340,14907281,25/26,2025-12-22,6072,3027,Nottingham Forest,Fulham,away,0.6676,1.2518836,0.5842836259841919
4341,14025246,25/26,2025-12-26,1,21,Manchester United,Newcastle United,home,1.2503916500994037,1.738514,0.48812229643379945
4341,14025246,25/26,2025-12-26,21,1,Newcastle United,Manchester United,away,1.1779,1.2726218,0.09472175083160406
4342,14025248,25/26,2025-12-27,6072,22,Nottingham Forest,Manchester City,home,0.5507620481927711,1.232147,0.6813849301855248
4342,14025248,25/26,2025-12-27,22,6072,Manchester City,Nottingham Forest,away,1.4524,1.498138,0.045737950897216884
4343,14025244,25/26,2025-12-27,19,3033,Liverpool FC,Wolverhampton,home,1.5327622868605817,1.9705648,0.4378025553635394
4343,14025244,25/26,2025-12-27,3033,19,Wolverhampton,Liverpool FC,away,1.1863,1.042389,-0.14391096477508536
4344,14025234,25/26,2025-12-27,17,2275,Arsenal,Brighton & Hove Albion,home,3.2656,2.0076272,-1.257972751235962
4344,14025234,25/26,2025-12-27,2275,17,Brighton & Hove Albion,Arsenal,away,0.8439700598802395,1.049745,0.20577490376569552
4345,14025252,25/26,2025-12-27,7,3027,West Ham United,Fulham,home,0.9021437185929648,1.3148836,0.41273987115160304
4345,14025252,25/26,2025-12-27,3027,7,Fulham,West Ham United,away,1.6245,1.3707584,-0.2537415857315064
4346,14025236,25/26,2025-12-27,5301,769,Brentford,Bournemouth,home,3.6085697211155376,1.4364139,-2.172155836952635
4346,14025236,25/26,2025-12-27,769,5301,Bournemouth,Brentford,away,2.6968314944834506,1.4244319,-1.272399574431876
4347,14025238,25/26,2025-12-27,23,10,Burnley,Everton,home,1.3909302788844622,1.2262113,-0.1647189694514788
4347,14025238,25/26,2025-12-27,10,23,Everton,Burnley,away,0.842542627883651,1.2842097,0.4416671003573158
4348,14025240,25/26,2025-12-27,24,12,Chelsea,Aston Villa,home,2.1437,1.6134431,-0.53025686378479
4348,14025240,25/26,2025-12-27,12,24,Aston Villa,Chelsea,away,1.1798982035928145,1.3146467,0.13474851729341597
4349,14025250,25/26,2025-12-28,16,4546,Sunderland,Leeds United,home,0.6985774647887324,1.2830932,0.5845157492463018
4349,14025250,25/26,2025-12-28,4546,16,Leeds United,Sunderland,away,2.1582796780684106,1.4799048,-0.6783749072172753
4350,14025242,25/26,2025-12-28,18,8,Crystal Palace,Tottenham Hotspur,home,1.458811623246493,1.5807986,0.12198700269955198
4350,14025242,25/26,2025-12-28,8,18,Tottenham Hotspur,Crystal Palace,away,0.8665944333996024,1.1046276,0.23803317585332728
4351,14025260,25/26,2025-12-30,24,769,Chelsea,Bournemouth,home,2.2949095477386936,1.9382551,-0.35665447609867895
4351,14025260,25/26,2025-12-30,769,24,Bournemouth,Chelsea,away,3.1381,1.4539206,-1.6841793972015382
4352,14025258,25/26,2025-12-30,23,21,Burnley,Newcastle United,home,1.0722370517928288,1.1707064,0.09846933954170489
4352,14025258,25/26,2025-12-30,21,23,Newcastle United,Burnley,away,2.6867,1.3293225,-1.3573775426864625
4353,14025272,25/26,2025-12-30,7,2275,West Ham United,Brighton & Hove Albion,home,2.0352305389221557,1.4384626,-0.5967679239090331
4353,14025272,25/26,2025-12-30,2275,7,Brighton & Hove Albion,West Ham United,away,2.923680722891566,1.3497758,-1.5739049317233533
4354,14025268,25/26,2025-12-30,6072,10,Nottingham Forest,Everton,home,1.5535,1.3325927,-0.22090727424621592
4354,14025268,25/26,2025-12-30,10,6072,Everton,Nottingham Forest,away,1.2499246987951806,1.1084731,-0.14145163627992186
4355,14025254,25/26,2025-12-30,17,12,Arsenal,Aston Villa,home,2.98925,2.1394978,-0.8497522430419924
4355,14025254,25/26,2025-12-30,12,17,Aston Villa,Arsenal,away,3.3006,1.0317571,-2.268842883682251
4356,14025266,25/26,2025-12-30,1,3033,Manchester United,Wolverhampton,home,0.8375,2.19342,1.3559199333190919
4356,14025266,25/26,2025-12-30,3033,1,Wolverhampton,Manchester United,away,1.2858084252758275,1.0427624,-0.2430460265560399
4357,14025264,25/26,2026-01-01,19,4546,Liverpool FC,Leeds United,home,2.095582748244734,1.7171372,-0.3784455307230665
4357,14025264,25/26,2026-01-01,4546,19,Leeds United,Liverpool FC,away,0.6897231695085255,1.2727538,0.5830306652159007
4358,14025262,25/26,2026-01-01,18,3027,Crystal Palace,Fulham,home,1.9325,1.7396854,-0.19281458377838145
4358,14025262,25/26,2026-01-01,3027,18,Fulham,Crystal Palace,away,1.7368386454183267,1.2098233,-0.5270153946477578
4359,14025270,25/26,2026-01-01,16,22,Sunderland,Manchester City,home,0.883,1.1326033,0.24960328769683837
4359,14025270,25/26,2026-01-01,22,16,Manchester City,Sunderland,away,2.2406468812877263,1.8843633,-0.35628358763996015
4360,14025256,25/26,2026-01-01,5301,8,Brentford,Tottenham Hotspur,home,0.9237,1.5165381,0.592838143157959
4360,14025256,25/26,2026-01-01,8,5301,Tottenham Hotspur,Brentford,away,0.8623,1.2594789,0.3971789266586304
4361,14025276,25/26,2026-01-03,12,6072,Aston Villa,Nottingham Forest,home,1.5567334649555775,1.3608458,-0.19588766074109998
4361,14025276,25/26,2026-01-03,6072,12,Nottingham Forest,Aston Villa,away,0.8742370517928287,1.4462737,0.5720366327088192
4362,14025292,25/26,2026-01-03,3033,7,Wolverhampton,West Ham United,home,1.8476047904191617,1.4878541,-0.35975066730362215
4362,14025292,25/26,2026-01-03,7,3033,West Ham United,Wolverhampton,away,0.2514,1.3168191,1.0654190717697143
4363,14025278,25/26,2026-01-03,2275,23,Brighton & Hove Albion,Burnley,home,1.4493,1.6174693,0.16816931076049801
4363,14025278,25/26,2026-01-03,23,2275,Burnley,Brighton & Hove Albion,away,0.2984,1.1448356,0.8464355913162231
4364,14025274,25/26,2026-01-03,769,17,Bournemouth,Arsenal,home,1.4349,1.4575863,0.022686288452148373
4364,14025274,25/26,2026-01-03,17,769,Arsenal,Bournemouth,away,1.13,1.8411673,0.7111673307418824
4365,14025284,25/26,2026-01-04,4546,1,Leeds United,Manchester United,home,0.8943829145728643,1.302186,0.40780309769520207
4365,14025284,25/26,2026-01-04,1,4546,Manchester United,Leeds United,away,1.5849,1.5080316,-0.07686839332580564
4366,14025290,25/26,2026-01-04,8,16,Tottenham Hotspur,Sunderland,home,1.1647290836653386,1.5019622,0.3372331012406673
4366,14025290,25/26,2026-01-04,16,8,Sunderland,Tottenham Hotspur,away,0.4363,1.0141194,0.5778193866729736
4367,14025288,25/26,2026-01-04,21,18,Newcastle United,Crystal Palace,home,2.2314759036144576,1.5268399,-0.7046360512813887
4367,14025288,25/26,2026-01-04,18,21,Crystal Palace,Newcastle United,away,0.6890714285714286,1.1988063,0.5097348572867257
4368,14025280,25/26,2026-01-04,10,5301,Everton,Brentford,home,0.8897,1.6176766,0.7279766157150268
4368,14025280,25/26,2026-01-04,5301,10,Brentford,Everton,away,2.6561,1.5149338,-1.1411661754608153
4369,14025282,25/26,2026-01-04,3027,19,Fulham,Liverpool FC,home,0.7163911764705883,1.2801764,0.5637852246677174
4369,14025282,25/26,2026-01-04,19,3027,Liverpool FC,Fulham,away,1.3564285714285713,1.6448141,0.2883855622155327
4370,14025286,25/26,2026-01-04,22,24,Manchester City,Chelsea,home,1.0175,2.0860887,1.0685886573791503
4370,14025286,25/26,2026-01-04,24,22,Chelsea,Manchester City,away,1.8511,1.2750468,-0.5760531745910644
4371,14025055,25/26,2026-01-06,7,6072,West Ham United,Nottingham Forest,home,0.953,1.1917253,0.23872525405883793
4371,14025055,25/26,2026-01-06,6072,7,Nottingham Forest,West Ham United,away,1.3755,1.333605,-0.04189494895935053
4372,14025061,25/26,2026-01-07,22,2275,Manchester City,Brighton & Hove Albion,home,2.5579,2.172401,-0.385499048614502
4372,14025061,25/26,2026-01-07,2275,22,Brighton & Hove Albion,Manchester City,away,1.1419580838323353,1.1797739,0.03781584290258899
4373,14025049,25/26,2026-01-07,3027,24,Fulham,Chelsea,home,1.1889939759036146,1.4131542,0.22416026851929804
4373,14025049,25/26,2026-01-07,24,3027,Chelsea,Fulham,away,2.7104739696312365,1.519272,-1.1912019998360095
4374,14025015,25/26,2026-01-07,769,8,Bournemouth,Tottenham Hotspur,home,1.2396521739130435,1.4415234,0.20187125881858492
4374,14025015,25/26,2026-01-07,8,769,Tottenham Hotspur,Bournemouth,away,1.2321098901098901,1.2356796,0.003569736354953612
4375,14025058,25/26,2026-01-07,18,12,Crystal Palace,Aston Villa,home,1.5076,1.7230734,0.21547336330413813
4375,14025058,25/26,2026-01-07,12,18,Aston Villa,Crystal Palace,away,1.7394,1.35105,-0.38834998073577887
4376,14025046,25/26,2026-01-07,10,3033,Everton,Wolverhampton,home,0.8708278931750741,1.2558467,0.3850188456402335
4376,14025046,25/26,2026-01-07,3033,10,Wolverhampton,Everton,away,0.7253,1.300622,0.5753219863891602
4377,14025027,25/26,2026-01-07,5301,16,Brentford,Sunderland,home,3.2432,1.6201144,-1.6230855543136595
4377,14025027,25/26,2026-01-07,16,5301,Sunderland,Brentford,away,1.7116265060240965,1.124058,-0.5875684978301268
4378,14025037,25/26,2026-01-07,23,1,Burnley,Manchester United,home,0.2365,1.1244235,0.8879235038757325
4378,14025037,25/26,2026-01-07,1,23,Manchester United,Burnley,away,2.5312590361445784,1.7214196,-0.8098394633143782
4379,14025052,25/26,2026-01-07,21,4546,Newcastle United,Leeds United,home,2.4548,1.544784,-0.9100160501480103
4379,14025052,25/26,2026-01-07,4546,21,Leeds United,Newcastle United,away,1.8655189243027888,1.1458226,-0.7196962800690851
4380,14025019,25/26,2026-01-08,17,19,Arsenal,Liverpool FC,home,0.5739,1.8683767,1.2944767318725585
4380,14025019,25/26,2026-01-08,19,17,Liverpool FC,Arsenal,away,0.3164,1.4002663,1.0838662897109985
4381,14025079,25/26,2026-01-17,1,22,Manchester United,Manchester City,home,2.2893,1.6518437,-0.6374563329696654
4381,14025079,25/26,2026-01-17,22,1,Manchester City,Manchester United,away,0.4484,1.5650679,1.1166678873062135
4382,14025076,25/26,2026-01-17,19,23,Liverpool FC,Burnley,home,3.1574849699398797,2.0021713,-1.1553136919400018
4382,14025076,25/26,2026-01-17,23,19,Burnley,Liverpool FC,away,0.3879782608695652,0.9966596,0.6086813160232876
4383,14025070,25/26,2026-01-17,24,5301,Chelsea,Brentford,home,1.5661878727634195,1.6219777,0.05578981411859951
4383,14025070,25/26,2026-01-17,5301,24,Brentford,Chelsea,away,1.5162,1.5426261,0.026426142501831063
4384,14025089,25/26,2026-01-17,8,7,Tottenham Hotspur,West Ham United,home,1.4639699398797594,1.4613454,-0.0026245056909166564
4384,14025089,25/26,2026-01-17,7,8,West Ham United,Tottenham Hotspur,away,2.8260180541624873,1.0034869,-1.822531182443127
4385,14025085,25/26,2026-01-17,16,18,Sunderland,Crystal Palace,home,1.8308532663316583,1.410802,-0.42005125961016176
4385,14025085,25/26,2026-01-17,18,16,Crystal Palace,Sunderland,away,0.6107,1.5355706,0.9248706214904785
4386,14025073,25/26,2026-01-17,4546,3027,Leeds United,Fulham,home,1.4306,1.380043,-0.050556970214843844
4386,14025073,25/26,2026-01-17,3027,4546,Fulham,Leeds United,away,0.3827604790419162,1.2487906,0.8660301427155912
4387,14025082,25/26,2026-01-17,6072,17,Nottingham Forest,Arsenal,home,0.341,1.244346,0.903346022605896
4387,14025082,25/26,2026-01-17,17,6072,Arsenal,Nottingham Forest,away,2.0981,1.6437795,-0.4543204837799073
4388,14025092,25/26,2026-01-18,3033,21,Wolverhampton,Newcastle United,home,0.28348192771084335,1.2703327,0.9868507663428066
4388,14025092,25/26,2026-01-18,21,3033,Newcastle United,Wolverhampton,away,0.9496,1.3936616,0.44406161823272705
4389,14025064,25/26,2026-01-18,12,10,Aston Villa,Everton,home,1.4407,1.6590638,0.21836381607055655
4389,14025064,25/26,2026-01-18,10,12,Everton,Aston Villa,away,0.5088301507537688,1.3573861,0.848555961459366
4390,15129445,25/26,2026-01-19,2275,769,Brighton & Hove Albion,Bournemouth,home,1.0131428571428571,1.640851,0.6277081636701312
4390,15129445,25/26,2026-01-19,769,2275,Bournemouth,Brighton & Hove Albion,away,1.2866,1.7148573,0.4282573398590088
4391,14025122,25/26,2026-01-24,7,16,West Ham United,Sunderland,home,1.5229,1.3777434,-0.1451566366195678
4391,14025122,25/26,2026-01-24,16,7,Sunderland,West Ham United,away,0.6663346733668342,1.1942347,0.5279000554463372
4392,14025116,25/26,2026-01-24,22,3033,Manchester City,Wolverhampton,home,0.861,1.830695,0.9696950330734253
4392,14025116,25/26,2026-01-24,3033,22,Wolverhampton,Manchester City,away,0.6072,1.1137211,0.5065211322784424
4393,14025104,25/26,2026-01-24,23,8,Burnley,Tottenham Hotspur,home,1.4279037111334003,1.1521465,-0.27575725250760685
4393,14025104,25/26,2026-01-24,8,23,Tottenham Hotspur,Burnley,away,2.0414653961885656,1.4834583,-0.5580071156252111
4394,14025113,25/26,2026-01-24,3027,2275,Fulham,Brighton & Hove Albion,home,1.043078313253012,1.5332215,0.4901431699775789
4394,14025113,25/26,2026-01-24,2275,3027,Brighton & Hove Albion,Fulham,away,1.6444017857142856,1.4131944,-0.23120736776079442
4395,14025095,25/26,2026-01-24,769,19,Bournemouth,Liverpool FC,home,2.331171686746988,1.1845572,-1.1466144872688386
4395,14025095,25/26,2026-01-24,19,769,Liverpool FC,Bournemouth,away,0.9294,1.8036999,0.8742998510360718
4396,14025107,25/26,2026-01-25,18,24,Crystal Palace,Chelsea,home,1.7974246435845214,1.7105584,-0.08686622912529285
4396,14025107,25/26,2026-01-25,24,18,Chelsea,Crystal Palace,away,2.181564,1.4412214,-0.7403426436080931
4397,14025119,25/26,2026-01-25,21,12,Newcastle United,Aston Villa,home,2.155900900900901,1.7450728,-0.4108280592566138
4397,14025119,25/26,2026-01-25,12,21,Aston Villa,Newcastle United,away,1.1466756756756757,1.1532123,0.006536633207991249
4398,14025101,25/26,2026-01-25,5301,6072,Brentford,Nottingham Forest,home,1.8086,1.7858418,-0.022758177375793442
4398,14025101,25/26,2026-01-25,6072,5301,Nottingham Forest,Brentford,away,0.7793,1.0809455,0.3016454917907715
4399,14025098,25/26,2026-01-25,17,1,Arsenal,Manchester United,home,1.1936,1.7024819,0.5088818658828735
4399,14025098,25/26,2026-01-25,1,17,Manchester United,Arsenal,away,0.7085741482965932,1.3697709,0.6611967362172618
4400,15129439,25/26,2026-01-26,10,4546,Everton,Leeds United,home,0.6962,1.4065264,0.7103264463424682
4400,15129439,25/26,2026-01-26,4546,10,Leeds United,Everton,away,1.370534328358209,1.41849,0.04795572386499658
4401,14025134,25/26,2026-01-31,4546,17,Leeds United,Arsenal,home,0.14914673366834172,1.2247343,1.0755875726671076
4401,14025134,25/26,2026-01-31,17,4546,Arsenal,Leeds United,away,2.1936,1.6805241,-0.5130758892059326
4402,14025128,25/26,2026-01-31,2275,10,Brighton & Hove Albion,Everton,home,1.4393,1.5896562,0.1503562337875366
4402,14025128,25/26,2026-01-31,10,2275,Everton,Brighton & Hove Albion,away,1.225517857142857,1.2609494,0.035431516102382155
4403,14025152,25/26,2026-01-31,3033,769,Wolverhampton,Bournemouth,home,1.3927,1.316595,-0.07610504169464116
4403,14025152,25/26,2026-01-31,769,3033,Bournemouth,Wolverhampton,away,1.3425269461077844,1.2589628,-0.08356419567290896
4404,14025131,25/26,2026-01-31,24,7,Chelsea,West Ham United,home,3.2411,1.7674474,-1.473652647590637
4404,14025131,25/26,2026-01-31,7,24,West Ham United,Chelsea,away,1.1166,1.3080271,0.1914271482467651
4405,14025137,25/26,2026-01-31,19,21,Liverpool FC,Newcastle United,home,2.2414464285714284,1.6816642,-0.5597822001320973
4405,14025137,25/26,2026-01-31,21,19,Newcastle United,Liverpool FC,away,0.35663855421686746,1.3581421,1.0015035833105983
4406,14025140,25/26,2026-02-01,1,3027,Manchester United,Fulham,home,1.7725149700598801,1.9908532,0.21833822036217798
4406,14025140,25/26,2026-02-01,3027,1,Fulham,Manchester United,away,1.9188413173652694,1.0122603,-0.9065809995628402
4407,14025125,25/26,2026-02-01,12,5301,Aston Villa,Brentford,home,2.4176,1.2779456,-1.1396543622970583
4407,14025125,25/26,2026-02-01,5301,12,Brentford,Aston Villa,away,0.39090975865687305,1.4843054,1.0933956231180293
4408,14025143,25/26,2026-02-01,6072,18,Nottingham Forest,Crystal Palace,home,0.5087238095238096,1.3954265,0.8867027022407168
4408,14025143,25/26,2026-02-01,18,6072,Crystal Palace,Nottingham Forest,away,1.8991,1.4399111,-0.4591888729095459
4409,14025149,25/26,2026-02-01,8,22,Tottenham Hotspur,Manchester City,home,1.041135135135135,1.3804694,0.3393343062787444
4409,14025149,25/26,2026-02-01,22,8,Manchester City,Tottenham Hotspur,away,2.063457,1.5273151,-0.5361418602294923
4410,15129444,25/26,2026-02-02,16,23,Sunderland,Burnley,home,1.5442605633802817,1.4933025,-0.05095809889511327
4410,15129444,25/26,2026-02-02,23,16,Burnley,Sunderland,away,0.058,1.1063845,1.048384515762329
4411,14025170,25/26,2026-02-06,4546,6072,Leeds United,Nottingham Forest,home,2.5233,1.49876,-1.024540015029907
4411,14025170,25/26,2026-02-06,6072,4546,Nottingham Forest,Leeds United,away,1.3312,1.1095276,-0.22167241210937494
4412,14025176,25/26,2026-02-07,1,8,Manchester United,Tottenham Hotspur,home,1.7441875,1.9900548,0.24586734580993652
4412,14025176,25/26,2026-02-07,8,1,Tottenham Hotspur,Manchester United,away,0.5180182992465017,1.1110514,0.593033140992451
4413,14025158,25/26,2026-02-07,17,16,Arsenal,Sunderland,home,1.4817231695085256,1.9213295,0.43960632878249006
4413,14025158,25/26,2026-02-07,16,17,Sunderland,Arsenal,away,0.1849840637450199,1.0116162,0.8266321662659664
4414,14025182,25/26,2026-02-07,3033,24,Wolverhampton,Chelsea,home,1.05186258776329,1.2876534,0.23579085843421987
4414,14025182,25/26,2026-02-07,24,3033,Chelsea,Wolverhampton,away,3.4076216216216215,1.3174536,-2.0901679988036284
4415,14025155,25/26,2026-02-07,769,12,Bournemouth,Aston Villa,home,2.059695,1.3043284,-0.755366558380127
4415,14025155,25/26,2026-02-07,12,769,Aston Villa,Bournemouth,away,0.586971,1.4797673,0.8927963225402832
4416,14025167,25/26,2026-02-07,3027,10,Fulham,Everton,home,1.9401441351888669,1.4033222,-0.536821915340234
4416,14025167,25/26,2026-02-07,10,3027,Everton,Fulham,away,1.8661202404809618,1.3186435,-0.5474767897439623
4417,14025164,25/26,2026-02-07,23,7,Burnley,West Ham United,home,1.3373,1.3227724,-0.014527616310119562
4417,14025164,25/26,2026-02-07,7,23,West Ham United,Burnley,away,0.6946,1.462424,0.7678240398406982
4418,14025179,25/26,2026-02-07,21,5301,Newcastle United,Brentford,home,2.198878217821782,1.6682047,-0.5306735526377611
4418,14025179,25/26,2026-02-07,5301,21,Brentford,Newcastle United,away,1.77012,1.2259183,-0.5442017070007323
4419,14025161,25/26,2026-02-08,2275,18,Brighton & Hove Albion,Crystal Palace,home,0.7443,1.4074044,0.6631044227600098
4419,14025161,25/26,2026-02-08,18,2275,Crystal Palace,Brighton & Hove Albion,away,1.148876629889669,1.2452595,0.09638289350205453
4420,14025173,25/26,2026-02-08,19,22,Liverpool FC,Manchester City,home,0.9789783251231527,1.8312292,0.8522508847767496
4420,14025173,25/26,2026-02-08,22,19,Manchester City,Liverpool FC,away,2.726170340681363,1.3146473,-1.4115230237486847
4421,14025188,25/26,2026-02-10,24,4546,Chelsea,Leeds United,home,3.1297,1.8347738,-1.2949262210845949
4421,14025188,25/26,2026-02-10,4546,24,Leeds United,Chelsea,away,1.441,1.2060889,-0.23491109943389898
4422,14025200,25/26,2026-02-10,8,21,Tottenham Hotspur,Newcastle United,home,1.8502,1.2755873,-0.5746126796722413
4422,14025200,25/26,2026-02-10,21,8,Newcastle United,Tottenham Hotspur,away,2.448573705179283,1.6366843,-0.8118894066639633
4423,14025191,25/26,2026-02-10,10,769,Everton,Bournemouth,home,3.0273157894736844,1.4721035,-1.5552123129493314
4423,14025191,25/26,2026-02-10,769,10,Bournemouth,Everton,away,1.3362,1.5041016,0.16790163402557368
4424,14025203,25/26,2026-02-10,7,1,West Ham United,Manchester United,home,1.0931414342629482,1.1522527,0.05911123983983502
4424,14025203,25/26,2026-02-10,1,7,Manchester United,West Ham United,away,0.5747,1.6086522,1.0339522340774536
4425,14025212,25/26,2026-02-11,22,3027,Manchester City,Fulham,home,1.368,1.9337585,0.5657584972381591
4425,14025212,25/26,2026-02-11,3027,22,Fulham,Manchester City,away,1.4179,1.1155081,-0.30239192047119134
4426,14025206,25/26,2026-02-11,12,2275,Aston Villa,Brighton & Hove Albion,home,0.807986960882648,1.548404,0.7404170174651303
4426,14025206,25/26,2026-02-11,2275,12,Brighton & Hove Albion,Aston Villa,away,0.5615,1.1783128,0.6168127784729004
4427,14025194,25/26,2026-02-11,6072,3033,Nottingham Forest,Wolverhampton,home,2.6651,1.2862405,-1.3788595415115354
4427,14025194,25/26,2026-02-11,3033,6072,Wolverhampton,Nottingham Forest,away,0.4336,1.2879821,0.8543821062088013
4428,14025209,25/26,2026-02-11,18,23,Crystal Palace,Burnley,home,1.7860753012048194,1.9532342,0.16715889450440913
4428,14025209,25/26,2026-02-11,23,18,Burnley,Crystal Palace,away,0.518811377245509,0.99750185,0.47869047288266486
4429,14025197,25/26,2026-02-11,16,19,Sunderland,Liverpool FC,home,0.6279,1.188786,0.5608860298156738
4429,14025197,25/26,2026-02-11,19,16,Liverpool FC,Sunderland,away,2.5083306613226455,1.5270258,-0.9813048424978774
4430,14025185,25/26,2026-02-12,5301,17,Brentford,Arsenal,home,1.5069,1.3811713,-0.1257286542892455
4430,14025185,25/26,2026-02-12,17,5301,Arsenal,Brentford,away,0.6002,1.7031817,1.102981743621826
4431,14025018,25/26,2026-02-18,3033,17,Wolverhampton,Arsenal,home,0.2880810810810811,1.1253225,0.8372413800471538
4431,14025018,25/26,2026-02-18,17,3033,Arsenal,Wolverhampton,away,1.6097,1.7990569,0.18935688762664804
4432,14024007,25/26,2026-02-21,24,23,Chelsea,Burnley,home,1.9955628803245435,2.1882837,0.1927208015449633
4432,14024007,25/26,2026-02-21,23,24,Burnley,Chelsea,away,0.8336115537848605,0.99378854,0.16017698657845125
4433,14025215,25/26,2026-02-21,12,4546,Aston Villa,Leeds United,home,1.4427125748502994,1.5575124,0.11479982768418551
4433,14025215,25/26,2026-02-21,4546,12,Leeds United,Aston Villa,away,1.3458433734939759,1.1689932,-0.17685013885957646
4434,14024006,25/26,2026-02-21,5301,2275,Brentford,Brighton & Hove Albion,home,1.6018,1.388724,-0.2130760305404662
4434,14024006,25/26,2026-02-21,2275,5301,Brighton & Hove Albion,Brentford,away,1.097,1.253106,0.15610599803924563
4435,14023969,25/26,2026-02-21,7,769,West Ham United,Bournemouth,home,3.2511123370110333,1.3003612,-1.9507511805474103
4435,14023969,25/26,2026-02-21,769,7,Bournemouth,West Ham United,away,0.6425139442231076,1.4362285,0.7937145694945438
4436,14024010,25/26,2026-02-21,22,21,Manchester City,Newcastle United,home,1.3509768844221106,1.8171926,0.46621567005176634
4436,14024010,25/26,2026-02-21,21,22,Newcastle United,Manchester City,away,0.6233,1.4247075,0.8014075319290161
4437,14024013,25/26,2026-02-22,6072,19,Nottingham Forest,Liverpool FC,home,1.1905,1.4434496,0.25294961643219005
4437,14024013,25/26,2026-02-22,19,6072,Liverpool FC,Nottingham Forest,away,1.7700415841584158,1.5916924,-0.17834913649606232
4438,14024008,25/26,2026-02-22,18,3033,Crystal Palace,Wolverhampton,home,1.9976,1.9428233,-0.054776709175109906
4438,14024008,25/26,2026-02-22,3033,18,Wolverhampton,Crystal Palace,away,1.6528343558282208,1.0266039,-0.626230418679173
4439,14024011,25/26,2026-02-22,16,3027,Sunderland,Fulham,home,1.8462,1.345718,-0.5004819738388062
4439,14024011,25/26,2026-02-22,3027,16,Fulham,Sunderland,away,1.8249,1.2638857,-0.5610142635345459
4440,14024012,25/26,2026-02-22,8,17,Tottenham Hotspur,Arsenal,home,0.7631,1.2636073,0.5005072635650635
4440,14024012,25/26,2026-02-22,17,8,Arsenal,Tottenham Hotspur,away,2.0667,1.6819161,-0.3847838823318481
4441,15238290,25/26,2026-02-23,10,1,Everton,Manchester United,home,0.6346,1.535436,0.9008360342025756
4441,15238290,25/26,2026-02-23,1,10,Manchester United,Everton,away,1.2656,1.4697421,0.20414205970764154
4442,14023979,25/26,2026-02-27,3033,12,Wolverhampton,Aston Villa,home,0.8493884462151394,1.3145946,0.46520618021155735
4442,14023979,25/26,2026-02-27,12,3033,Aston Villa,Wolverhampton,away,1.0166576576576578,1.557781,0.541123323406185
4443,14023970,25/26,2026-02-28,769,16,Bournemouth,Sunderland,home,1.697904287138584,1.4906737,-0.20723062590658947
4443,14023970,25/26,2026-02-28,16,769,Sunderland,Bournemouth,away,1.445,1.2178414,-0.22715861320495612
4444,14023976,25/26,2026-02-28,19,7,Liverpool FC,West Ham United,home,1.8203897795591182,1.6806431,-0.13974669789407912
4444,14023976,25/26,2026-02-28,7,19,West Ham United,Liverpool FC,away,1.829429282868526,1.2896923,-0.5397370001918291
4445,14023977,25/26,2026-02-28,21,10,Newcastle United,Everton,home,1.038457372116349,1.7212142,0.6827568031079552
4445,14023977,25/26,2026-02-28,10,21,Everton,Newcastle United,away,2.1312306920762287,1.5592068,-0.5720238487000691
4446,14023975,25/26,2026-02-28,23,5301,Burnley,Brentford,home,0.946638779527559,1.2100447,0.26340596210299516
4446,14023975,25/26,2026-02-28,5301,23,Brentford,Burnley,away,2.3572,1.665547,-0.6916529867172243
4447,14023974,25/26,2026-02-28,4546,22,Leeds United,Manchester City,home,1.4697161354581674,1.2716843,-0.1980318464795907
4447,14023974,25/26,2026-02-28,22,4546,Manchester City,Leeds United,away,1.9813901705115347,1.7094485,-0.27194171374731346
4448,14023978,25/26,2026-03-01,1,18,Manchester United,Crystal Palace,home,2.122705357142857,1.4884863,-0.6342190671648296
4448,14023978,25/26,2026-03-01,18,1,Crystal Palace,Manchester United,away,0.39333264248704664,1.3263512,0.9330185232844377
4449,14023973,25/26,2026-03-01,3027,8,Fulham,Tottenham Hotspur,home,2.2802,1.7532986,-0.5269013597488401
4449,14023973,25/26,2026-03-01,8,3027,Tottenham Hotspur,Fulham,away,0.881,1.3522265,0.47122649574279785
4450,14023972,25/26,2026-03-01,2275,6072,Brighton & Hove Albion,Nottingham Forest,home,1.300311752988048,1.4907367,0.19042496995811908
4450,14023972,25/26,2026-03-01,6072,2275,Nottingham Forest,Brighton & Hove Albion,away,0.7870351053159479,1.225428,0.4383928798753973
4451,14023971,25/26,2026-03-01,17,24,Arsenal,Chelsea,home,1.0885,1.6506934,0.562193416595459
4451,14023971,25/26,2026-03-01,24,17,Chelsea,Arsenal,away,1.0778323170731707,1.4319925,0.3541602137495832
4452,14023980,25/26,2026-03-03,769,5301,Bournemouth,Brentford,home,1.9246,1.4088944,-0.5157055803298951
4452,14023980,25/26,2026-03-03,5301,769,Brentford,Bournemouth,away,0.3957018072289157,1.5941222,1.198420364173062
4453,14023941,25/26,2026-03-03,10,23,Everton,Burnley,home,1.260657894736842,1.9718444,0.7111865400013171
4453,14023941,25/26,2026-03-03,23,10,Burnley,Everton,away,0.7825855855855856,1.0409532,0.25836757374668984
4454,14023982,25/26,2026-03-03,4546,16,Leeds United,Sunderland,home,1.120863188976378,1.4619759,0.3411127431448988
4454,14023982,25/26,2026-03-03,16,4546,Sunderland,Leeds United,away,0.8514794383149449,1.246841,0.3953615155119594
4455,14023985,25/26,2026-03-03,3033,19,Wolverhampton,Liverpool FC,home,0.4397,1.2749215,0.8352215364456177
4455,14023985,25/26,2026-03-03,19,3033,Liverpool FC,Wolverhampton,away,2.5596,1.7851712,-0.7744288488388062
4456,14023984,25/26,2026-03-04,22,6072,Manchester City,Nottingham Forest,home,2.1229,1.8577982,-0.2651017812728882
4456,14023984,25/26,2026-03-04,6072,22,Nottingham Forest,Manchester City,away,0.9549662027833002,1.2455394,0.2905732240202886
4457,14023933,25/26,2026-03-04,2275,17,Brighton & Hove Albion,Arsenal,home,0.8198,1.3115839,0.4917838766098023
4457,14023933,25/26,2026-03-04,17,2275,Arsenal,Brighton & Hove Albion,away,0.4685,1.4177833,0.949283260345459
4458,14023986,25/26,2026-03-04,12,24,Aston Villa,Chelsea,home,0.7828,1.3249383,0.5421382972717285
4458,14023986,25/26,2026-03-04,24,12,Chelsea,Aston Villa,away,3.550589641434263,1.6837654,-1.86682423005731
4459,14023947,25/26,2026-03-04,3027,7,Fulham,West Ham United,home,0.8884,1.4889405,0.6005404773712159
4459,14023947,25/26,2026-03-04,7,3027,West Ham United,Fulham,away,1.0617603550295858,1.3287104,0.2669500817913981
4460,14023983,25/26,2026-03-04,21,1,Newcastle United,Manchester United,home,2.549147302904564,1.45609,-1.0930573294548571
4460,14023983,25/26,2026-03-04,1,21,Manchester United,Newcastle United,away,1.4754864864864865,1.6394584,0.16397193140596955
4461,14023981,25/26,2026-03-05,8,18,Tottenham Hotspur,Crystal Palace,home,1.1482100213219617,1.2429583,0.09474828594427365
4461,14023981,25/26,2026-03-05,18,8,Crystal Palace,Tottenham Hotspur,away,1.7782,1.6782149,-0.0999850923538208
4462,14023996,25/26,2026-03-14,16,2275,Sunderland,Brighton & Hove Albion,home,0.8870360360360361,1.163476,0.27643995425937407
4462,14023996,25/26,2026-03-14,2275,16,Brighton & Hove Albion,Sunderland,away,1.6623873873873873,1.3935865,-0.2688008710070773
4463,14023988,25/26,2026-03-14,23,769,Burnley,Bournemouth,home,1.3720535714285713,1.2112606,-0.1607930142538887
4463,14023988,25/26,2026-03-14,769,23,Bournemouth,Burnley,away,2.529801801801802,1.3332353,-1.196566537977339
4464,14023987,25/26,2026-03-14,17,10,Arsenal,Everton,home,2.6983,1.6007882,-1.0975117643356325
4464,14023987,25/26,2026-03-14,10,17,Everton,Arsenal,away,1.0468660714285714,1.2798018,0.23293577412196576
4465,14023990,25/26,2026-03-14,24,21,Chelsea,Newcastle United,home,1.3864,1.975291,0.5888910137176513
4465,14023990,25/26,2026-03-14,21,24,Newcastle United,Chelsea,away,1.406,1.1910143,-0.21498571014404289
4466,14023993,25/26,2026-03-14,7,22,West Ham United,Manchester City,home,0.5364,1.3128854,0.7764854036331177
4466,14023993,25/26,2026-03-14,22,7,Manchester City,West Ham United,away,2.0295,1.5026299,-0.5268701238632203
4467,14023994,25/26,2026-03-15,1,12,Manchester United,Aston Villa,home,1.0961494483450351,1.8646337,0.7684842310449185
4467,14023994,25/26,2026-03-15,12,1,Aston Villa,Manchester United,away,0.9883153153153154,1.1099355,0.12162020676415242
4468,14023995,25/26,2026-03-15,6072,3027,Nottingham Forest,Fulham,home,0.9403510531594784,1.410127,0.46977599056458164
4468,14023995,25/26,2026-03-15,3027,6072,Fulham,Nottingham Forest,away,1.0337,1.4076515,0.37395154361724847
4469,14023991,25/26,2026-03-15,18,4546,Crystal Palace,Leeds United,home,0.6736,1.6642377,0.9906377376556397
4469,14023991,25/26,2026-03-15,4546,18,Leeds United,Crystal Palace,away,1.1628852631578948,1.1762598,0.01337449293036208
4470,14023992,25/26,2026-03-15,19,8,Liverpool FC,Tottenham Hotspur,home,1.6847873620862588,2.1079946,0.42320719434074316
4470,14023992,25/26,2026-03-15,8,19,Tottenham Hotspur,Liverpool FC,away,1.1756,1.1739413,-0.001658745384216287
4471,15408501,25/26,2026-03-16,5301,3033,Brentford,Wolverhampton,home,2.5429197592778334,1.8871535,-0.6557662529988417
4471,15408501,25/26,2026-03-16,3033,5301,Wolverhampton,Brentford,away,1.3256268806419258,1.12837,-0.1972568340263252
4472,14023997,25/26,2026-03-20,769,1,Bournemouth,Manchester United,home,1.7844725274725275,1.2996495,-0.4848230504675226
4472,14023997,25/26,2026-03-20,1,769,Manchester United,Bournemouth,away,1.7898957055214724,1.5087588,-0.28113692218101827
4473,14024015,25/26,2026-03-21,2275,19,Brighton & Hove Albion,Liverpool FC,home,2.14267097415507,1.2524341,-0.8902368396717324
4473,14024015,25/26,2026-03-21,19,2275,Liverpool FC,Brighton & Hove Albion,away,1.0253,1.5349096,0.5096096059799193
4474,14024016,25/26,2026-03-21,3027,23,Fulham,Burnley,home,3.191113226452906,1.7097001,-1.481413118878443
4474,14024016,25/26,2026-03-21,23,3027,Burnley,Fulham,away,1.234623246492986,0.99319845,-0.24142479211295065
4475,14024017,25/26,2026-03-21,10,24,Everton,Chelsea,home,1.176,1.4112403,0.23524033927917487
4475,14024017,25/26,2026-03-21,24,10,Chelsea,Everton,away,0.9306,1.7819095,0.8513094657897949
4476,14024018,25/26,2026-03-21,4546,5301,Leeds United,Brentford,home,0.5200971943887776,1.2388958,0.7187985794988567
4476,14024018,25/26,2026-03-21,5301,4546,Brentford,Leeds United,away,0.4617,1.5481356,1.0864356382369995
4477,14024021,25/26,2026-03-22,21,16,Newcastle United,Sunderland,home,1.276407,1.8743463,0.5979392562561034
4477,14024021,25/26,2026-03-22,16,21,Sunderland,Newcastle United,away,2.499255,1.2284642,-1.2707907542037962
4478,14024020,25/26,2026-03-22,8,6072,Tottenham Hotspur,Nottingham Forest,home,1.2578765060240964,1.316579,0.058702478236462685
4478,14024020,25/26,2026-03-22,6072,8,Nottingham Forest,Tottenham Hotspur,away,1.3385,1.4874299,0.1489298572540283
4479,14024014,25/26,2026-03-22,12,7,Aston Villa,West Ham United,home,1.726281407035176,1.448766,-0.27751541391688983
4479,14024014,25/26,2026-03-22,7,12,West Ham United,Aston Villa,away,0.841599,1.2947354,0.4531364316711426
4480,14025029,25/26,2026-04-10,7,3033,West Ham United,Wolverhampton,home,2.3387879396984923,1.5231813,-0.8156066204617369
4480,14025029,25/26,2026-04-10,3033,7,Wolverhampton,West Ham United,away,0.5826572864321609,1.1982265,0.6155691654416184
4481,14025021,25/26,2026-04-11,17,769,Arsenal,Bournemouth,home,2.3243,1.6779445,-0.646355459022522
4481,14025021,25/26,2026-04-11,769,17,Bournemouth,Arsenal,away,1.1866084337349398,1.0733773,-0.11323118210987881
4482,14025022,25/26,2026-04-11,5301,10,Brentford,Everton,home,2.8899,1.5993766,-1.2905234407424926
4482,14025022,25/26,2026-04-11,10,5301,Everton,Brentford,away,1.5502,1.2999866,-0.25021339912414553
4483,14024002,25/26,2026-04-11,23,2275,Burnley,Brighton & Hove Albion,home,0.8767,1.154678,0.2779779870986938
4483,14024002,25/26,2026-04-11,2275,23,Brighton & Hove Albion,Burnley,away,1.9197261785356068,1.5741453,-0.34558086145797007
4484,14024000,25/26,2026-04-11,19,3027,Liverpool FC,Fulham,home,1.5866,1.6508801,0.0642800983428955
4484,14024000,25/26,2026-04-11,3027,19,Fulham,Liverpool FC,away,1.0376,1.2002693,0.16266934146881096
4485,14025026,25/26,2026-04-12,16,8,Sunderland,Tottenham Hotspur,home,1.3425,1.4927304,0.15023037910461423
4485,14025026,25/26,2026-04-12,8,16,Tottenham Hotspur,Sunderland,away,0.8259880239520958,1.4052694,0.5792813604320595
4486,14025025,25/26,2026-04-12,6072,12,Nottingham Forest,Aston Villa,home,1.1458130653266332,1.3696238,0.22381071492391613
4486,14025025,25/26,2026-04-12,12,6072,Aston Villa,Nottingham Forest,away,1.0197497487437186,1.2941421,0.27439237829332974
4487,14023999,25/26,2026-04-12,18,21,Crystal Palace,Newcastle United,home,2.5922,1.7884431,-0.8037569114685059
4487,14023999,25/26,2026-04-12,21,18,Newcastle United,Crystal Palace,away,1.112328712871287,1.3989398,0.2866111350748799
4488,14023998,25/26,2026-04-12,24,22,Chelsea,Manchester City,home,1.131117117117117,1.7065114,0.575394261171152
4488,14023998,25/26,2026-04-12,22,24,Manchester City,Chelsea,away,2.2904,1.5121661,-0.7782338575363159
4489,14025024,25/26,2026-04-13,1,4546,Manchester United,Leeds United,home,1.3139246861924685,1.617942,0.3040172894010984
4489,14025024,25/26,2026-04-13,4546,1,Leeds United,Manchester United,away,2.550688376753507,1.1663419,-1.3843464759280066
4490,14025031,25/26,2026-04-18,5301,3027,Brentford,Fulham,home,1.429,1.4379668,0.008966823577880811
4490,14025031,25/26,2026-04-18,3027,5301,Fulham,Brentford,away,0.7744,1.2620119,0.4876118856430054
4491,14025040,25/26,2026-04-18,21,769,Newcastle United,Bournemouth,home,1.575288,1.6021665,0.026878533470153787
4491,14025040,25/26,2026-04-18,769,21,Bournemouth,Newcastle United,away,2.927361386138614,1.3857064,-1.541654961425479
4492,14025036,25/26,2026-04-18,4546,3033,Leeds United,Wolverhampton,home,2.8203,1.5741693,-1.2461307218551636
4492,14025036,25/26,2026-04-18,3033,4546,Wolverhampton,Leeds United,away,0.5668,1.0108845,0.44408452339172366
4493,14025042,25/26,2026-04-18,8,2275,Tottenham Hotspur,Brighton & Hove Albion,home,1.1265,1.2071302,0.08063019371032709
4493,14025042,25/26,2026-04-18,2275,8,Brighton & Hove Albion,Tottenham Hotspur,away,0.8169,1.5031426,0.6862425952911377
4494,14025032,25/26,2026-04-18,24,1,Chelsea,Manchester United,home,1.5683,2.039239,0.47093892974853513
4494,14025032,25/26,2026-04-18,1,24,Manchester United,Chelsea,away,0.2898361809045226,1.3634697,1.073633538982257
4495,14025035,25/26,2026-04-19,10,19,Everton,Liverpool FC,home,0.7821296111665005,1.5187254,0.7365957840361362
4495,14025035,25/26,2026-04-19,19,10,Liverpool FC,Everton,away,1.3957172011661807,1.6634423,0.2677250529002866
4496,14025030,25/26,2026-04-19,12,16,Aston Villa,Sunderland,home,2.8411,1.4493641,-1.3917359338760376
4496,14025030,25/26,2026-04-19,16,12,Sunderland,Aston Villa,away,1.7141482965931865,1.2664944,-0.4476539032444926
4497,14025041,25/26,2026-04-19,6072,23,Nottingham Forest,Burnley,home,1.169732142857143,1.763288,0.5935558782305035
4497,14025041,25/26,2026-04-19,23,6072,Burnley,Nottingham Forest,away,0.34576991150442477,1.0402493,0.6944794361823428
4498,14025039,25/26,2026-04-19,22,17,Manchester City,Arsenal,home,1.3430414201183432,1.8226912,0.47964978204535313
4498,14025039,25/26,2026-04-19,17,22,Arsenal,Manchester City,away,1.7694018036072143,1.3311797,-0.43822206556247556
4499,14025034,25/26,2026-04-20,18,7,Crystal Palace,West Ham United,home,0.7274,1.7545983,1.0271982599258422
4499,14025034,25/26,2026-04-20,7,18,West Ham United,Crystal Palace,away,0.6099036144578314,1.229829,0.6199253392851496
4500,14024001,25/26,2026-04-21,2275,24,Brighton & Hove Albion,Chelsea,home,2.126858291457286,1.3214574,-0.8054009054404405
4500,14024001,25/26,2026-04-21,24,2275,Chelsea,Brighton & Hove Albion,away,0.3697,1.5667322,1.197032168197632
4501,14024003,25/26,2026-04-22,23,22,Burnley,Manchester City,home,0.619542,1.1296518,0.5101097848968505
4501,14024003,25/26,2026-04-22,22,23,Manchester City,Burnley,away,3.3894,1.9535826,-1.4358173555374147
4502,14025044,25/26,2026-04-22,769,4546,Bournemouth,Leeds United,home,1.6389117352056168,1.2291449,-0.40976680436607826
4502,14025044,25/26,2026-04-22,4546,769,Leeds United,Bournemouth,away,0.7952410714285715,1.2477857,0.45254461601802276
4503,14023932,25/26,2026-04-24,16,6072,Sunderland,Nottingham Forest,home,0.7006,1.2964771,0.5958770793914795
4503,14023932,25/26,2026-04-24,6072,16,Nottingham Forest,Sunderland,away,1.0876112224448897,1.4791021,0.3914909122597001
4504,14024004,25/26,2026-04-25,3027,12,Fulham,Aston Villa,home,1.2338,1.4438767,0.21007674331665038
4504,14024004,25/26,2026-04-25,12,3027,Aston Villa,Fulham,away,0.9321,1.3021632,0.37006324329376217
4505,14024005,25/26,2026-04-25,19,18,Liverpool FC,Crystal Palace,home,1.1266908548707752,1.6520593,0.5253684617643566
4505,14024005,25/26,2026-04-25,18,19,Crystal Palace,Liverpool FC,away,2.2729,1.2941767,-0.9787233022689819
4506,14024022,25/26,2026-04-25,3033,8,Wolverhampton,Tottenham Hotspur,home,0.6923125,1.1877179,0.49540541458129883
4506,14024022,25/26,2026-04-25,8,3033,Tottenham Hotspur,Wolverhampton,away,0.914136409227683,1.4888116,0.5746752029015284
4507,14023934,25/26,2026-04-25,7,10,West Ham United,Everton,home,1.1746,1.468631,0.29403102912902823
4507,14023934,25/26,2026-04-25,10,7,Everton,West Ham United,away,1.54044,1.3483955,-0.19204453319549564
4508,14025045,25/26,2026-04-25,17,21,Arsenal,Newcastle United,home,0.4908,1.9067824,1.4159823886871337
4508,14025045,25/26,2026-04-25,21,17,Newcastle United,Arsenal,away,0.9919839679358717,1.1466149,0.15463094123618637
4509,14023926,25/26,2026-04-27,1,5301,Manchester United,Brentford,home,1.353198795180723,1.5143797,0.1611809445806296
4509,14023926,25/26,2026-04-27,5301,1,Brentford,Manchester United,away,1.1742,1.5597252,0.38552516536712655
4510,14023940,25/26,2026-05-01,4546,23,Leeds United,Burnley,home,1.6528,1.6330347,-0.01976529388427739
4510,14023940,25/26,2026-05-01,23,4546,Burnley,Leeds United,away,0.5689,1.0320902,0.46319018707275394
4511,14023949,25/26,2026-05-02,21,2275,Newcastle United,Brighton & Hove Albion,home,3.1578,1.4217402,-1.7360598257064819
4511,14023949,25/26,2026-05-02,2275,21,Brighton & Hove Albion,Newcastle United,away,1.519059177532598,1.4999968,-0.019062396183415764
4512,14023945,25/26,2026-05-02,5301,7,Brentford,West Ham United,home,2.2249565217391303,1.8177301,-0.40722645257866885
4512,14023945,25/26,2026-05-02,7,5301,West Ham United,Brentford,away,0.9060267857142857,1.1974475,0.29142075266156875
4513,14023951,25/26,2026-05-02,3033,16,Wolverhampton,Sunderland,home,1.7222,1.1950938,-0.5271062490463256
4513,14023951,25/26,2026-05-02,16,3033,Sunderland,Wolverhampton,away,0.7055357142857143,1.4348419,0.7293061569758824
4514,14023931,25/26,2026-05-02,17,3027,Arsenal,Fulham,home,3.246603015075377,1.574816,-1.6717870265347274
4514,14023931,25/26,2026-05-02,3027,17,Fulham,Arsenal,away,0.37,1.1745718,0.8045717525482178
4515,14024023,25/26,2026-05-03,769,18,Bournemouth,Crystal Palace,home,2.0522245508982038,1.3246784,-0.727546129877696
4515,14024023,25/26,2026-05-03,18,769,Crystal Palace,Bournemouth,away,0.8923,1.4646158,0.5723158218383789
4516,14023939,25/26,2026-05-03,1,19,Manchester United,Liverpool FC,home,2.3268975903614457,1.8208214,-0.5060761859043534
4516,14023939,25/26,2026-05-03,19,1,Liverpool FC,Manchester United,away,0.8796686746987952,1.6031579,0.7234892032232629
4517,14023927,25/26,2026-05-03,12,8,Aston Villa,Tottenham Hotspur,home,0.3163266932270916,1.5077057,1.1913789952494709
4517,14023927,25/26,2026-05-03,8,12,Tottenham Hotspur,Aston Villa,away,0.989,1.1520638,0.16306384658813478
4518,14023925,25/26,2026-05-04,24,6072,Chelsea,Nottingham Forest,home,1.9279,1.6780589,-0.24984113731384272
4518,14023925,25/26,2026-05-04,6072,24,Nottingham Forest,Chelsea,away,2.0704,1.3208497,-0.749550342941284
