match_id,sofascore_event_id,season_year,match_date,team_id,opponent_id,team_name,opponent_name,side,target_shot_quality,shot_quality_hat,prediction_error
3031,10385741,22/23,2022-08-05,18,17,Crystal Palace,Arsenal,home,0.12118,0.11147651,-0.009703489236831661
3031,10385741,22/23,2022-08-05,17,18,Arsenal,Crystal Palace,away,0.09968,0.11147651,0.01179651076316833
3032,10385502,22/23,2022-08-06,3027,19,Fulham,Liverpool FC,home,0.1391888888888889,0.11147651,-0.027712378125720555
3032,10385502,22/23,2022-08-06,19,3027,Liverpool FC,Fulham,away,0.11176363636363637,0.11147651,-0.0002871256004680356
3033,10385518,22/23,2022-08-06,8,20,Tottenham Hotspur,Southampton,home,0.08696111111111111,0.11147651,0.02451539965205722
3033,10385518,22/23,2022-08-06,20,8,Southampton,Tottenham Hotspur,away,0.04778,0.11147651,0.06369651076316833
3034,10385501,22/23,2022-08-06,4546,3033,Leeds United,Wolverhampton,home,0.066375,0.11147651,0.04510151076316833
3034,10385501,22/23,2022-08-06,3033,4546,Wolverhampton,Leeds United,away,0.12236666666666667,0.11147651,-0.01089015590349833
3035,10385483,22/23,2022-08-06,769,12,Bournemouth,Aston Villa,home,0.08427142857142857,0.11147651,0.02720508219173977
3035,10385483,22/23,2022-08-06,12,769,Aston Villa,Bournemouth,away,0.04382,0.11147651,0.06765651076316834
3036,10385498,22/23,2022-08-06,21,6072,Newcastle United,Nottingham Forest,home,0.07566086956521739,0.11147651,0.03581564119795094
3036,10385498,22/23,2022-08-06,6072,21,Nottingham Forest,Newcastle United,away,0.05512,0.11328913,0.05816913271427154
3037,10385509,22/23,2022-08-06,10,24,Everton,Chelsea,home,0.086875,0.11147651,0.02460151076316834
3037,10385509,22/23,2022-08-06,24,10,Chelsea,Everton,away,0.1096,0.11147651,0.001876510763168332
3038,10385511,22/23,2022-08-07,1,2275,Manchester United,Brighton & Hove Albion,home,0.08135882352941176,0.11147651,0.030117687233756574
3038,10385511,22/23,2022-08-07,2275,1,Brighton & Hove Albion,Manchester United,away,0.10043333333333333,0.11147651,0.011043177429835002
3039,10385491,22/23,2022-08-07,9,5301,Leicester City,Brentford,home,0.04434285714285714,0.11147651,0.06713365362031119
3039,10385491,22/23,2022-08-07,5301,9,Brentford,Leicester City,away,0.095625,0.11147651,0.015851510763168333
3040,10385514,22/23,2022-08-07,7,22,West Ham United,Manchester City,home,0.08121666666666667,0.11147651,0.030259844096501662
3040,10385514,22/23,2022-08-07,22,7,Manchester City,West Ham United,away,0.15923571428571429,0.11147651,-0.04775920352254595
3041,10385503,22/23,2022-08-13,12,10,Aston Villa,Everton,home,0.19264166666666666,0.1145116,-0.07813006503979364
3041,10385503,22/23,2022-08-13,10,12,Everton,Aston Villa,away,0.10804,0.11227836,0.004238357148170474
3042,10385530,22/23,2022-08-13,22,769,Manchester City,Bournemouth,home,0.09201578947368422,0.11537549,0.02335969952282152
3042,10385530,22/23,2022-08-13,769,22,Bournemouth,Manchester City,away,0.044066666666666664,0.11102119,0.06695452421506246
3043,10385500,22/23,2022-08-13,17,9,Arsenal,Leicester City,home,0.15643684210526315,0.114523865,-0.0419129768227276
3043,10385500,22/23,2022-08-13,9,17,Leicester City,Arsenal,away,0.07666666666666666,0.11102119,0.034354524215062465
3044,10385527,22/23,2022-08-13,3033,3027,Wolverhampton,Fulham,home,0.12712857142857142,0.11538775,-0.01174081877640315
3044,10385527,22/23,2022-08-13,3027,3033,Fulham,Wolverhampton,away,0.16597777777777778,0.11102119,-0.054956586896048654
3045,10385743,22/23,2022-08-13,2275,21,Brighton & Hove Albion,Newcastle United,home,0.1152,0.114585906,-0.0006140937328338592
3045,10385743,22/23,2022-08-13,21,2275,Newcastle United,Brighton & Hove Albion,away,0.05545,0.114585906,0.05913590626716614
3046,10385737,22/23,2022-08-13,20,4546,Southampton,Leeds United,home,0.08717142857142857,0.11372202,0.02655059032610485
3046,10385737,22/23,2022-08-13,4546,20,Leeds United,Southampton,away,0.14876153846153847,0.11227836,-0.036483181313368
3047,10385510,22/23,2022-08-13,5301,1,Brentford,Manchester United,home,0.12393076923076923,0.11223885,-0.011691922511504249
3047,10385510,22/23,2022-08-13,1,5301,Manchester United,Brentford,away,0.06144666666666667,0.11372202,0.052275352230866746
3048,10385528,22/23,2022-08-14,6072,7,Nottingham Forest,West Ham United,home,0.10457692307692308,0.11147651,0.006899587686245254
3048,10385528,22/23,2022-08-14,7,6072,West Ham United,Nottingham Forest,away,0.1191578947368421,0.1112607,-0.007897197491244262
3049,10385525,22/23,2022-08-14,24,8,Chelsea,Tottenham Hotspur,home,0.09896875,0.1145116,0.015542851626873022
3049,10385525,22/23,2022-08-14,8,24,Tottenham Hotspur,Chelsea,away,0.10077,0.11482541,0.014055412631034853
3050,10385740,22/23,2022-08-15,19,18,Liverpool FC,Crystal Palace,home,0.0861625,0.111449264,0.02528676398992538
3050,10385740,22/23,2022-08-15,18,19,Crystal Palace,Liverpool FC,away,0.14871428571428572,0.11482541,-0.033888873083250864
3051,10385739,22/23,2022-08-20,8,3033,Tottenham Hotspur,Wolverhampton,home,0.1529909090909091,0.11372202,-0.03926889019337568
3051,10385739,22/23,2022-08-20,3033,8,Wolverhampton,Tottenham Hotspur,away,0.0357,0.11372202,0.07802201889753341
3052,10385738,22/23,2022-08-20,9,20,Leicester City,Southampton,home,0.04808333333333333,0.1112607,0.0631773639122645
3052,10385738,22/23,2022-08-20,20,9,Southampton,Leicester City,away,0.10262222222222223,0.11102119,0.0083989686595069
3053,10385537,22/23,2022-08-20,10,6072,Everton,Nottingham Forest,home,0.0795157894736842,0.11147651,0.03196072128948413
3053,10385537,22/23,2022-08-20,6072,10,Nottingham Forest,Everton,away,0.07133571428571428,0.11171602,0.04038030284132277
3054,10385520,22/23,2022-08-20,18,12,Crystal Palace,Aston Villa,home,0.15810588235294118,0.114523865,-0.043582017070405626
3054,10385520,22/23,2022-08-20,12,18,Aston Villa,Crystal Palace,away,0.06897692307692307,0.114585906,0.04560898319024306
3055,10385539,22/23,2022-08-20,3027,5301,Fulham,Brentford,home,0.1429777777777778,0.11102119,-0.03195658689604866
3055,10385539,22/23,2022-08-20,5301,3027,Brentford,Fulham,away,0.13826923076923078,0.11269417,-0.02557506416852659
3056,10385519,22/23,2022-08-20,769,17,Bournemouth,Arsenal,home,0.046816666666666666,0.11102119,0.06420452421506245
3056,10385519,22/23,2022-08-20,17,769,Arsenal,Bournemouth,away,0.10012142857142857,0.11372202,0.013600590326104847
3057,10385543,22/23,2022-08-21,4546,24,Leeds United,Chelsea,home,0.184875,0.11227836,-0.07259664285182954
3057,10385543,22/23,2022-08-21,24,4546,Chelsea,Leeds United,away,0.06292142857142857,0.114585906,0.051664477695737565
3058,10385538,22/23,2022-08-21,7,2275,West Ham United,Brighton & Hove Albion,home,0.06845384615384616,0.11269417,0.044240320446858036
3058,10385538,22/23,2022-08-21,2275,7,Brighton & Hove Albion,West Ham United,away,0.15525454545454545,0.114585906,-0.04066863918737931
3059,10385532,22/23,2022-08-21,21,22,Newcastle United,Manchester City,home,0.150775,0.114585906,-0.036189093732833855
3059,10385532,22/23,2022-08-21,22,21,Manchester City,Newcastle United,away,0.10115238095238095,0.11537549,0.014223108044124785
3060,10385531,22/23,2022-08-22,1,19,Manchester United,Liverpool FC,home,0.13796923076923076,0.114585906,-0.023383324502064623
3060,10385531,22/23,2022-08-22,19,1,Liverpool FC,Manchester United,away,0.07987058823529411,0.11428295,0.03441236252363991
3061,10385567,22/23,2022-08-27,20,1,Southampton,Manchester United,home,0.08695294117647058,0.11102119,0.024068249705258546
3061,10385567,22/23,2022-08-27,1,20,Manchester United,Southampton,away,0.15124545454545454,0.11339909,-0.0378463661627336
3062,10385547,22/23,2022-08-27,19,769,Liverpool FC,Bournemouth,home,0.17466842105263158,0.11508224,-0.05958617945784017
3062,10385547,22/23,2022-08-27,769,19,Bournemouth,Liverpool FC,away,0.06598,0.11102119,0.04504119088172913
3063,10385554,22/23,2022-08-27,22,18,Manchester City,Crystal Palace,home,0.13468888888888889,0.116999395,-0.01768949369721942
3064,10385552,22/23,2022-08-27,24,9,Chelsea,Leicester City,home,0.2502285714285714,0.11508224,-0.13514632983378
3064,10385552,22/23,2022-08-27,9,24,Leicester City,Chelsea,away,0.14803529411764707,0.11102119,-0.037014103235917944
3065,10385556,22/23,2022-08-27,5301,10,Brentford,Everton,home,0.11008,0.11500794,0.004927936954498294
3065,10385556,22/23,2022-08-27,10,5301,Everton,Brentford,away,0.07668571428571429,0.11240092,0.03571520491327558
3066,10385557,22/23,2022-08-27,2275,4546,Brighton & Hove Albion,Leeds United,home,0.15541538461538462,0.114218354,-0.04119703039022593
3066,10385557,22/23,2022-08-27,4546,2275,Leeds United,Brighton & Hove Albion,away,0.18437,0.11158165,-0.07278834664344788
3067,10385742,22/23,2022-08-27,17,3027,Arsenal,Fulham,home,0.12436818181818182,0.11453414,-0.009834042185003111
3067,10385742,22/23,2022-08-27,3027,17,Fulham,Arsenal,away,0.07668181818181818,0.11158989,0.03490807551687414
3068,10385563,22/23,2022-08-28,12,7,Aston Villa,West Ham United,home,0.05485555555555555,0.114218354,0.05936279866960314
3068,10385563,22/23,2022-08-28,7,12,West Ham United,Aston Villa,away,0.08067142857142857,0.112185106,0.0315136771099908
3069,10385568,22/23,2022-08-28,3033,21,Wolverhampton,Newcastle United,home,0.07091,0.11372202,0.042812018897533416
3069,10385568,22/23,2022-08-28,21,3033,Newcastle United,Wolverhampton,away,0.08440952380952381,0.11508224,0.030672717785267603
3070,10385551,22/23,2022-08-28,6072,8,Nottingham Forest,Tottenham Hotspur,home,0.05574705882352941,0.11171602,0.055968958303507635
3070,10385551,22/23,2022-08-28,8,6072,Tottenham Hotspur,Nottingham Forest,away,0.1341111111111111,0.114218354,-0.019892756885952406
3071,10385559,22/23,2022-08-30,3027,2275,Fulham,Brighton & Hove Albion,home,0.06787,0.111972846,0.04410284609079361
3071,10385559,22/23,2022-08-30,2275,3027,Brighton & Hove Albion,Fulham,away,0.2087857142857143,0.11614282,-0.09264289744411197
3072,10385588,22/23,2022-08-30,18,5301,Crystal Palace,Brentford,home,0.07523846153846153,0.1119456,0.03670713777908913
3072,10385588,22/23,2022-08-30,5301,18,Brentford,Crystal Palace,away,0.1587888888888889,0.11669289,-0.042095995681815684
3073,10385585,22/23,2022-08-30,20,24,Southampton,Chelsea,home,0.12217777777777777,0.114218354,-0.007959423552619083
3073,10385585,22/23,2022-08-30,24,20,Chelsea,Southampton,away,0.1097,0.11508224,0.0053822415947914065
3074,10385758,22/23,2022-08-30,4546,10,Leeds United,Everton,home,0.07241428571428571,0.11185422,0.03943993223224368
3074,10385758,22/23,2022-08-30,10,4546,Everton,Leeds United,away,0.14264285714285715,0.11240092,-0.030241937943867286
3075,10385590,22/23,2022-08-31,22,6072,Manchester City,Nottingham Forest,home,0.19517058823529412,0.11669644,-0.07847414855185678
3075,10385590,22/23,2022-08-31,6072,22,Nottingham Forest,Manchester City,away,0.0828875,0.11147651,0.028589010763168332
3076,10385574,22/23,2022-08-31,17,12,Arsenal,Aston Villa,home,0.1166909090909091,0.11539803,-0.0012928820880976633
3076,10385574,22/23,2022-08-31,12,17,Aston Villa,Arsenal,away,0.11285,0.114218354,0.0013683542251586855
3077,10385759,22/23,2022-08-31,769,3033,Bournemouth,Wolverhampton,home,0.08304,0.11102119,0.027981190881729123
3077,10385759,22/23,2022-08-31,3033,769,Wolverhampton,Bournemouth,away,0.08881764705882353,0.111904584,0.023086936812541065
3078,10385564,22/23,2022-08-31,7,8,West Ham United,Tottenham Hotspur,home,0.08858571428571428,0.11175703,0.023171318287508832
3078,10385564,22/23,2022-08-31,8,7,Tottenham Hotspur,West Ham United,away,0.052533333333333335,0.1160263,0.0634929638783137
3079,10385582,22/23,2022-08-31,19,21,Liverpool FC,Newcastle United,home,0.06523043478260869,0.11539803,0.05016759222020274
3079,10385582,22/23,2022-08-31,21,19,Newcastle United,Liverpool FC,away,0.14318,0.11508224,-0.02809775840520859
3080,10385573,22/23,2022-09-01,9,1,Leicester City,Manchester United,home,0.07321,0.11372202,0.04051201889753342
3080,10385573,22/23,2022-09-01,1,9,Manchester United,Leicester City,away,0.17202222222222222,0.11339909,-0.05862313383950127
3081,10385599,22/23,2022-09-03,10,19,Everton,Liverpool FC,home,0.12261428571428572,0.113043495,-0.009570791191714154
3081,10385599,22/23,2022-09-03,19,10,Liverpool FC,Everton,away,0.09703478260869565,0.11855403,0.02151925073032794
3082,10385757,22/23,2022-09-03,24,7,Chelsea,West Ham United,home,0.10815,0.11484525,0.006695253527164463
3082,10385757,22/23,2022-09-03,7,24,West Ham United,Chelsea,away,0.20873333333333333,0.118380055,-0.0903532785018285
3083,10385744,22/23,2022-09-03,8,3027,Tottenham Hotspur,Fulham,home,0.13632173913043477,0.11641257,-0.019909166567740222
3083,10385744,22/23,2022-09-03,3027,8,Fulham,Tottenham Hotspur,away,0.08072222222222222,0.11116564,0.030443420516120062
3084,10385608,22/23,2022-09-03,21,18,Newcastle United,Crystal Palace,home,0.1286,0.11439151,-0.014208486831188194
3084,10385608,22/23,2022-09-03,18,21,Crystal Palace,Newcastle United,away,0.0531,0.11103902,0.05793902012109756
3085,10385577,22/23,2022-09-03,5301,4546,Brentford,Leeds United,home,0.17607142857142857,0.118018016,-0.058053412352289474
3085,10385577,22/23,2022-09-03,4546,5301,Leeds United,Brentford,away,0.11271764705882353,0.11180524,-0.0009124092291383223
3086,10385595,22/23,2022-09-03,3033,20,Wolverhampton,Southampton,home,0.11428571428571428,0.11445591,0.0001701942511967286
3086,10385595,22/23,2022-09-03,20,3033,Southampton,Wolverhampton,away,0.09969166666666666,0.110981345,0.011289678510030113
3087,10385600,22/23,2022-09-03,6072,769,Nottingham Forest,Bournemouth,home,0.1728818181818182,0.11647149,-0.05641032642776317
3087,10385600,22/23,2022-09-03,769,6072,Bournemouth,Nottingham Forest,away,0.0971375,0.11176703,0.014629531252384184
3088,10385569,22/23,2022-09-03,12,22,Aston Villa,Manchester City,home,0.11456666666666666,0.11385528,-0.0007113866845766675
3088,10385569,22/23,2022-09-03,22,12,Manchester City,Aston Villa,away,0.16182307692307693,0.11999471,-0.04182836951750976
3089,10385576,22/23,2022-09-04,2275,9,Brighton & Hove Albion,Leicester City,home,0.12010434782608696,0.116967365,-0.0031369826804036743
3089,10385576,22/23,2022-09-04,9,2275,Leicester City,Brighton & Hove Albion,away,0.24138333333333334,0.12909357,-0.11228976083596548
3090,10385750,22/23,2022-09-04,1,17,Manchester United,Arsenal,home,0.1552,0.116972275,-0.03822772492170334
3090,10385750,22/23,2022-09-04,17,1,Arsenal,Manchester United,away,0.0822625,0.11715218,0.03488967679738998
3091,10385745,22/23,2022-09-16,12,20,Aston Villa,Southampton,home,0.1392909090909091,0.11106115,-0.028229760745438676
3091,10385745,22/23,2022-09-16,20,12,Southampton,Aston Villa,away,0.04815714285714286,0.11337044,0.06521329804318292
3092,10385627,22/23,2022-09-16,6072,3027,Nottingham Forest,Fulham,home,0.12853636363636364,0.1135223,-0.015014065002311366
3092,10385627,22/23,2022-09-16,3027,6072,Fulham,Nottingham Forest,away,0.06253333333333333,0.11140254,0.048869208065668746
3093,10385639,22/23,2022-09-17,3033,22,Wolverhampton,Manchester City,home,0.06835,0.11390843,0.04555843242406846
3093,10385639,22/23,2022-09-17,22,3033,Manchester City,Wolverhampton,away,0.06650625,0.119695075,0.05318882485628128
3094,10385624,22/23,2022-09-17,21,769,Newcastle United,Bournemouth,home,0.095915,0.11463794,0.018722941122055053
3094,10385624,22/23,2022-09-17,769,21,Bournemouth,Newcastle United,away,0.07479,0.109971605,0.03518160524129868
3095,10385641,22/23,2022-09-17,8,9,Tottenham Hotspur,Leicester City,home,0.136775,0.11758517,-0.019189832711219795
3095,10385641,22/23,2022-09-17,9,8,Leicester City,Tottenham Hotspur,away,0.0933578947368421,0.11119131,0.01783341525165659
3096,10385635,22/23,2022-09-18,5301,17,Brentford,Arsenal,home,0.10654,0.11462978,0.008089782736301426
3096,10385635,22/23,2022-09-18,17,5301,Arsenal,Brentford,away,0.11683076923076922,0.11720905,0.00037827784831707956
3097,10385623,22/23,2022-09-18,10,7,Everton,West Ham United,home,0.05154285714285714,0.11091221,0.05936935409648078
3097,10385623,22/23,2022-09-18,7,10,West Ham United,Everton,away,0.07421428571428572,0.11176689,0.037552603977067125
3098,10385648,22/23,2022-10-01,17,8,Arsenal,Tottenham Hotspur,home,0.11145454545454546,0.11735833,0.005903781457380811
3098,10385648,22/23,2022-10-01,8,17,Tottenham Hotspur,Arsenal,away,0.2249,0.11984626,-0.10505373796224593
3099,10385659,22/23,2022-10-01,19,2275,Liverpool FC,Brighton & Hove Albion,home,0.09809333333333334,0.11537686,0.017283526570002233
3099,10385659,22/23,2022-10-01,2275,19,Brighton & Hove Albion,Liverpool FC,away,0.22825,0.11934645,-0.10890355271100999
3100,10385629,22/23,2022-10-01,18,24,Crystal Palace,Chelsea,home,0.062157142857142855,0.110542685,0.048385541936329435
3100,10385629,22/23,2022-10-01,24,18,Chelsea,Crystal Palace,away,0.08759230769230769,0.11411451,0.026522200340491076
3101,10385657,22/23,2022-10-01,20,10,Southampton,Everton,home,0.07988636363636363,0.11142992,0.03154355864633214
3101,10385657,22/23,2022-10-01,10,20,Everton,Southampton,away,0.165675,0.11232332,-0.05335167859792708
3102,10385749,22/23,2022-10-01,3027,21,Fulham,Newcastle United,home,0.15593333333333334,0.110998005,-0.04493532865842184
3102,10385749,22/23,2022-10-01,21,3027,Newcastle United,Fulham,away,0.1880421052631579,0.114456214,-0.07358589125244241
3103,10385748,22/23,2022-10-01,769,5301,Bournemouth,Brentford,home,0.05447142857142857,0.109971605,0.0555001766698701
3103,10385748,22/23,2022-10-01,5301,769,Brentford,Bournemouth,away,0.06676923076923078,0.1136173,0.04684807021801288
3104,10385661,22/23,2022-10-01,7,3033,West Ham United,Wolverhampton,home,0.05087222222222222,0.11198148,0.06110925909148322
3104,10385661,22/23,2022-10-01,3033,7,Wolverhampton,West Ham United,away,0.04934,0.112972334,0.06363233402729035
3105,10385656,22/23,2022-10-02,22,1,Manchester City,Manchester United,home,0.15499545454545455,0.12019559,-0.03479986458583312
3105,10385656,22/23,2022-10-02,1,22,Manchester United,Manchester City,away,0.14319166666666666,0.11672632,-0.02646535015503565
3106,10385642,22/23,2022-10-02,4546,12,Leeds United,Aston Villa,home,0.061649999999999996,0.110453084,0.04880308411121369
3106,10385642,22/23,2022-10-02,12,4546,Aston Villa,Leeds United,away,0.12097368421052632,0.112786755,-0.008186929244744151
3107,10385631,22/23,2022-10-03,9,6072,Leicester City,Nottingham Forest,home,0.07791764705882352,0.114077546,0.036159898643633906
3107,10385631,22/23,2022-10-03,6072,9,Nottingham Forest,Leicester City,away,0.11613,0.1135223,-0.0026077013659477205
3108,10385695,22/23,2022-10-08,22,20,Manchester City,Southampton,home,0.1186095238095238,0.119638205,0.0010286807650611574
3108,10385695,22/23,2022-10-08,20,22,Southampton,Manchester City,away,0.03122,0.11047086,0.07925086119651795
3109,10385760,22/23,2022-10-08,24,3033,Chelsea,Wolverhampton,home,0.095255,0.11315281,0.017897809441089624
3109,10385760,22/23,2022-10-08,3033,24,Wolverhampton,Chelsea,away,0.1393375,0.11162008,-0.027717416548728946
3110,10385649,22/23,2022-10-08,769,9,Bournemouth,Leicester City,home,0.11358,0.109662466,-0.003917534248828888
3110,10385649,22/23,2022-10-08,9,769,Leicester City,Bournemouth,away,0.11964444444444444,0.114375524,-0.005268920221593643
3111,10385689,22/23,2022-10-08,21,5301,Newcastle United,Brentford,home,0.09565625,0.11488264,0.019226390540599825
3111,10385689,22/23,2022-10-08,5301,21,Brentford,Newcastle United,away,0.19791666666666666,0.112499915,-0.08541675160328546
3112,10385653,22/23,2022-10-08,2275,8,Brighton & Hove Albion,Tottenham Hotspur,home,0.05122142857142857,0.11579615,0.06457472020557949
3112,10385653,22/23,2022-10-08,8,2275,Tottenham Hotspur,Brighton & Hove Albion,away,0.0988625,0.11715621,0.018293707561492914
3113,10385687,22/23,2022-10-09,7,3027,West Ham United,Fulham,home,0.1828,0.112744205,-0.07005579530000686
3113,10385687,22/23,2022-10-09,3027,7,Fulham,West Ham United,away,0.0872125,0.110426925,0.023214425122737886
3114,10385686,22/23,2022-10-09,18,4546,Crystal Palace,Leeds United,home,0.0829923076923077,0.110177755,0.027185447663527262
3114,10385686,22/23,2022-10-09,4546,18,Leeds United,Crystal Palace,away,0.09808,0.11265745,0.014577450139522552
3115,10385644,22/23,2022-10-09,17,19,Arsenal,Liverpool FC,home,0.2873545454545455,0.117618114,-0.16973643169836566
3115,10385644,22/23,2022-10-09,19,17,Liverpool FC,Arsenal,away,0.1412125,0.11635889,-0.024853608870506277
3116,10385762,22/23,2022-10-09,10,1,Everton,Manchester United,home,0.05882727272727273,0.112477206,0.05364993296644904
3116,10385762,22/23,2022-10-09,1,10,Manchester United,Everton,away,0.12090833333333334,0.115734614,-0.005173718901475277
3117,10385761,22/23,2022-10-10,6072,12,Nottingham Forest,Aston Villa,home,0.050916666666666666,0.11355865,0.062641983350118
3117,10385761,22/23,2022-10-10,12,6072,Aston Villa,Nottingham Forest,away,0.057625,0.11396775,0.05634274649620056
3118,10385682,22/23,2022-10-14,5301,2275,Brentford,Brighton & Hove Albion,home,0.2094,0.11358137,-0.09581863316297531
3118,10385682,22/23,2022-10-14,2275,5301,Brighton & Hove Albion,Brentford,away,0.09281428571428571,0.11548036,0.022666077654702327
3119,10385704,22/23,2022-10-15,9,18,Leicester City,Crystal Palace,home,0.07360714285714286,0.11383675,0.04022960753100259
3119,10385704,22/23,2022-10-15,18,9,Crystal Palace,Leicester City,away,0.0491125,0.110177755,0.06106525535583496
3120,10385705,22/23,2022-10-15,3033,6072,Wolverhampton,Nottingham Forest,home,0.14665555555555557,0.1158136,-0.030841957518789515
3120,10385705,22/23,2022-10-15,6072,3033,Nottingham Forest,Wolverhampton,away,0.14851,0.11196563,-0.03654437352180481
3121,10385696,22/23,2022-10-15,3027,769,Fulham,Bournemouth,home,0.11190526315789473,0.110426925,-0.0014783380351568454
3121,10385696,22/23,2022-10-15,769,3027,Bournemouth,Fulham,away,0.10819,0.11186179,0.0036717877364158685
3122,10385753,22/23,2022-10-15,8,10,Tottenham Hotspur,Everton,home,0.10874761904761905,0.11465462,0.005907003924392515
3122,10385753,22/23,2022-10-15,10,8,Everton,Tottenham Hotspur,away,0.10675,0.11218945,0.0054394493699073815
3123,10385693,22/23,2022-10-16,1,21,Manchester United,Newcastle United,home,0.05469333333333333,0.11509833,0.06040499406496684
3123,10385693,22/23,2022-10-16,21,1,Newcastle United,Manchester United,away,0.10087777777777777,0.11662874,0.015750965930355923
3124,10385680,22/23,2022-10-16,12,24,Aston Villa,Chelsea,home,0.09983333333333333,0.11396775,0.014134413162867232
3124,10385680,22/23,2022-10-16,24,12,Chelsea,Aston Villa,away,0.1082375,0.11583224,0.007594739389419555
3125,10385700,22/23,2022-10-16,4546,17,Leeds United,Arsenal,home,0.11594375,0.112851135,-0.003092614567279814
3125,10385700,22/23,2022-10-16,17,4546,Arsenal,Leeds United,away,0.06105555555555556,0.11684744,0.055791885044839645
3126,10385692,22/23,2022-10-16,20,7,Southampton,West Ham United,home,0.04565,0.11009054,0.06444053885936737
3126,10385692,22/23,2022-10-16,7,20,West Ham United,Southampton,away,0.067208,0.11220829,0.045000291888236996
3127,10385752,22/23,2022-10-16,19,22,Liverpool FC,Manchester City,home,0.15923076923076923,0.11585365,-0.04337711687271412
3127,10385752,22/23,2022-10-16,22,19,Manchester City,Liverpool FC,away,0.061275,0.11808373,0.056808730340003964
3128,10385713,22/23,2022-10-18,2275,6072,Brighton & Hove Albion,Nottingham Forest,home,0.08927368421052631,0.11548036,0.026206679158461726
3129,10385707,22/23,2022-10-18,18,3033,Crystal Palace,Wolverhampton,home,0.08571428571428572,0.109971605,0.02425731952701296
3129,10385707,22/23,2022-10-18,3033,18,Wolverhampton,Crystal Palace,away,0.0843,0.11423779,0.029937792789936066
3130,10385729,22/23,2022-10-19,19,7,Liverpool FC,West Ham United,home,0.07964545454545455,0.114781804,0.03513634983734651
3130,10385729,22/23,2022-10-19,7,19,West Ham United,Liverpool FC,away,0.2302,0.11740783,-0.11279217143058776
3131,10385718,22/23,2022-10-19,5301,24,Brentford,Chelsea,home,0.1566375,0.11357859,-0.04305891222953798
3131,10385718,22/23,2022-10-19,24,5301,Chelsea,Brentford,away,0.06172142857142857,0.11383731,0.05211588061026164
3132,10385715,22/23,2022-10-19,21,10,Newcastle United,Everton,home,0.091275,0.11644256,0.025167561149597173
3133,10385755,22/23,2022-10-19,769,20,Bournemouth,Southampton,home,0.06949999999999999,0.110426925,0.04092692512273789
3133,10385755,22/23,2022-10-19,20,769,Southampton,Bournemouth,away,0.11477777777777777,0.10922456,-0.005553219901190856
3134,10385725,22/23,2022-10-19,1,8,Manchester United,Tottenham Hotspur,home,0.05752857142857143,0.11485882,0.05733024960586003
3134,10385725,22/23,2022-10-19,8,1,Tottenham Hotspur,Manchester United,away,0.0713,0.11688413,0.04558412725925445
3135,10385708,22/23,2022-10-20,3027,12,Fulham,Aston Villa,home,0.12158888888888889,0.111132056,-0.010456833367877533
3135,10385708,22/23,2022-10-20,12,3027,Aston Villa,Fulham,away,0.09664166666666667,0.11510136,0.01845969311793645
3136,10385706,22/23,2022-10-20,9,4546,Leicester City,Leeds United,home,0.15798,0.11418294,-0.0437970583844185
3136,10385706,22/23,2022-10-20,4546,9,Leeds United,Leicester City,away,0.09507142857142857,0.111712635,0.016641205992017474
3137,10385728,22/23,2022-10-22,6072,19,Nottingham Forest,Liverpool FC,home,0.18523,0.115445055,-0.06978494493246079
3137,10385728,22/23,2022-10-22,19,6072,Liverpool FC,Nottingham Forest,away,0.11068666666666667,0.11864061,0.007953942418893176
3138,10385730,22/23,2022-10-22,22,2275,Manchester City,Brighton & Hove Albion,home,0.16268,0.1180117,-0.044668301873207084
3138,10385730,22/23,2022-10-22,2275,22,Brighton & Hove Albion,Manchester City,away,0.0660125,0.116628416,0.05061591588258743
3139,10385721,22/23,2022-10-22,10,18,Everton,Crystal Palace,home,0.17327777777777778,0.11332132,-0.059956458555327524
3139,10385721,22/23,2022-10-22,18,10,Crystal Palace,Everton,away,0.10511111111111111,0.109971605,0.004860494130187562
3140,10385751,22/23,2022-10-22,24,1,Chelsea,Manchester United,home,0.17735,0.11472225,-0.06262774810791016
3140,10385751,22/23,2022-10-22,1,24,Manchester United,Chelsea,away,0.06450769230769231,0.11545187,0.05094418004109309
3141,10385368,22/23,2022-10-23,20,17,Southampton,Arsenal,home,0.06738,0.11169357,0.04431356852769852
3141,10385368,22/23,2022-10-23,17,20,Arsenal,Southampton,away,0.08288333333333334,0.11891574,0.036032403341929115
3142,10385361,22/23,2022-10-23,3033,9,Wolverhampton,Leicester City,home,0.10279523809523809,0.11103381,0.008238574070022223
3142,10385361,22/23,2022-10-23,9,3033,Leicester City,Wolverhampton,away,0.1783,0.12239112,-0.05590888040065764
3143,10385754,22/23,2022-10-23,4546,3027,Leeds United,Fulham,home,0.12215714285714285,0.11913375,-0.0030233947430338137
3143,10385754,22/23,2022-10-23,3027,4546,Fulham,Leeds United,away,0.16812727272727274,0.121446095,-0.04668117732026361
3144,10385732,22/23,2022-10-23,12,5301,Aston Villa,Brentford,home,0.1524578947368421,0.1214158,-0.031042093390540065
3144,10385732,22/23,2022-10-23,5301,12,Brentford,Aston Villa,away,0.07933333333333334,0.11282745,0.033494116703669224
3145,10385365,22/23,2022-10-23,8,21,Tottenham Hotspur,Newcastle United,home,0.0971529411764706,0.11777716,0.020624220123711748
3145,10385365,22/23,2022-10-23,21,8,Newcastle United,Tottenham Hotspur,away,0.09267692307692307,0.11597143,0.023294508059208213
3146,10385359,22/23,2022-10-24,7,769,West Ham United,Bournemouth,home,0.095095,0.114861324,0.019766324429512025
3146,10385359,22/23,2022-10-24,769,7,Bournemouth,West Ham United,away,0.07732,0.11072405,0.03340404682636261
3147,10385380,22/23,2022-10-29,9,22,Leicester City,Manchester City,home,0.07054,0.1133809,0.04284090151548385
3147,10385380,22/23,2022-10-29,22,9,Manchester City,Leicester City,away,0.06854,0.1180117,0.049471698126792904
3148,10385363,22/23,2022-10-29,2275,24,Brighton & Hove Albion,Chelsea,home,0.13117894736842106,0.11578187,-0.015397073903836711
3148,10385363,22/23,2022-10-29,24,2275,Chelsea,Brighton & Hove Albion,away,0.09287333333333334,0.114282876,0.021409542919794716
3149,10385366,22/23,2022-10-29,769,8,Bournemouth,Tottenham Hotspur,home,0.08935,0.1109302,0.021580196940898896
3149,10385366,22/23,2022-10-29,8,769,Tottenham Hotspur,Bournemouth,away,0.0929695652173913,0.114995636,0.022026070828541466
3150,10385362,22/23,2022-10-29,21,12,Newcastle United,Aston Villa,home,0.17495,0.117869996,-0.05708000446557998
3150,10385362,22/23,2022-10-29,12,21,Aston Villa,Newcastle United,away,0.12226666666666666,0.11650674,-0.0057599262158075926
3151,10385367,22/23,2022-10-29,5301,3033,Brentford,Wolverhampton,home,0.117825,0.11293668,-0.0048883170008659355
3151,10385367,22/23,2022-10-29,3033,5301,Wolverhampton,Brentford,away,0.046823076923076926,0.11274397,0.0659208893583371
3152,10385377,22/23,2022-10-29,18,20,Crystal Palace,Southampton,home,0.0743,0.11065626,0.03635626144409179
3152,10385377,22/23,2022-10-29,20,18,Southampton,Crystal Palace,away,0.09393571428571429,0.111405484,0.01746977009262357
3153,10385378,22/23,2022-10-29,3027,10,Fulham,Everton,home,0.080575,0.11225228,0.031677280116081244
3153,10385378,22/23,2022-10-29,10,3027,Everton,Fulham,away,0.10416666666666667,0.11152589,0.007359226544698075
3154,10385373,22/23,2022-10-29,19,4546,Liverpool FC,Leeds United,home,0.07904545454545454,0.118861385,0.03981593014435335
3154,10385373,22/23,2022-10-29,4546,19,Leeds United,Liverpool FC,away,0.12660714285714286,0.11187234,-0.014734805098601755
3155,10385364,22/23,2022-10-30,17,6072,Arsenal,Nottingham Forest,home,0.09705,0.11723078,0.020180780422687533
3155,10385364,22/23,2022-10-30,6072,17,Nottingham Forest,Arsenal,away,0.08626,0.11115301,0.0248930065536499
3156,10385360,22/23,2022-10-30,1,7,Manchester United,West Ham United,home,0.07724375,0.11459743,0.03735368231534958
3156,10385360,22/23,2022-10-30,7,1,West Ham United,Manchester United,away,0.08309230769230769,0.11276638,0.02967406993554189
3157,10385385,22/23,2022-11-05,22,3027,Manchester City,Fulham,home,0.13005624999999998,0.11778723,-0.012269022965431198
3157,10385385,22/23,2022-11-05,3027,22,Fulham,Manchester City,away,0.237925,0.11831573,-0.11960927348136902
3158,10385374,22/23,2022-11-05,3033,2275,Wolverhampton,Brighton & Hove Albion,home,0.1533875,0.11082085,-0.04256664777994157
3158,10385374,22/23,2022-11-05,2275,3033,Brighton & Hove Albion,Wolverhampton,away,0.08239473684210526,0.11585952,0.033464786573460234
3159,10385384,22/23,2022-11-05,4546,769,Leeds United,Bournemouth,home,0.12005,0.11170199,-0.008348012316226963
3159,10385384,22/23,2022-11-05,769,4546,Bournemouth,Leeds United,away,0.16432222222222223,0.1109302,-0.053392025281323335
3160,10385388,22/23,2022-11-05,6072,5301,Nottingham Forest,Brentford,home,0.09851333333333333,0.110426925,0.011913591789404557
3160,10385388,22/23,2022-11-05,5301,6072,Brentford,Nottingham Forest,away,0.2427,0.11293668,-0.12976331700086594
3161,10385390,22/23,2022-11-05,10,9,Everton,Leicester City,home,0.10326666666666667,0.11126768,0.008001011772950484
3161,10385390,22/23,2022-11-05,9,10,Leicester City,Everton,away,0.10744090909090909,0.115448765,0.008007856365767396
3162,10385376,22/23,2022-11-06,24,17,Chelsea,Arsenal,home,0.0583,0.11498941,0.056689407360553744
3162,10385376,22/23,2022-11-06,17,24,Arsenal,Chelsea,away,0.16097142857142857,0.11768187,-0.043289560197080884
3163,10385379,22/23,2022-11-06,12,1,Aston Villa,Manchester United,home,0.11018333333333333,0.11473994,0.004556606237093613
3163,10385379,22/23,2022-11-06,1,12,Manchester United,Aston Villa,away,0.06475,0.114273414,0.049523414015769956
3164,10385372,22/23,2022-11-06,7,18,West Ham United,Crystal Palace,home,0.05236,0.11281718,0.060457183136940006
3164,10385372,22/23,2022-11-06,18,7,Crystal Palace,West Ham United,away,0.06810666666666666,0.11075208,0.04264541669448217
3165,10385371,22/23,2022-11-06,20,21,Southampton,Newcastle United,home,0.10904375,0.11321967,0.00417592095136643
3165,10385371,22/23,2022-11-06,21,20,Newcastle United,Southampton,away,0.12281428571428571,0.1183489,-0.004465389210837223
3166,10385375,22/23,2022-11-06,8,19,Tottenham Hotspur,Liverpool FC,home,0.0861,0.11790361,0.03180361255407334
3166,10385375,22/23,2022-11-06,19,8,Liverpool FC,Tottenham Hotspur,away,0.0911,0.11879904,0.027699038231372833
3167,10385383,22/23,2022-11-12,22,5301,Manchester City,Brentford,home,0.055441379310344825,0.11790361,0.06246223324372851
3167,10385383,22/23,2022-11-12,5301,22,Brentford,Manchester City,away,0.12861999999999998,0.112814136,-0.015805864150524124
3168,10385400,22/23,2022-11-12,19,20,Liverpool FC,Southampton,home,0.1298,0.11656961,-0.013230391550064086
3168,10385400,22/23,2022-11-12,20,19,Southampton,Liverpool FC,away,0.11702222222222222,0.113788374,-0.0032338484538926016
3169,10385387,22/23,2022-11-12,8,4546,Tottenham Hotspur,Leeds United,home,0.12935,0.117776595,-0.011573404943943016
3169,10385387,22/23,2022-11-12,4546,8,Leeds United,Tottenham Hotspur,away,0.093125,0.11176474,0.018639736473560334
3170,10385395,22/23,2022-11-12,7,9,West Ham United,Leicester City,home,0.07779444444444444,0.11279377,0.034999328968260024
3170,10385395,22/23,2022-11-12,9,7,Leicester City,West Ham United,away,0.19733333333333333,0.11515749,-0.08217584087451299
3171,10385386,22/23,2022-11-12,769,10,Bournemouth,Everton,home,0.158375,0.10973985,-0.048635152518749225
3171,10385386,22/23,2022-11-12,10,769,Everton,Bournemouth,away,0.05516666666666667,0.11094475,0.05577808125813802
3172,10385382,22/23,2022-11-12,6072,18,Nottingham Forest,Crystal Palace,home,0.12752222222222223,0.11092326,-0.016598961771859072
3172,10385382,22/23,2022-11-12,18,6072,Crystal Palace,Nottingham Forest,away,0.1538375,0.11338133,-0.04045616635084151
3173,10385381,22/23,2022-11-12,21,24,Newcastle United,Chelsea,home,0.10677,0.11930263,0.012532630424499508
3173,10385381,22/23,2022-11-12,24,21,Chelsea,Newcastle United,away,0.05916,0.115793355,0.05663335480928421
3174,10385393,22/23,2022-11-12,3033,17,Wolverhampton,Arsenal,home,0.06174545454545455,0.11120839,0.04946293217377229
3174,10385393,22/23,2022-11-12,17,3033,Arsenal,Wolverhampton,away,0.1521357142857143,0.119247705,-0.0328880095413753
3175,10385389,22/23,2022-11-13,2275,12,Brighton & Hove Albion,Aston Villa,home,0.09372857142857142,0.11585952,0.022130951986994066
3175,10385389,22/23,2022-11-13,12,2275,Aston Villa,Brighton & Hove Albion,away,0.186025,0.11521085,-0.07081414648294448
3176,10385399,22/23,2022-11-13,3027,1,Fulham,Manchester United,home,0.09795,0.112376444,0.014426444041728978
3176,10385399,22/23,2022-11-13,1,3027,Manchester United,Fulham,away,0.18544285714285713,0.115278274,-0.07016458332198006
3177,10385397,22/23,2022-12-26,5301,8,Brentford,Tottenham Hotspur,home,0.24172222222222223,0.11630596,-0.12541626001728906
3177,10385397,22/23,2022-12-26,8,5301,Tottenham Hotspur,Brentford,away,0.07124666666666667,0.11803972,0.04679305309375127
3178,10385406,22/23,2022-12-26,9,21,Leicester City,Newcastle United,home,0.0645125,0.11565651,0.05114400999546051
3178,10385406,22/23,2022-12-26,21,9,Newcastle United,Leicester City,away,0.15849166666666667,0.12078777,-0.03770389711062114
3179,10385391,22/23,2022-12-26,10,3033,Everton,Wolverhampton,home,0.14493333333333333,0.11325584,-0.03167748981316884
3179,10385391,22/23,2022-12-26,3033,10,Wolverhampton,Everton,away,0.11204285714285714,0.110027395,-0.0020154619540486973
3180,10385394,22/23,2022-12-26,18,3027,Crystal Palace,Fulham,home,0.09995,0.111737415,0.011787415194511416
3180,10385394,22/23,2022-12-26,3027,18,Fulham,Crystal Palace,away,0.11515217391304348,0.11286936,-0.0022828143601832246
3181,10385404,22/23,2022-12-26,20,2275,Southampton,Brighton & Hove Albion,home,0.13672142857142858,0.11394715,-0.022774275479997913
3181,10385404,22/23,2022-12-26,2275,20,Brighton & Hove Albion,Southampton,away,0.09155714285714285,0.11625099,0.02469384896414621
3182,10385398,22/23,2022-12-26,12,19,Aston Villa,Liverpool FC,home,0.11963333333333333,0.11370483,-0.005928502925237014
3182,10385398,22/23,2022-12-26,19,12,Liverpool FC,Aston Villa,away,0.16915625,0.11721442,-0.05194183105230332
3183,10385396,22/23,2022-12-26,17,7,Arsenal,West Ham United,home,0.13760625,0.11960633,-0.017999919009208692
3183,10385396,22/23,2022-12-26,7,17,West Ham United,Arsenal,away,0.1297625,0.11236735,-0.017395153117179873
3184,10385392,22/23,2022-12-27,24,769,Chelsea,Bournemouth,home,0.12275333333333334,0.10967988,-0.013073455575307216
3184,10385392,22/23,2022-12-27,769,24,Bournemouth,Chelsea,away,0.05967777777777778,0.11374348,0.054065698791874776
3185,10385401,22/23,2022-12-27,1,6072,Manchester United,Nottingham Forest,home,0.1468529411764706,0.115274705,-0.031578236183699454
3185,10385401,22/23,2022-12-27,6072,1,Nottingham Forest,Manchester United,away,0.0941375,0.11044684,0.016309340524673463
3186,10385403,22/23,2022-12-28,4546,22,Leeds United,Manchester City,home,0.06493333333333333,0.11106334,0.046130005482832595
3186,10385403,22/23,2022-12-28,22,4546,Manchester City,Leeds United,away,0.17249615384615385,0.118570685,-0.05392546845949614
3187,10385402,22/23,2022-12-30,7,5301,West Ham United,Brentford,home,0.06475,0.112489894,0.04773989403247833
3187,10385402,22/23,2022-12-30,5301,7,Brentford,West Ham United,away,0.19957777777777777,0.1169384,-0.08263938048945532
3188,10385405,22/23,2022-12-30,19,9,Liverpool FC,Leicester City,home,0.1069952380952381,0.119408004,0.012412765890643704
3188,10385405,22/23,2022-12-30,9,19,Leicester City,Liverpool FC,away,0.1417,0.11445485,-0.027245149445533745
3189,10385408,22/23,2022-12-31,3033,1,Wolverhampton,Manchester United,home,0.06676,0.110233545,0.04347354530334473
3189,10385408,22/23,2022-12-31,1,3033,Manchester United,Wolverhampton,away,0.1233125,0.11787986,-0.005432639896869665
3190,10385418,22/23,2022-12-31,22,10,Manchester City,Everton,home,0.1137875,0.11915378,0.005366282725334168
3191,10385413,22/23,2022-12-31,21,4546,Newcastle United,Leeds United,home,0.13606875,0.11953132,-0.016537431454658497
3191,10385413,22/23,2022-12-31,4546,21,Leeds United,Newcastle United,away,0.04785,0.11347059,0.06562059160470962
3192,10385407,22/23,2022-12-31,3027,20,Fulham,Southampton,home,0.189925,0.116152436,-0.07377256445884706
3192,10385407,22/23,2022-12-31,20,3027,Southampton,Fulham,away,0.09582222222222223,0.11504819,0.019225970219241245
3193,10385410,22/23,2022-12-31,769,18,Bournemouth,Crystal Palace,home,0.09873333333333334,0.11060111,0.011867778913180027
3193,10385410,22/23,2022-12-31,18,769,Crystal Palace,Bournemouth,away,0.11058,0.10967988,-0.0009001222419738747
3194,10385409,22/23,2022-12-31,2275,17,Brighton & Hove Albion,Arsenal,home,0.13002222222222223,0.118566714,-0.011455507995022679
3194,10385409,22/23,2022-12-31,17,2275,Arsenal,Brighton & Hove Albion,away,0.2156857142857143,0.11960633,-0.09607938329492297
3195,10385414,22/23,2023-01-01,8,12,Tottenham Hotspur,Aston Villa,home,0.10971666666666667,0.11562656,0.005909891994794206
3195,10385414,22/23,2023-01-01,12,8,Aston Villa,Tottenham Hotspur,away,0.08020769230769231,0.11468446,0.03447677023960993
3196,10385412,22/23,2023-01-01,6072,24,Nottingham Forest,Chelsea,home,0.11924166666666666,0.110688865,-0.008552801481882727
3196,10385412,22/23,2023-01-01,24,6072,Chelsea,Nottingham Forest,away,0.135,0.11095854,-0.024041461050510415
3197,10385428,22/23,2023-01-02,5301,19,Brentford,Liverpool FC,home,0.23117000000000001,0.12054258,-0.11062742160081865
3197,10385428,22/23,2023-01-02,19,5301,Liverpool FC,Brentford,away,0.124725,0.11878966,-0.005935342049598696
3198,10385416,22/23,2023-01-03,17,21,Arsenal,Newcastle United,home,0.06573529411764706,0.119247705,0.05351241062669193
3198,10385416,22/23,2023-01-03,21,17,Newcastle United,Arsenal,away,0.13272499999999998,0.118948005,-0.013776994860172254
3199,10385419,22/23,2023-01-03,9,3027,Leicester City,Fulham,home,0.11334,0.11480163,0.001461630377769474
3199,10385419,22/23,2023-01-03,3027,9,Fulham,Leicester City,away,0.15316363636363636,0.11593025,-0.037233384586464274
3200,10385421,22/23,2023-01-03,10,2275,Everton,Brighton & Hove Albion,home,0.12871,0.11169357,-0.017016431472301474
3200,10385421,22/23,2023-01-03,2275,10,Brighton & Hove Albion,Everton,away,0.11434736842105263,0.117261246,0.002913877425695724
3201,10385415,22/23,2023-01-03,1,769,Manchester United,Bournemouth,home,0.12540555555555555,0.11815684,-0.007248712668153967
3201,10385415,22/23,2023-01-03,769,1,Bournemouth,Manchester United,away,0.08222857142857143,0.11133614,0.02910757039615086
3202,10385411,22/23,2023-01-04,20,6072,Southampton,Nottingham Forest,home,0.0611625,0.116799,0.055636496925354
3202,10385411,22/23,2023-01-04,6072,20,Nottingham Forest,Southampton,away,0.12702727272727274,0.110323936,-0.016703336980126132
3203,10385417,22/23,2023-01-04,4546,7,Leeds United,West Ham United,home,0.11582857142857143,0.112768665,-0.003059906472478599
3203,10385417,22/23,2023-01-04,7,4546,West Ham United,Leeds United,away,0.09508666666666667,0.11441134,0.019324672497113546
3204,10385424,22/23,2023-01-04,18,8,Crystal Palace,Tottenham Hotspur,home,0.04346315789473684,0.11064424,0.06718108576285212
3204,10385424,22/23,2023-01-04,8,18,Tottenham Hotspur,Crystal Palace,away,0.09905714285714286,0.11452685,0.015469710108212062
3205,10385420,22/23,2023-01-04,12,3033,Aston Villa,Wolverhampton,home,0.13783076923076923,0.115930796,-0.021899973561213565
3205,10385420,22/23,2023-01-04,3033,12,Wolverhampton,Aston Villa,away,0.10069,0.110923454,0.010233454165458677
3206,10385429,22/23,2023-01-05,24,22,Chelsea,Manchester City,home,0.051425,0.112086415,0.06066141529083252
3206,10385429,22/23,2023-01-05,22,24,Manchester City,Chelsea,away,0.16705833333333334,0.11879516,-0.0482631768544515
3207,10913240,22/23,2023-01-12,3027,24,Fulham,Chelsea,home,0.1228625,0.11321665,-0.009645846533775329
3207,10913240,22/23,2023-01-12,24,3027,Chelsea,Fulham,away,0.109455,0.11355739,0.004102390868663791
3208,10385423,22/23,2023-01-13,12,4546,Aston Villa,Leeds United,home,0.11410909090909091,0.11587845,0.0017693569811907672
3208,10385423,22/23,2023-01-13,4546,12,Leeds United,Aston Villa,away,0.15725,0.11319674,-0.04405326193571091
3209,10385426,22/23,2023-01-14,1,22,Manchester United,Manchester City,home,0.2146625,0.11771269,-0.09694980857372285
3209,10385426,22/23,2023-01-14,22,1,Manchester City,Manchester United,away,0.13,0.11972707,-0.010272932350635533
3210,10385436,22/23,2023-01-14,2275,19,Brighton & Hove Albion,Liverpool FC,home,0.12105,0.11519111,-0.0058588905215263415
3210,10385436,22/23,2023-01-14,19,2275,Liverpool FC,Brighton & Hove Albion,away,0.17431666666666668,0.11927405,-0.05504261666933696
3211,10385425,22/23,2023-01-14,6072,9,Nottingham Forest,Leicester City,home,0.15738,0.11166371,-0.045716293399333946
3211,10385425,22/23,2023-01-14,9,6072,Leicester City,Nottingham Forest,away,0.17003333333333334,0.11489346,-0.055139874549706785
3212,10385438,22/23,2023-01-14,3033,7,Wolverhampton,West Ham United,home,0.05173529411764706,0.11016574,0.05843044345168506
3212,10385438,22/23,2023-01-14,7,3033,West Ham United,Wolverhampton,away,0.067525,0.11273053,0.04520553288459778
3213,10385422,22/23,2023-01-14,10,20,Everton,Southampton,home,0.114475,0.11169357,-0.0027814314723014766
3213,10385422,22/23,2023-01-14,20,10,Southampton,Everton,away,0.09183846153846154,0.11271579,0.02087732664713493
3214,10385439,22/23,2023-01-14,5301,769,Brentford,Bournemouth,home,0.116325,0.11915683,0.0028318300127983115
3214,10385439,22/23,2023-01-14,769,5301,Bournemouth,Brentford,away,0.08554285714285714,0.110035144,0.0244922866497721
3215,10385435,22/23,2023-01-15,24,18,Chelsea,Crystal Palace,home,0.10116666666666667,0.11929513,0.01812846102317174
3215,10385435,22/23,2023-01-15,18,24,Crystal Palace,Chelsea,away,0.067,0.11064424,0.043644243657588955
3216,10385427,22/23,2023-01-15,21,3027,Newcastle United,Fulham,home,0.11796,0.11704544,-0.000914560220241542
3216,10385427,22/23,2023-01-15,3027,21,Fulham,Newcastle United,away,0.22288,0.1292041,-0.09367590559005737
3217,10385433,22/23,2023-01-15,8,17,Tottenham Hotspur,Arsenal,home,0.09434705882352941,0.11467525,0.02032819480615504
3217,10385433,22/23,2023-01-15,17,8,Arsenal,Tottenham Hotspur,away,0.13210714285714287,0.119247705,-0.012859438112803878
3218,10979293,22/23,2023-01-18,18,1,Crystal Palace,Manchester United,home,0.05295,0.10997498,0.057024980354309085
3218,10979293,22/23,2023-01-18,1,18,Manchester United,Crystal Palace,away,0.13888,0.11714995,-0.0217300509262085
3219,10913242,22/23,2023-01-19,22,8,Manchester City,Tottenham Hotspur,home,0.1481125,0.118989065,-0.029123434710502633
3219,10913242,22/23,2023-01-19,8,22,Tottenham Hotspur,Manchester City,away,0.09002222222222223,0.115417,0.02539478140936957
3220,10385443,22/23,2023-01-21,19,24,Liverpool FC,Chelsea,home,0.09344666666666666,0.11677984,0.02333317481597265
3220,10385443,22/23,2023-01-21,24,19,Chelsea,Liverpool FC,away,0.15043636363636365,0.115268715,-0.035167648910392424
3221,10385434,22/23,2023-01-21,9,2275,Leicester City,Brighton & Hove Albion,home,0.11041111111111111,0.113700055,0.0032889434748225727
3221,10385434,22/23,2023-01-21,2275,9,Brighton & Hove Albion,Leicester City,away,0.16455384615384616,0.117501825,-0.04705202105962314
3222,10385444,22/23,2023-01-21,7,10,West Ham United,Everton,home,0.20671818181818183,0.11457012,-0.09214806333130057
3222,10385444,22/23,2023-01-21,10,7,Everton,West Ham United,away,0.1103,0.112346664,0.0020466640710830736
3223,10385449,22/23,2023-01-21,20,12,Southampton,Aston Villa,home,0.0719125,0.11302186,0.04110935803651809
3223,10385449,22/23,2023-01-21,12,20,Aston Villa,Southampton,away,0.08615625,0.11473994,0.028583689570426937
3224,10385431,22/23,2023-01-21,769,6072,Bournemouth,Nottingham Forest,home,0.08844375,0.11016574,0.02172198756933212
3224,10385431,22/23,2023-01-21,6072,769,Nottingham Forest,Bournemouth,away,0.096715,0.11286329,0.01614828732967377
3225,10385430,22/23,2023-01-21,18,21,Crystal Palace,Newcastle United,home,0.05001666666666667,0.11188447,0.06186780063708623
3225,10385430,22/23,2023-01-21,21,18,Newcastle United,Crystal Palace,away,0.078325,0.11637286,0.03804786096811294
3226,10385445,22/23,2023-01-22,22,3033,Manchester City,Wolverhampton,home,0.21363076923076924,0.121029116,-0.09260165301744755
3226,10385445,22/23,2023-01-22,3033,22,Wolverhampton,Manchester City,away,0.07923,0.11232801,0.03309800781726838
3227,10385432,22/23,2023-01-22,4546,5301,Leeds United,Brentford,home,0.05494444444444444,0.11207196,0.057127516720030046
3227,10385432,22/23,2023-01-22,5301,4546,Brentford,Leeds United,away,0.06673333333333334,0.11565332,0.04891998781363169
3228,10652685,22/23,2023-01-22,17,1,Arsenal,Manchester United,home,0.129972,0.1195329,-0.010439101931571965
3228,10652685,22/23,2023-01-22,1,17,Manchester United,Arsenal,away,0.059583333333333335,0.11763903,0.05805569420258204
3229,10385437,22/23,2023-01-23,3027,8,Fulham,Tottenham Hotspur,home,0.09931,0.11317764,0.013867642226219182
3229,10385437,22/23,2023-01-23,8,3027,Tottenham Hotspur,Fulham,away,0.09111,0.113906205,0.022796204700469974
3230,10385441,22/23,2023-02-03,24,3027,Chelsea,Fulham,home,0.11116666666666666,0.11522258,0.004055914064248406
3230,10385441,22/23,2023-02-03,3027,24,Fulham,Chelsea,away,0.06475,0.11173649,0.04698649132251739
3231,10385450,22/23,2023-02-04,10,17,Everton,Arsenal,home,0.13919166666666666,0.112346664,-0.02684500259558359
3231,10385450,22/23,2023-02-04,17,10,Arsenal,Everton,away,0.06102,0.119370304,0.05835030404806137
3232,10688772,22/23,2023-02-04,1,18,Manchester United,Crystal Palace,home,0.14732142857142858,0.11606567,-0.0312557550413268
3232,10688772,22/23,2023-02-04,18,1,Crystal Palace,Manchester United,away,0.13644,0.11084387,-0.025596132936477667
3233,10385454,22/23,2023-02-04,3033,19,Wolverhampton,Liverpool FC,home,0.17084166666666667,0.109971605,-0.060870061425367994
3233,10385454,22/23,2023-02-04,19,3033,Liverpool FC,Wolverhampton,away,0.08887272727272727,0.11747271,0.028599980952522974
3234,10385448,22/23,2023-02-04,12,9,Aston Villa,Leicester City,home,0.09051052631578947,0.11562275,0.025112225098986377
3234,10385448,22/23,2023-02-04,9,12,Leicester City,Aston Villa,away,0.28515555555555555,0.11417164,-0.17098391647073957
3235,10385440,22/23,2023-02-04,2275,769,Brighton & Hove Albion,Bournemouth,home,0.126015,0.11759365,-0.00842134649991988
3235,10385440,22/23,2023-02-04,769,2275,Bournemouth,Brighton & Hove Albion,away,0.09850833333333334,0.11189972,0.013391385308901466
3236,10385446,22/23,2023-02-04,5301,20,Brentford,Southampton,home,0.15550714285714284,0.11644734,-0.03905980588538305
3236,10385446,22/23,2023-02-04,20,5301,Southampton,Brentford,away,0.04743571428571428,0.11190391,0.0644681990333966
3237,10385458,22/23,2023-02-04,21,7,Newcastle United,West Ham United,home,0.1257,0.116105385,-0.009594614875316626
3237,10385458,22/23,2023-02-04,7,21,West Ham United,Newcastle United,away,0.10079,0.11550843,0.014718429706096645
3238,10385459,22/23,2023-02-05,6072,4546,Nottingham Forest,Leeds United,home,0.06506666666666666,0.11286329,0.047796620663007106
3238,10385459,22/23,2023-02-05,4546,6072,Leeds United,Nottingham Forest,away,0.08899,0.11048986,0.0214998601770401
3239,10385442,22/23,2023-02-05,8,22,Tottenham Hotspur,Manchester City,home,0.1217,0.11436489,-0.007335107755661013
3239,10385442,22/23,2023-02-05,22,8,Manchester City,Tottenham Hotspur,away,0.08812,0.11849199,0.030371992354393
3240,11007089,22/23,2023-02-08,1,4546,Manchester United,Leeds United,home,0.08514166666666667,0.11668092,0.031539253457387284
3240,11007089,22/23,2023-02-08,4546,1,Leeds United,Manchester United,away,0.0792625,0.11074556,0.03148305665254593
3241,10385467,22/23,2023-02-11,7,24,West Ham United,Chelsea,home,0.12927,0.11708492,-0.012185079593658443
3241,10385467,22/23,2023-02-11,24,7,Chelsea,West Ham United,away,0.09546666666666667,0.11445224,0.018985576184590652
3242,10385451,22/23,2023-02-11,17,5301,Arsenal,Brentford,home,0.06755217391304348,0.11957897,0.052026798545795935
3242,10385451,22/23,2023-02-11,5301,17,Brentford,Arsenal,away,0.22325555555555557,0.11644734,-0.10680821858379577
3243,10385466,22/23,2023-02-11,9,8,Leicester City,Tottenham Hotspur,home,0.11212666666666667,0.11473994,0.0026132729037602748
3243,10385466,22/23,2023-02-11,8,9,Tottenham Hotspur,Leicester City,away,0.12403636363636364,0.114406586,-0.009629777943004264
3244,10385468,22/23,2023-02-11,18,2275,Crystal Palace,Brighton & Hove Albion,home,0.18080000000000002,0.11278333,-0.06801667230129244
3244,10385468,22/23,2023-02-11,2275,18,Brighton & Hove Albion,Crystal Palace,away,0.14679411764705882,0.116030365,-0.03076375241840587
3245,10385461,22/23,2023-02-11,3027,6072,Fulham,Nottingham Forest,home,0.0973375,0.111132056,0.013794555521011359
3245,10385461,22/23,2023-02-11,6072,3027,Nottingham Forest,Fulham,away,0.0658,0.11321735,0.04741734637022019
3246,10385457,22/23,2023-02-11,20,3033,Southampton,Wolverhampton,home,0.06836470588235294,0.119847454,0.05148274824829663
3246,10385457,22/23,2023-02-11,3033,20,Wolverhampton,Southampton,away,0.07574545454545455,0.11206892,0.036323466782136396
3247,10385460,22/23,2023-02-11,769,21,Bournemouth,Newcastle United,home,0.1421818181818182,0.112140514,-0.030041304225271404
3247,10385460,22/23,2023-02-11,21,769,Newcastle United,Bournemouth,away,0.09645333333333334,0.116729654,0.0202763210384051
3248,10385464,22/23,2023-02-12,4546,1,Leeds United,Manchester United,home,0.11465625,0.112391576,-0.0022646738290786755
3248,10385464,22/23,2023-02-12,1,4546,Manchester United,Leeds United,away,0.10162727272727273,0.116452046,0.01482477301142432
3249,10385452,22/23,2023-02-12,22,12,Manchester City,Aston Villa,home,0.19787058823529413,0.11995248,-0.07791811072055033
3249,10385452,22/23,2023-02-12,12,22,Aston Villa,Manchester City,away,0.04566666666666667,0.11473994,0.06907327290376028
3250,10385456,22/23,2023-02-13,19,10,Liverpool FC,Everton,home,0.15559333333333333,0.1174404,-0.03815293082555135
3250,10385456,22/23,2023-02-13,10,19,Everton,Liverpool FC,away,0.0611,0.11336953,0.05226953192949295
3251,10913239,22/23,2023-02-15,17,22,Arsenal,Manchester City,home,0.16418,0.12102091,-0.04315908687591552
3251,10913239,22/23,2023-02-15,22,17,Manchester City,Arsenal,away,0.20595555555555556,0.119710185,-0.08624537092182372
3252,10385462,22/23,2023-02-18,12,17,Aston Villa,Arsenal,home,0.07322857142857143,0.11549181,0.04226323603221348
3252,10385462,22/23,2023-02-18,17,12,Arsenal,Aston Villa,away,0.16421,0.12189827,-0.04231172885656356
3253,10385465,22/23,2023-02-18,6072,22,Nottingham Forest,Manchester City,home,0.237325,0.11782176,-0.11950323952436448
3253,10385465,22/23,2023-02-18,22,6072,Manchester City,Nottingham Forest,away,0.10807391304347826,0.11853935,0.010465435201188797
3254,10385472,22/23,2023-02-18,24,20,Chelsea,Southampton,home,0.0953764705882353,0.117433526,0.022057055033655723
3254,10385472,22/23,2023-02-18,20,24,Southampton,Chelsea,away,0.0764,0.11344437,0.037044373011589055
3255,10385463,22/23,2023-02-18,10,4546,Everton,Leeds United,home,0.10149333333333334,0.112140514,0.010647180623213445
3255,10385463,22/23,2023-02-18,4546,10,Leeds United,Everton,away,0.0670375,0.11313348,0.04609598263502121
3256,10385475,22/23,2023-02-18,2275,3027,Brighton & Hove Albion,Fulham,home,0.10593333333333334,0.117129,0.011195664707819616
3256,10385475,22/23,2023-02-18,3027,2275,Fulham,Brighton & Hove Albion,away,0.0677,0.11114745,0.0434474484205246
3257,10385479,22/23,2023-02-18,3033,769,Wolverhampton,Bournemouth,home,0.08578666666666666,0.11078453,0.024997863972981774
3257,10385479,22/23,2023-02-18,769,3033,Bournemouth,Wolverhampton,away,0.21478,0.11372924,-0.10105076148986816
3258,10385474,22/23,2023-02-18,5301,18,Brentford,Crystal Palace,home,0.07406666666666667,0.11644734,0.04238067030509313
3258,10385474,22/23,2023-02-18,18,5301,Crystal Palace,Brentford,away,0.10907,0.10967988,0.0006098777580261228
3259,10385470,22/23,2023-02-18,21,19,Newcastle United,Liverpool FC,home,0.14565714285714285,0.116729654,-0.028927488485404412
3259,10385470,22/23,2023-02-18,19,21,Liverpool FC,Newcastle United,away,0.14365384615384616,0.11960026,-0.024053587386241332
3260,10652688,22/23,2023-02-19,1,9,Manchester United,Leicester City,home,0.17184615384615384,0.11711954,-0.054726610591778385
3260,10652688,22/23,2023-02-19,9,1,Leicester City,Manchester United,away,0.08572631578947368,0.11482685,0.02910053480361638
3261,10385477,22/23,2023-02-19,8,7,Tottenham Hotspur,West Ham United,home,0.09710625,0.11490292,0.017796671020984645
3261,10385477,22/23,2023-02-19,7,8,West Ham United,Tottenham Hotspur,away,0.08065,0.11677307,0.03612306890487671
3262,10385473,22/23,2023-02-24,3027,3033,Fulham,Wolverhampton,home,0.04598,0.111132056,0.06515205552101136
3262,10385473,22/23,2023-02-24,3033,3027,Wolverhampton,Fulham,away,0.097425,0.11078453,0.01335953063964844
3263,10385480,22/23,2023-02-25,17,9,Arsenal,Leicester City,away,0.06646,0.121205315,0.05474531499385833
3264,10385471,22/23,2023-02-25,10,12,Everton,Aston Villa,home,0.1141,0.11255483,-0.0015451667070388725
3264,10385471,22/23,2023-02-25,12,10,Aston Villa,Everton,away,0.21533333333333332,0.113491885,-0.10184144796927769
3265,10385482,22/23,2023-02-25,7,6072,West Ham United,Nottingham Forest,home,0.15145,0.12111364,-0.030336356949806215
3265,10385482,22/23,2023-02-25,6072,7,Nottingham Forest,West Ham United,away,0.0522125,0.1129285,0.06071600226163864
3266,10385478,22/23,2023-02-25,4546,20,Leeds United,Southampton,home,0.06466428571428572,0.11133311,0.046668823724133626
3266,10385478,22/23,2023-02-25,20,4546,Southampton,Leeds United,away,0.0474125,0.10973985,0.06232734748125076
3267,10385476,22/23,2023-02-25,769,22,Bournemouth,Manchester City,home,0.10125384615384615,0.11391338,0.012659533455738656
3267,10385476,22/23,2023-02-25,22,769,Manchester City,Bournemouth,away,0.125975,0.11921703,-0.00675796929597855
3268,10385486,22/23,2023-02-25,18,19,Crystal Palace,Liverpool FC,home,0.11608333333333333,0.11091124,-0.005172090669473009
3268,10385486,22/23,2023-02-25,19,18,Liverpool FC,Crystal Palace,away,0.07474166666666666,0.119157664,0.0444159978111585
3269,10385488,22/23,2023-02-26,8,24,Tottenham Hotspur,Chelsea,home,0.0999125,0.11490292,0.014990421020984648
3269,10385488,22/23,2023-02-26,24,8,Chelsea,Tottenham Hotspur,away,0.04184,0.113833554,0.07199355408906936
3270,11047751,22/23,2023-03-01,17,10,Arsenal,Everton,home,0.1782,0.12166473,-0.05653526730537414
3270,11047751,22/23,2023-03-01,10,17,Everton,Arsenal,away,0.1497375,0.11369547,-0.03604202752113342
3271,11047752,22/23,2023-03-01,19,3033,Liverpool FC,Wolverhampton,home,0.17384,0.11810316,-0.05573683854579925
3271,11047752,22/23,2023-03-01,3033,19,Wolverhampton,Liverpool FC,away,0.22895,0.110714085,-0.11823591459989546
3272,10517280,22/23,2023-03-04,22,21,Manchester City,Newcastle United,home,0.12207272727272728,0.1180117,-0.0040610291459343695
3272,10517280,22/23,2023-03-04,21,22,Newcastle United,Manchester City,away,0.08614,0.11585952,0.029719523415565496
3273,10385495,22/23,2023-03-04,24,4546,Chelsea,Leeds United,home,0.11224615384615384,0.11404654,0.0018003825398591883
3273,10385495,22/23,2023-03-04,4546,24,Leeds United,Chelsea,away,0.09564545454545455,0.11144609,0.015800635497136548
3274,10385490,22/23,2023-03-04,17,769,Arsenal,Bournemouth,home,0.07099354838709677,0.1211547,0.05016115481276666
3274,10385490,22/23,2023-03-04,769,17,Bournemouth,Arsenal,away,0.33175,0.12197243,-0.20977757322788237
3275,10385492,22/23,2023-03-04,3033,8,Wolverhampton,Tottenham Hotspur,home,0.065775,0.11211994,0.04634494290351868
3275,10385492,22/23,2023-03-04,8,3033,Tottenham Hotspur,Wolverhampton,away,0.057171428571428574,0.11532935,0.058157918979440414
3276,10385487,22/23,2023-03-04,2275,7,Brighton & Hove Albion,West Ham United,home,0.18479,0.117129,-0.06766100195884706
3276,10385487,22/23,2023-03-04,7,2275,West Ham United,Brighton & Hove Albion,away,0.11016666666666666,0.11681808,0.006651411195596063
3277,10385485,22/23,2023-03-04,12,18,Aston Villa,Crystal Palace,home,0.1497125,0.11371901,-0.03599349113702774
3277,10385485,22/23,2023-03-04,18,12,Crystal Palace,Aston Villa,away,0.057633333333333335,0.11041491,0.05278157400290171
3278,10385496,22/23,2023-03-04,20,9,Southampton,Leicester City,home,0.1251,0.10973985,-0.015360152518749226
3278,10385496,22/23,2023-03-04,9,20,Leicester City,Southampton,away,0.17586363636363636,0.113475956,-0.06238768034089695
3279,10385507,22/23,2023-03-05,6072,10,Nottingham Forest,Everton,home,0.08735,0.11111871,0.023768711531162265
3279,10385507,22/23,2023-03-05,10,6072,Everton,Nottingham Forest,away,0.17038,0.1144787,-0.055901300137043
3280,10652686,22/23,2023-03-05,19,1,Liverpool FC,Manchester United,home,0.15466666666666667,0.11852434,-0.036142323891321826
3280,10652686,22/23,2023-03-05,1,19,Manchester United,Liverpool FC,away,0.1025375,0.11672462,0.01418711777925491
3281,11014934,22/23,2023-03-06,5301,3027,Brentford,Fulham,home,0.15695714285714285,0.118040465,-0.03891667803866522
3281,11014934,22/23,2023-03-06,3027,5301,Fulham,Brentford,away,0.1814111111111111,0.1115939,-0.06981720900005764
3282,10385494,22/23,2023-03-11,769,19,Bournemouth,Liverpool FC,home,0.1719,0.11427684,-0.057623158717155454
3282,10385494,22/23,2023-03-11,19,769,Liverpool FC,Bournemouth,away,0.11655333333333333,0.11781709,0.001263755628267929
3283,10385513,22/23,2023-03-11,9,24,Leicester City,Chelsea,home,0.14860588235294117,0.11450415,-0.03410173130666508
3283,10385513,22/23,2023-03-11,24,9,Chelsea,Leicester City,away,0.13064166666666666,0.11300142,-0.01764024557272592
3284,10385504,22/23,2023-03-11,8,6072,Tottenham Hotspur,Nottingham Forest,home,0.13338,0.11643363,-0.016946372096538542
3284,10385504,22/23,2023-03-11,6072,8,Nottingham Forest,Tottenham Hotspur,away,0.1706777777777778,0.11009054,-0.06058723891841042
3285,10385516,22/23,2023-03-11,10,5301,Everton,Brentford,home,0.08007692307692307,0.113825604,0.033748681242649375
3285,10385516,22/23,2023-03-11,5301,10,Brentford,Everton,away,0.175225,0.1173638,-0.05786119691133498
3286,10385515,22/23,2023-03-11,4546,2275,Leeds United,Brighton & Hove Albion,home,0.138425,0.11146148,-0.026963517057895653
3286,10385515,22/23,2023-03-11,2275,4546,Brighton & Hove Albion,Leeds United,away,0.12628,0.117129,-0.00915100195884705
3287,10385499,22/23,2023-03-11,18,22,Crystal Palace,Manchester City,home,0.0528,0.1104303,0.05763030023574829
3287,10385499,22/23,2023-03-11,22,18,Manchester City,Crystal Palace,away,0.1495,0.118672505,-0.030827494978904718
3288,10652679,22/23,2023-03-12,1,20,Manchester United,Southampton,home,0.08575,0.11672462,0.030974617779254907
3288,10652679,22/23,2023-03-12,20,1,Southampton,Manchester United,away,0.06506470588235294,0.11049027,0.04542556407661999
3289,10385512,22/23,2023-03-12,3027,17,Fulham,Arsenal,home,0.07074166666666666,0.11064847,0.039906801470120754
3289,10385512,22/23,2023-03-12,17,3027,Arsenal,Fulham,away,0.15833333333333333,0.12381437,-0.034518966575463605
3290,10385517,22/23,2023-03-12,7,12,West Ham United,Aston Villa,home,0.13070588235294117,0.114147,-0.01655888233815922
3290,10385517,22/23,2023-03-12,12,7,Aston Villa,West Ham United,away,0.13173333333333334,0.11466229,-0.01707104371388754
3291,10385505,22/23,2023-03-12,21,3033,Newcastle United,Wolverhampton,home,0.09614736842105263,0.1162114,0.020064031014944375
3291,10385505,22/23,2023-03-12,3033,21,Wolverhampton,Newcastle United,away,0.15871428571428572,0.11095338,-0.0477609025665692
3292,11055512,22/23,2023-03-15,2275,18,Brighton & Hove Albion,Crystal Palace,home,0.05470909090909091,0.117129,0.062419907132062045
3292,11055512,22/23,2023-03-15,18,2275,Crystal Palace,Brighton & Hove Albion,away,0.10873636363636363,0.1104303,0.00169393659938466
3293,11055513,22/23,2023-03-15,20,5301,Southampton,Brentford,home,0.07392857142857143,0.11313431,0.03920573822089604
3293,11055513,22/23,2023-03-15,5301,20,Brentford,Southampton,away,0.17965454545454546,0.119937,-0.05971754279570146
3294,10385521,22/23,2023-03-17,6072,21,Nottingham Forest,Newcastle United,home,0.07386,0.11110481,0.03724480874776841
3294,10385521,22/23,2023-03-17,21,6072,Newcastle United,Nottingham Forest,away,0.16504,0.116536185,-0.04850381485462188
3295,10385544,22/23,2023-03-18,20,8,Southampton,Tottenham Hotspur,home,0.1322263157894737,0.11790187,-0.014324446671260038
3295,10385544,22/23,2023-03-18,8,20,Tottenham Hotspur,Southampton,away,0.1332764705882353,0.11663978,-0.01663669257023756
3296,10385529,22/23,2023-03-18,5301,9,Brentford,Leicester City,home,0.0582,0.11891312,0.06071312152147293
3296,10385529,22/23,2023-03-18,9,5301,Leicester City,Brentford,away,0.09667857142857143,0.114511065,0.017832493756498605
3297,10385540,22/23,2023-03-18,3033,4546,Wolverhampton,Leeds United,home,0.12162173913043478,0.1109302,-0.010691542189535885
3297,10385540,22/23,2023-03-18,4546,3033,Leeds United,Wolverhampton,away,0.14708181818181817,0.11148277,-0.035599048930948424
3298,10385536,22/23,2023-03-18,12,769,Aston Villa,Bournemouth,home,0.184225,0.114215344,-0.07000965580940247
3298,10385536,22/23,2023-03-18,769,12,Bournemouth,Aston Villa,away,0.13567,0.11105643,-0.024613567872047437
3299,10385526,22/23,2023-03-18,24,10,Chelsea,Everton,home,0.11869,0.112185426,-0.0065045739436149635
3299,10385526,22/23,2023-03-18,10,24,Everton,Chelsea,away,0.10613333333333333,0.114341654,0.008208320550123854
3300,10385522,22/23,2023-03-19,17,18,Arsenal,Crystal Palace,home,0.10447333333333333,0.11957897,0.015105639125506082
3300,10385522,22/23,2023-03-19,18,17,Crystal Palace,Arsenal,away,0.08715555555555556,0.11111496,0.023959400882985857
3301,10385561,22/23,2023-04-01,22,19,Manchester City,Liverpool FC,home,0.17421176470588234,0.1180117,-0.056200066579089436
3301,10385561,22/23,2023-04-01,19,22,Liverpool FC,Manchester City,away,0.0827,0.11745846,0.03475846271514893
3302,10385553,22/23,2023-04-01,17,4546,Arsenal,Leeds United,home,0.2904923076923077,0.121108435,-0.16938387259795118
3302,10385553,22/23,2023-04-01,4546,17,Leeds United,Arsenal,away,0.10294285714285714,0.11091793,0.007975076142379217
3303,10385545,22/23,2023-04-01,18,9,Crystal Palace,Leicester City,home,0.07799677419354839,0.11109956,0.03310278934547978
3303,10385545,22/23,2023-04-01,9,18,Leicester City,Crystal Palace,away,0.07323333333333333,0.115055725,0.04182239164511363
3304,10385534,22/23,2023-04-01,2275,5301,Brighton & Hove Albion,Brentford,home,0.13549090909090908,0.11745846,-0.018032446375760153
3304,10385534,22/23,2023-04-01,5301,2275,Brentford,Brighton & Hove Albion,away,0.22788571428571427,0.116766535,-0.11111917954002107
3305,10385560,22/23,2023-04-01,6072,3033,Nottingham Forest,Wolverhampton,home,0.07938823529411765,0.110177755,0.030789520061717313
3305,10385560,22/23,2023-04-01,3033,6072,Wolverhampton,Nottingham Forest,away,0.0607375,0.116054334,0.05531683374643326
3306,10385541,22/23,2023-04-01,769,3027,Bournemouth,Fulham,home,0.239925,0.11293668,-0.12698831700086594
3306,10385541,22/23,2023-04-01,3027,769,Fulham,Bournemouth,away,0.08438,0.11255286,0.02817285888910294
3307,10385535,22/23,2023-04-01,24,12,Chelsea,Aston Villa,home,0.08135925925925926,0.11372291,0.03236365370794579
3307,10385535,22/23,2023-04-01,12,24,Aston Villa,Chelsea,away,0.18314,0.115261875,-0.06787812490701675
3308,10385555,22/23,2023-04-02,7,20,West Ham United,Southampton,home,0.11693333333333333,0.11549943,-0.0014339039285977684
3308,10385555,22/23,2023-04-02,20,7,Southampton,West Ham United,away,0.03408888888888889,0.115130745,0.0810418559855885
3309,10385558,22/23,2023-04-02,21,1,Newcastle United,Manchester United,home,0.1743,0.11585952,-0.05844047658443452
3309,10385558,22/23,2023-04-02,1,21,Manchester United,Newcastle United,away,0.07115,0.11673153,0.045581531918048854
3310,10385542,22/23,2023-04-03,10,8,Everton,Tottenham Hotspur,home,0.06048666666666667,0.114249825,0.05376315881093343
3310,10385542,22/23,2023-04-03,8,10,Tottenham Hotspur,Everton,away,0.179775,0.117783986,-0.061991013967990866
3311,11077466,22/23,2023-04-04,9,12,Leicester City,Aston Villa,home,0.052477777777777776,0.114711836,0.06223405820263757
3311,11077466,22/23,2023-04-04,12,9,Aston Villa,Leicester City,away,0.06792666666666666,0.115890145,0.047963478635152185
3312,11077461,22/23,2023-04-04,4546,6072,Leeds United,Nottingham Forest,home,0.08966666666666667,0.10947271,0.019806040247281387
3312,11077461,22/23,2023-04-04,6072,4546,Nottingham Forest,Leeds United,away,0.06234615384615384,0.110177755,0.04783160150968112
3313,11077408,22/23,2023-04-04,769,2275,Bournemouth,Brighton & Hove Albion,home,0.1253857142857143,0.115883194,-0.009502520375592377
3313,11077408,22/23,2023-04-04,2275,769,Brighton & Hove Albion,Bournemouth,away,0.16689375,0.11934661,-0.047547138798236854
3314,11077468,22/23,2023-04-04,24,19,Chelsea,Liverpool FC,home,0.18061666666666668,0.116266645,-0.06435002117554348
3314,11077468,22/23,2023-04-04,19,24,Liverpool FC,Chelsea,away,0.05002857142857143,0.11630323,0.06627465641328267
3315,11077474,22/23,2023-04-05,1,5301,Manchester United,Brentford,home,0.06685555555555556,0.11489248,0.0480369272020128
3315,11077474,22/23,2023-04-05,5301,1,Brentford,Manchester United,away,0.11905,0.11516092,-0.003889080274105075
3316,11077467,22/23,2023-04-05,7,21,West Ham United,Newcastle United,home,0.14004285714285714,0.11574639,-0.024296470793655933
3316,11077467,22/23,2023-04-05,21,7,Newcastle United,West Ham United,away,0.21924666666666667,0.11996987,-0.09927679949680965
3317,10385578,22/23,2023-04-08,1,10,Manchester United,Everton,home,0.11975172413793103,0.11862716,-0.001124563350348634
3317,10385578,22/23,2023-04-08,10,1,Everton,Manchester United,away,0.06812,0.11362794,0.04550794041633606
3318,10385571,22/23,2023-04-08,3033,24,Wolverhampton,Chelsea,home,0.061233333333333334,0.11484978,0.053616450146834055
3318,10385571,22/23,2023-04-08,24,3033,Chelsea,Wolverhampton,away,0.08676153846153846,0.1157039,0.028942364677099083
3319,10385562,22/23,2023-04-08,8,2275,Tottenham Hotspur,Brighton & Hove Albion,home,0.09225555555555556,0.117783986,0.025528430476453562
3319,10385562,22/23,2023-04-08,2275,8,Brighton & Hove Albion,Tottenham Hotspur,away,0.08434705882352941,0.11881177,0.03446471245008356
3320,10385548,22/23,2023-04-08,5301,21,Brentford,Newcastle United,home,0.21445,0.116726436,-0.09772356427907944
3320,10385548,22/23,2023-04-08,21,5301,Newcastle United,Brentford,away,0.13121,0.117624976,-0.013585024259090417
3321,10385550,22/23,2023-04-08,3027,7,Fulham,West Ham United,home,0.04255,0.110426925,0.06787692512273788
3321,10385550,22/23,2023-04-08,7,3027,West Ham United,Fulham,away,0.12155555555555556,0.11568943,-0.005866128895017836
3322,10385570,22/23,2023-04-08,9,769,Leicester City,Bournemouth,home,0.041542857142857145,0.11370483,0.07216197326523917
3322,10385570,22/23,2023-04-08,769,9,Bournemouth,Leicester City,away,0.10962105263157895,0.11351477,0.003893720916070431
3323,10385549,22/23,2023-04-08,12,6072,Aston Villa,Nottingham Forest,home,0.16215,0.11593969,-0.0462103083372116
3323,10385549,22/23,2023-04-08,6072,12,Nottingham Forest,Aston Villa,away,0.04136666666666667,0.110177755,0.0688110886891683
3324,10385580,22/23,2023-04-08,20,22,Southampton,Manchester City,home,0.101275,0.111886136,0.010611136233806606
3324,10385580,22/23,2023-04-08,22,20,Manchester City,Southampton,away,0.22384615384615383,0.12356707,-0.10027908675945721
3325,10385546,22/23,2023-04-09,4546,18,Leeds United,Crystal Palace,home,0.08417272727272727,0.111625195,0.027452467276833273
3325,10385546,22/23,2023-04-09,18,4546,Crystal Palace,Leeds United,away,0.1971125,0.113814116,-0.083298384475708
3326,10385572,22/23,2023-04-09,19,17,Liverpool FC,Arsenal,home,0.18847142857142857,0.116575785,-0.0718956435901778
3326,10385572,22/23,2023-04-09,17,19,Arsenal,Liverpool FC,away,0.15615555555555555,0.11953162,-0.03662393898699018
3327,10385566,22/23,2023-04-15,12,21,Aston Villa,Newcastle United,home,0.12055625,0.11526819,-0.005288056814670566
3327,10385566,22/23,2023-04-15,21,12,Newcastle United,Aston Villa,away,0.0649875,0.116996706,0.05200920553207397
3328,10385565,22/23,2023-04-15,24,2275,Chelsea,Brighton & Hove Albion,home,0.0678,0.11456469,0.0467646870136261
3328,10385565,22/23,2023-04-15,2275,24,Brighton & Hove Albion,Chelsea,away,0.11861153846153846,0.1181835,-0.00042803739676108843
3329,10385583,22/23,2023-04-15,10,3027,Everton,Fulham,home,0.1019,0.112685814,0.010785814499855037
3329,10385583,22/23,2023-04-15,3027,10,Fulham,Everton,away,0.08690952380952381,0.110426925,0.023517401313214073
3330,10385589,22/23,2023-04-15,3033,5301,Wolverhampton,Brentford,home,0.0691909090909091,0.11248136,0.04329045402678576
3330,10385589,22/23,2023-04-15,5301,3033,Brentford,Wolverhampton,away,0.11677,0.11516092,-0.0016090802741050708
3331,10385581,22/23,2023-04-15,20,18,Southampton,Crystal Palace,home,0.07062727272727273,0.11208314,0.04145586430809714
3331,10385581,22/23,2023-04-15,18,20,Crystal Palace,Southampton,away,0.08741,0.11277764,0.025367642905712126
3332,10385575,22/23,2023-04-15,8,769,Tottenham Hotspur,Bournemouth,home,0.09280833333333334,0.11686752,0.024059186581770572
3332,10385575,22/23,2023-04-15,769,8,Bournemouth,Tottenham Hotspur,away,0.1453888888888889,0.1128865,-0.03250238555007512
3333,10385586,22/23,2023-04-15,22,9,Manchester City,Leicester City,home,0.17181666666666667,0.12266397,-0.04915269935528438
3333,10385586,22/23,2023-04-15,9,22,Leicester City,Manchester City,away,0.22398181818181817,0.11405463,-0.10992719046527688
3334,10385579,22/23,2023-04-16,7,17,West Ham United,Arsenal,home,0.11445,0.114215344,-0.000234655809402462
3334,10385579,22/23,2023-04-16,17,7,Arsenal,West Ham United,away,0.24976363636363635,0.11989024,-0.12987339354861865
3335,10385587,22/23,2023-04-16,6072,1,Nottingham Forest,Manchester United,home,0.12238333333333333,0.11230369,-0.010079644211133318
3335,10385587,22/23,2023-04-16,1,6072,Manchester United,Nottingham Forest,away,0.17662727272727272,0.11540486,-0.061222413542053905
3336,10385584,22/23,2023-04-17,4546,19,Leeds United,Liverpool FC,home,0.10612307692307692,0.11462539,0.00850230997067232
3336,10385584,22/23,2023-04-17,19,4546,Liverpool FC,Leeds United,away,0.20973846153846154,0.118265755,-0.09147270606389413
3337,10385607,22/23,2023-04-21,17,20,Arsenal,Southampton,home,0.10378,0.11959342,0.015813419134616855
3337,10385607,22/23,2023-04-21,20,17,Southampton,Arsenal,away,0.1672125,0.11232801,-0.054884492182731615
3338,10385592,22/23,2023-04-22,3027,4546,Fulham,Leeds United,home,0.139675,0.110791855,-0.02888314543962478
3338,10385592,22/23,2023-04-22,4546,3027,Leeds United,Fulham,away,0.08896,0.11462539,0.02566538689374924
3339,10385597,22/23,2023-04-22,19,6072,Liverpool FC,Nottingham Forest,home,0.158,0.11730706,-0.040692940533161165
3339,10385597,22/23,2023-04-22,6072,19,Nottingham Forest,Liverpool FC,away,0.07746363636363636,0.1118438,0.03438016567121853
3340,10385593,22/23,2023-04-22,9,3033,Leicester City,Wolverhampton,home,0.16442,0.113335125,-0.051084874851703654
3340,10385593,22/23,2023-04-22,3033,9,Wolverhampton,Leicester City,away,0.0564375,0.11010478,0.05366727691888809
3341,10385601,22/23,2023-04-22,5301,12,Brentford,Aston Villa,home,0.1711125,0.11506909,-0.05604340867996216
3341,10385601,22/23,2023-04-22,12,5301,Aston Villa,Brentford,away,0.12394285714285715,0.11562821,-0.008314644452503753
3342,10385594,22/23,2023-04-22,18,10,Crystal Palace,Everton,home,0.042133333333333335,0.112975195,0.07084186171690623
3342,10385594,22/23,2023-04-22,10,18,Everton,Crystal Palace,away,0.03925,0.112376675,0.07312667500972747
3343,10385610,22/23,2023-04-23,21,8,Newcastle United,Tottenham Hotspur,home,0.155752,0.117312305,-0.03843969532442093
3343,10385610,22/23,2023-04-23,8,21,Tottenham Hotspur,Newcastle United,away,0.09373636363636363,0.11609903,0.022362666143070573
3344,10385596,22/23,2023-04-23,769,7,Bournemouth,West Ham United,home,0.08961176470588235,0.1128865,0.023274738632931433
3344,10385596,22/23,2023-04-23,7,769,West Ham United,Bournemouth,away,0.13493333333333332,0.11473994,-0.02019339376290638
3345,10385613,22/23,2023-04-25,3033,18,Wolverhampton,Crystal Palace,home,0.15096666666666667,0.11098599,-0.039980679778258005
3345,10385613,22/23,2023-04-25,18,3033,Crystal Palace,Wolverhampton,away,0.055228571428571425,0.11254639,0.05731782035657338
3346,10385630,22/23,2023-04-25,12,3027,Aston Villa,Fulham,home,0.07277857142857143,0.11759676,0.0448181889636176
3347,10385621,22/23,2023-04-25,4546,9,Leeds United,Leicester City,home,0.12925384615384616,0.113490134,-0.015763711676230807
3347,10385621,22/23,2023-04-25,9,4546,Leicester City,Leeds United,away,0.14624666666666666,0.11485026,-0.03139640634934107
3348,10385602,22/23,2023-04-26,6072,2275,Nottingham Forest,Brighton & Hove Albion,home,0.2027,0.116651125,-0.08604887474775313
3348,10385602,22/23,2023-04-26,2275,6072,Brighton & Hove Albion,Nottingham Forest,away,0.1393470588235294,0.117487624,-0.02185943453592412
3349,10385616,22/23,2023-04-26,7,19,West Ham United,Liverpool FC,home,0.11455714285714286,0.115683995,0.0011268523301397049
3349,10385616,22/23,2023-04-26,19,7,Liverpool FC,West Ham United,away,0.106275,0.117683135,0.01140813497304917
3350,10385633,22/23,2023-04-26,24,5301,Chelsea,Brentford,home,0.08477333333333334,0.115698785,0.030925451256434117
3350,10385633,22/23,2023-04-26,5301,24,Brentford,Chelsea,away,0.16365714285714286,0.11508131,-0.048575832584926065
3351,10385636,22/23,2023-04-26,22,17,Manchester City,Arsenal,home,0.1805642857142857,0.12357998,-0.05698430677141461
3351,10385636,22/23,2023-04-26,17,22,Arsenal,Manchester City,away,0.0601125,0.11869032,0.05857781935930252
3352,10385612,22/23,2023-04-27,10,21,Everton,Newcastle United,home,0.06678461538461539,0.11141898,0.0446343619951835
3352,10385612,22/23,2023-04-27,21,10,Newcastle United,Everton,away,0.16236,0.118762106,-0.04359789429664612
3353,10385628,22/23,2023-04-27,20,769,Southampton,Bournemouth,home,0.04868181818181818,0.11016574,0.06148391938751394
3353,10385628,22/23,2023-04-27,769,20,Bournemouth,Southampton,away,0.05956875,0.11282678,0.053258029484748844
3354,10385604,22/23,2023-04-27,8,1,Tottenham Hotspur,Manchester United,home,0.1379388888888889,0.11609903,-0.021839859109454685
3354,10385604,22/23,2023-04-27,1,8,Manchester United,Tottenham Hotspur,away,0.12175294117647059,0.117863506,-0.0038894350977504988
3355,10385640,22/23,2023-04-29,18,7,Crystal Palace,West Ham United,home,0.1332125,0.111919105,-0.021293394947052013
3355,10385640,22/23,2023-04-29,7,18,West Ham United,Crystal Palace,away,0.2324625,0.12573019,-0.10673231329917907
3356,10385622,22/23,2023-04-29,2275,3033,Brighton & Hove Albion,Wolverhampton,home,0.15178181818181818,0.119108595,-0.03267322322780436
3356,10385622,22/23,2023-04-29,3033,2275,Wolverhampton,Brighton & Hove Albion,away,0.07513,0.11001961,0.03488960933208465
3357,10385619,22/23,2023-04-29,5301,6072,Brentford,Nottingham Forest,home,0.12133571428571428,0.11688918,-0.004446535532815113
3357,10385619,22/23,2023-04-29,6072,5301,Nottingham Forest,Brentford,away,0.14472,0.116335034,-0.028384965629577624
3358,10385632,22/23,2023-04-30,1,12,Manchester United,Aston Villa,home,0.08972142857142858,0.12010492,0.03038348782232829
3358,10385632,22/23,2023-04-30,12,1,Aston Villa,Manchester United,away,0.07934285714285715,0.11835184,0.039008982339927126
3359,10385638,22/23,2023-04-30,3027,22,Fulham,Manchester City,home,0.046425,0.11093865,0.06451365334987641
3359,10385638,22/23,2023-04-30,22,3027,Manchester City,Fulham,away,0.21265833333333334,0.12271132,-0.089947010131677
3360,10385645,22/23,2023-04-30,21,20,Newcastle United,Southampton,home,0.21728636363636364,0.12059768,-0.09668868074308742
3360,10385645,22/23,2023-04-30,20,21,Southampton,Newcastle United,away,0.207775,0.12471482,-0.08306017842292784
3361,10385625,22/23,2023-04-30,769,4546,Bournemouth,Leeds United,home,0.163475,0.122030154,-0.04144484612941743
3361,10385625,22/23,2023-04-30,4546,769,Leeds United,Bournemouth,away,0.11212666666666667,0.111419044,-0.0007076222316424047
3362,10385647,22/23,2023-04-30,19,8,Liverpool FC,Tottenham Hotspur,home,0.18368333333333334,0.11854213,-0.06514120602210363
3362,10385647,22/23,2023-04-30,8,19,Tottenham Hotspur,Liverpool FC,away,0.20288,0.11873347,-0.0841465268778801
3363,10385652,22/23,2023-05-01,9,10,Leicester City,Everton,home,0.23098666666666667,0.11549943,-0.11548723726193111
3363,10385652,22/23,2023-05-01,10,9,Everton,Leicester City,away,0.13610434782608696,0.11305686,-0.023047486961924518
3364,11205391,22/23,2023-05-02,17,24,Arsenal,Chelsea,home,0.10988125,0.11753797,0.0076567178606987
3364,11205391,22/23,2023-05-02,24,17,Chelsea,Arsenal,away,0.10792857142857143,0.11375809,0.005829515729631696
3365,11157238,22/23,2023-05-03,22,7,Manchester City,West Ham United,home,0.14390625,0.12278657,-0.021119683384895338
3365,11157238,22/23,2023-05-03,7,22,West Ham United,Manchester City,away,0.07276666666666666,0.116545305,0.04377863798936209
3366,11157124,22/23,2023-05-03,19,3027,Liverpool FC,Fulham,home,0.1222,0.11775727,-0.004442731750011447
3366,11157124,22/23,2023-05-03,3027,19,Fulham,Liverpool FC,away,0.0966111111111111,0.11044232,0.013831206911140023
3367,11157237,22/23,2023-05-04,2275,1,Brighton & Hove Albion,Manchester United,home,0.10425454545454546,0.11763903,0.013384482081369914
3367,11157237,22/23,2023-05-04,1,2275,Manchester United,Brighton & Hove Albion,away,0.08890625,0.11696041,0.028054156303405756
3368,10385655,22/23,2023-05-06,22,4546,Manchester City,Leeds United,home,0.14253333333333335,0.11915378,-0.023379550607999178
3368,10385655,22/23,2023-05-06,4546,22,Leeds United,Manchester City,away,0.056425,0.11552836,0.05910336000919342
3369,10385637,22/23,2023-05-06,769,24,Bournemouth,Chelsea,home,0.12864,0.11234121,-0.016298789753913884
3369,10385637,22/23,2023-05-06,24,769,Chelsea,Bournemouth,away,0.12229999999999999,0.112974845,-0.009325155127048484
3370,10385651,22/23,2023-05-06,8,18,Tottenham Hotspur,Crystal Palace,home,0.1098625,0.11776126,0.007898761761188505
3370,10385651,22/23,2023-05-06,18,8,Crystal Palace,Tottenham Hotspur,away,0.05167142857142857,0.11245299,0.0607815627353532
3371,10385662,22/23,2023-05-06,3033,12,Wolverhampton,Aston Villa,home,0.1265,0.11016574,-0.01633426243066788
3371,10385662,22/23,2023-05-06,12,3033,Aston Villa,Wolverhampton,away,0.09233125,0.117752194,0.025420944404602047
3372,10385654,22/23,2023-05-06,19,5301,Liverpool FC,Brentford,home,0.14924666666666667,0.11931989,-0.029926773246924082
3372,10385654,22/23,2023-05-06,5301,19,Brentford,Liverpool FC,away,0.03944,0.11513086,0.07569085663318634
3373,10385658,22/23,2023-05-07,21,17,Newcastle United,Arsenal,home,0.10960833333333334,0.11883895,0.009230617658297219
3373,10385658,22/23,2023-05-07,17,21,Arsenal,Newcastle United,away,0.12686,0.11738368,-0.0094763187623024
3374,10385646,22/23,2023-05-07,7,1,West Ham United,Manchester United,home,0.08686666666666666,0.11489346,0.028026792116959895
3374,10385646,22/23,2023-05-07,1,7,Manchester United,West Ham United,away,0.06232631578947369,0.11700325,0.054676931352364386
3375,10385660,22/23,2023-05-08,3027,9,Fulham,Leicester City,home,0.09719411764705882,0.11044232,0.01324820037519231
3375,10385660,22/23,2023-05-08,9,3027,Leicester City,Fulham,away,0.17862777777777777,0.117743164,-0.060884613476859195
3376,11155330,22/23,2023-05-08,2275,10,Brighton & Hove Albion,Everton,home,0.1512086956521739,0.11883895,-0.03236974466054335
3376,11155330,22/23,2023-05-08,10,2275,Everton,Brighton & Hove Albion,away,0.22777,0.11518987,-0.11258012731790543
3377,10385650,22/23,2023-05-08,6072,20,Nottingham Forest,Southampton,home,0.20015555555555556,0.11443644,-0.08571911538574431
3377,10385650,22/23,2023-05-08,20,6072,Southampton,Nottingham Forest,away,0.1716736842105263,0.10973985,-0.06193383672927555
3378,10385683,22/23,2023-05-13,4546,21,Leeds United,Newcastle United,home,0.23775555555555555,0.11510844,-0.12264711771938536
3378,10385683,22/23,2023-05-13,21,4546,Newcastle United,Leeds United,away,0.1271611111111111,0.119383425,-0.00777768659061856
3379,10385702,22/23,2023-05-13,1,3033,Manchester United,Wolverhampton,home,0.11851851851851852,0.1151809,-0.0033376163354626454
3379,10385702,22/23,2023-05-13,3033,1,Wolverhampton,Manchester United,away,0.0664,0.11253416,0.046134157931804656
3380,10385697,22/23,2023-05-13,24,6072,Chelsea,Nottingham Forest,home,0.08391428571428572,0.11360324,0.029688956027371538
3380,10385697,22/23,2023-05-13,6072,24,Nottingham Forest,Chelsea,away,0.11836363636363637,0.11367962,-0.004684018720280042
3381,10385694,22/23,2023-05-13,12,8,Aston Villa,Tottenham Hotspur,home,0.147075,0.116861545,-0.030213455450534832
3381,10385694,22/23,2023-05-13,8,12,Tottenham Hotspur,Aston Villa,away,0.27305999999999997,0.117990136,-0.15506986385345456
3382,10385698,22/23,2023-05-13,20,3027,Southampton,Fulham,home,0.0707,0.11261852,0.04191852085590363
3382,10385698,22/23,2023-05-13,3027,20,Fulham,Southampton,away,0.15532222222222222,0.110426925,-0.04489529709948434
3383,10385681,22/23,2023-05-13,18,769,Crystal Palace,Bournemouth,home,0.0913470588235294,0.11518806,0.023841003367480115
3383,10385681,22/23,2023-05-13,769,18,Bournemouth,Crystal Palace,away,0.06228,0.112814136,0.05053413584947586
3384,10385685,22/23,2023-05-14,10,22,Everton,Manchester City,home,0.26557142857142857,0.11698901,-0.14858241948911122
3384,10385685,22/23,2023-05-14,22,10,Manchester City,Everton,away,0.08393333333333333,0.11915378,0.035220449392000835
3385,10385688,22/23,2023-05-14,5301,7,Brentford,West Ham United,home,0.16307916666666666,0.11602734,-0.04705182637373606
3385,10385688,22/23,2023-05-14,7,5301,West Ham United,Brentford,away,0.0572,0.115297966,0.058097965705394744
3386,10385684,22/23,2023-05-14,17,2275,Arsenal,Brighton & Hove Albion,home,0.06567857142857143,0.11660215,0.05092358115741184
3386,10385684,22/23,2023-05-14,2275,17,Brighton & Hove Albion,Arsenal,away,0.144275,0.118480325,-0.025794675254821764
3387,11196472,22/23,2023-05-15,9,19,Leicester City,Liverpool FC,home,0.102375,0.11871739,0.01634238731861115
3387,11196472,22/23,2023-05-15,19,9,Liverpool FC,Leicester City,away,0.13443125,0.11735533,-0.017075918221473696
3388,11227333,22/23,2023-05-18,21,2275,Newcastle United,Brighton & Hove Albion,home,0.16711363636363635,0.118480325,-0.04863331161845813
3388,11227333,22/23,2023-05-18,2275,21,Brighton & Hove Albion,Newcastle United,away,0.0636125,0.11763903,0.05402652753591537
3389,10385723,22/23,2023-05-20,8,5301,Tottenham Hotspur,Brentford,home,0.07992272727272727,0.11630518,0.03638245262124322
3389,10385723,22/23,2023-05-20,5301,8,Brentford,Tottenham Hotspur,away,0.11141818181818182,0.11589935,0.00448116495067423
3390,10385703,22/23,2023-05-20,769,1,Bournemouth,Manchester United,home,0.10145,0.11273053,0.01128053288459778
3390,10385703,22/23,2023-05-20,1,769,Manchester United,Bournemouth,away,0.07058,0.116809,0.04622900305509567
3391,10385690,22/23,2023-05-20,19,12,Liverpool FC,Aston Villa,home,0.07466,0.116486676,0.04182667603731155
3391,10385690,22/23,2023-05-20,12,19,Aston Villa,Liverpool FC,away,0.22501666666666667,0.12209971,-0.10291695417563121
3392,10385716,22/23,2023-05-20,3033,10,Wolverhampton,Everton,home,0.1279846153846154,0.11323398,-0.014750631867922276
3392,10385716,22/23,2023-05-20,10,3033,Everton,Wolverhampton,away,0.10467894736842105,0.114262044,0.009583097061358
3393,10385691,22/23,2023-05-20,3027,18,Fulham,Crystal Palace,home,0.15166363636363636,0.11092326,-0.0407403759132732
3393,10385691,22/23,2023-05-20,18,3027,Crystal Palace,Fulham,away,0.14113636363636364,0.114466906,-0.026669458042491573
3394,10385719,22/23,2023-05-20,6072,17,Nottingham Forest,Arsenal,home,0.09238333333333333,0.113830216,0.021446882895628613
3394,10385719,22/23,2023-05-20,17,6072,Arsenal,Nottingham Forest,away,0.05839090909090909,0.11727905,0.05888814364346591
3395,10385722,22/23,2023-05-21,7,4546,West Ham United,Leeds United,home,0.11304736842105263,0.113801025,0.0007536564331305645
3395,10385722,22/23,2023-05-21,4546,7,Leeds United,West Ham United,away,0.07459166666666667,0.11464487,0.040053203495343526
3396,10385714,22/23,2023-05-21,2275,20,Brighton & Hove Albion,Southampton,home,0.09727307692307692,0.12059768,0.023324605970199294
3396,10385714,22/23,2023-05-21,20,2275,Southampton,Brighton & Hove Albion,away,0.12066,0.11307727,-0.007582731995582584
3397,10385699,22/23,2023-05-21,22,24,Manchester City,Chelsea,home,0.07949333333333333,0.12238074,0.0428874076072375
3397,10385699,22/23,2023-05-21,24,22,Chelsea,Manchester City,away,0.09580769230769232,0.11360768,0.017799989980000708
3398,11227334,22/23,2023-05-22,21,9,Newcastle United,Leicester City,home,0.09587391304347827,0.11920101,0.0233270989122598
3399,11230172,22/23,2023-05-24,2275,22,Brighton & Hove Albion,Manchester City,home,0.118265,0.11664462,-0.001620379104614253
3399,11230172,22/23,2023-05-24,22,2275,Manchester City,Brighton & Hove Albion,away,0.1402846153846154,0.118570685,-0.02171392999795768
3400,11230171,22/23,2023-05-25,1,24,Manchester United,Chelsea,home,0.29154444444444444,0.118083484,-0.17346095997360017
3400,11230171,22/23,2023-05-25,24,1,Chelsea,Manchester United,away,0.13892142857142858,0.11460885,-0.02431258196660452
3401,10385717,22/23,2023-05-28,1,3027,Manchester United,Fulham,home,0.13758571428571428,0.118834354,-0.01875136030231203
3401,10385717,22/23,2023-05-28,3027,1,Fulham,Manchester United,away,0.18016,0.11684649,-0.06331351307392119
3402,10385711,22/23,2023-05-28,5301,22,Brentford,Manchester City,home,0.11509090909090909,0.116523616,0.0014327069250020114
3402,10385711,22/23,2023-05-28,22,5301,Manchester City,Brentford,away,0.11299411764705883,0.11736442,0.004370303839795725
3403,10385731,22/23,2023-05-28,20,19,Southampton,Liverpool FC,home,0.12446666666666667,0.111614585,-0.012852081743876143
3403,10385731,22/23,2023-05-28,19,20,Liverpool FC,Southampton,away,0.13503666666666667,0.120150805,-0.014885862147013346
3404,10385709,22/23,2023-05-28,24,21,Chelsea,Newcastle United,home,0.10314545454545454,0.11713094,0.013985488097234211
3404,10385709,22/23,2023-05-28,21,24,Newcastle United,Chelsea,away,0.1343,0.12162428,-0.012675716507434848
3405,10385712,22/23,2023-05-28,17,3033,Arsenal,Wolverhampton,home,0.20088571428571428,0.11930345,-0.0815822642973491
3405,10385712,22/23,2023-05-28,3033,17,Wolverhampton,Arsenal,away,0.07533333333333334,0.11239466,0.03706132737795512
3406,10385726,22/23,2023-05-28,4546,8,Leeds United,Tottenham Hotspur,home,0.07878421052631579,0.114148535,0.03536432430806913
3406,10385726,22/23,2023-05-28,8,4546,Tottenham Hotspur,Leeds United,away,0.1971090909090909,0.11630518,-0.08080391101512041
3407,10385733,22/23,2023-05-28,9,7,Leicester City,West Ham United,home,0.10925384615384616,0.11343779,0.00418394054449521
3407,10385733,22/23,2023-05-28,7,9,West Ham United,Leicester City,away,0.08831875,0.114215344,0.025896594190597533
3408,10385710,22/23,2023-05-28,12,2275,Aston Villa,Brighton & Hove Albion,home,0.23718333333333333,0.11537777,-0.12180556445916493
3408,10385710,22/23,2023-05-28,2275,12,Brighton & Hove Albion,Aston Villa,away,0.1690875,0.11834618,-0.05074132295846939
3409,10385724,22/23,2023-05-28,10,769,Everton,Bournemouth,home,0.0803076923076923,0.11412809,0.03382039813353466
3409,10385724,22/23,2023-05-28,769,10,Bournemouth,Everton,away,0.0666,0.11250529,0.04590528693199157
3410,10385727,22/23,2023-05-28,18,6072,Crystal Palace,Nottingham Forest,home,0.09783333333333333,0.11696233,0.01912899521986644
3410,10385727,22/23,2023-05-28,6072,18,Nottingham Forest,Crystal Palace,away,0.06857142857142857,0.113830216,0.04525878765753337
3411,11352303,23/24,2023-08-11,23,22,Burnley,Manchester City,home,0.05425,0.11147651,0.057226510763168335
3411,11352303,23/24,2023-08-11,22,23,Manchester City,Burnley,away,0.12213529411764706,0.11147651,-0.01065878335447873
3412,11352251,23/24,2023-08-12,17,6072,Arsenal,Nottingham Forest,home,0.0555,0.11147651,0.055976510763168334
3412,11352251,23/24,2023-08-12,6072,17,Nottingham Forest,Arsenal,away,0.19703333333333334,0.11147651,-0.085556822570165
3413,11352250,23/24,2023-08-12,769,7,Bournemouth,West Ham United,home,0.09803571428571428,0.11147651,0.013440796477454053
3413,11352250,23/24,2023-08-12,7,769,West Ham United,Bournemouth,away,0.0669,0.11147651,0.044576510763168334
3414,11352253,23/24,2023-08-12,10,3027,Everton,Fulham,home,0.1441,0.11147651,-0.03262348923683167
3414,11352253,23/24,2023-08-12,3027,10,Fulham,Everton,away,0.16755555555555557,0.11147651,-0.056079044792387234
3415,11352252,23/24,2023-08-12,2275,6830,Brighton & Hove Albion,Luton Town,home,0.14855925925925925,0.11147651,-0.03708274849609092
3415,11352252,23/24,2023-08-12,6830,2275,Luton Town,Brighton & Hove Albion,away,0.16423333333333334,0.11328913,-0.0509442006190618
3416,11352254,23/24,2023-08-12,3792,18,Sheffield United,Crystal Palace,home,0.063275,0.11147651,0.04820151076316834
3416,11352254,23/24,2023-08-12,18,3792,Crystal Palace,Sheffield United,away,0.07889166666666667,0.11147651,0.03258484409650167
3417,11352255,23/24,2023-08-12,21,12,Newcastle United,Aston Villa,home,0.20064117647058824,0.11147651,-0.0891646657074199
3417,11352255,23/24,2023-08-12,12,21,Aston Villa,Newcastle United,away,0.11778125,0.11147651,-0.006304739236831669
3418,11352309,23/24,2023-08-13,5301,8,Brentford,Tottenham Hotspur,home,0.202,0.11147651,-0.09052348923683168
3418,11352309,23/24,2023-08-13,8,5301,Tottenham Hotspur,Brentford,away,0.07052777777777777,0.11147651,0.04094873298539056
3419,11352316,23/24,2023-08-13,24,19,Chelsea,Liverpool FC,home,0.13541,0.11147651,-0.023933489236831668
3419,11352316,23/24,2023-08-13,19,24,Liverpool FC,Chelsea,away,0.09835384615384615,0.11147651,0.013122664609322182
3420,11352327,23/24,2023-08-14,1,3033,Manchester United,Wolverhampton,home,0.14736,0.11147651,-0.035883489236831656
3420,11352327,23/24,2023-08-14,3033,1,Wolverhampton,Manchester United,away,0.10203478260869565,0.11147651,0.009441728154472681
3421,11352399,23/24,2023-08-18,6072,3792,Nottingham Forest,Sheffield United,home,0.0868625,0.11171602,0.024853517127037053
3421,11352399,23/24,2023-08-18,3792,6072,Sheffield United,Nottingham Forest,away,0.0716,0.11147651,0.03987651076316834
3422,11352367,23/24,2023-08-19,19,769,Liverpool FC,Bournemouth,home,0.11886923076923077,0.11372202,-0.005147211871697352
3422,11352367,23/24,2023-08-19,769,19,Bournemouth,Liverpool FC,away,0.10492307692307692,0.11181077,0.006887696687991801
3423,11352428,23/24,2023-08-19,3033,2275,Wolverhampton,Brighton & Hove Albion,home,0.15176875,0.11538775,-0.036380997347831734
3423,11352428,23/24,2023-08-19,2275,3033,Brighton & Hove Albion,Wolverhampton,away,0.13985625,0.11507253,-0.024783716511726367
3424,11352358,23/24,2023-08-19,3027,5301,Fulham,Brentford,home,0.04585,0.11226609,0.06641609349250793
3424,11352358,23/24,2023-08-19,5301,3027,Brentford,Fulham,away,0.2312,0.11372202,-0.11747798110246657
3425,11352407,23/24,2023-08-19,8,1,Tottenham Hotspur,Manchester United,home,0.1026,0.114585906,0.011985906267166141
3425,11352407,23/24,2023-08-19,1,8,Manchester United,Tottenham Hotspur,away,0.09398636363636363,0.11482541,0.02083904899467122
3426,11352389,23/24,2023-08-19,22,21,Manchester City,Newcastle United,home,0.07199285714285714,0.11482541,0.042832555488177715
3426,11352389,23/24,2023-08-19,21,22,Newcastle United,Manchester City,away,0.04145714285714286,0.11482541,0.07336826977389199
3427,11352337,23/24,2023-08-20,12,10,Aston Villa,Everton,home,0.23081538461538462,0.1145116,-0.1163037829885116
3427,11352337,23/24,2023-08-20,10,12,Everton,Aston Villa,away,0.06952222222222222,0.11482541,0.04530319040881263
3428,11352418,23/24,2023-08-20,7,24,West Ham United,Chelsea,home,0.149725,0.11538775,-0.03433724734783172
3428,11352418,23/24,2023-08-20,24,7,Chelsea,West Ham United,away,0.14672941176470589,0.11537549,-0.03135392276820015
3429,11352346,23/24,2023-08-21,18,17,Crystal Palace,Arsenal,home,0.07292142857142857,0.11507253,0.04215110491684505
3429,11352346,23/24,2023-08-21,17,18,Arsenal,Crystal Palace,away,0.1443142857142857,0.11372202,-0.030592266816752284
3430,11352484,23/24,2023-08-25,24,6830,Chelsea,Luton Town,home,0.11972105263157895,0.11482541,-0.004895640000544099
3430,11352484,23/24,2023-08-25,6830,24,Luton Town,Chelsea,away,0.03958181818181818,0.11372202,0.07414020071571523
3431,11352437,23/24,2023-08-26,769,8,Bournemouth,Tottenham Hotspur,home,0.060645454545454544,0.11147651,0.05083105621771379
3431,11352437,23/24,2023-08-26,8,769,Tottenham Hotspur,Bournemouth,away,0.12404117647058824,0.11482541,-0.009215763839553387
3432,11352504,23/24,2023-08-26,1,6072,Manchester United,Nottingham Forest,home,0.15734444444444445,0.11428295,-0.04306149368551043
3432,11352504,23/24,2023-08-26,6072,1,Nottingham Forest,Manchester United,away,0.13495555555555555,0.114523865,-0.020431690273019998
3433,11352447,23/24,2023-08-26,17,3027,Arsenal,Fulham,home,0.17137894736842105,0.113961525,-0.05741742210701892
3433,11352447,23/24,2023-08-26,3027,17,Fulham,Arsenal,away,0.0704625,0.11226609,0.04180359349250794
3434,11352495,23/24,2023-08-26,10,3033,Everton,Wolverhampton,home,0.09016,0.113961525,0.023801525261402126
3434,11352495,23/24,2023-08-26,3033,10,Wolverhampton,Everton,away,0.09778181818181818,0.114585906,0.01680408808534796
3435,11352456,23/24,2023-08-26,5301,18,Brentford,Crystal Palace,home,0.08063333333333333,0.11428295,0.033649617425600686
3435,11352456,23/24,2023-08-26,18,5301,Crystal Palace,Brentford,away,0.05377333333333333,0.11537549,0.061602155663172405
3436,11352466,23/24,2023-08-26,2275,7,Brighton & Hove Albion,West Ham United,home,0.059064,0.114585906,0.05552190626716614
3436,11352466,23/24,2023-08-26,7,2275,West Ham United,Brighton & Hove Albion,away,0.2689416666666667,0.114523865,-0.15441780138413114
3437,11352524,23/24,2023-08-27,3792,22,Sheffield United,Manchester City,home,0.11245,0.11227836,-0.0001716428518295232
3437,11352524,23/24,2023-08-27,22,3792,Manchester City,Sheffield United,away,0.11988666666666667,0.11537549,-0.004511177670160932
3438,11352475,23/24,2023-08-27,23,12,Burnley,Aston Villa,home,0.08105555555555556,0.11171602,0.030660461571481487
3438,11352475,23/24,2023-08-27,12,23,Aston Villa,Burnley,away,0.16845625,0.11537549,-0.053080761003494265
3439,11352515,23/24,2023-08-27,21,19,Newcastle United,Liverpool FC,home,0.08666521739130435,0.1145116,0.027846384235568664
3439,11352515,23/24,2023-08-27,19,21,Liverpool FC,Newcastle United,away,0.09723333333333334,0.114585906,0.0173525729338328
3440,11352590,23/24,2023-09-01,6830,7,Luton Town,West Ham United,home,0.09168125,0.111904584,0.020223333871364588
3440,11352590,23/24,2023-09-01,7,6830,West Ham United,Luton Town,away,0.11486666666666667,0.11457876,-0.0002879055062929847
3441,11352597,23/24,2023-09-02,3792,10,Sheffield United,Everton,home,0.0934076923076923,0.11147651,0.018068818455476032
3441,11352597,23/24,2023-09-02,10,3792,Everton,Sheffield United,away,0.1619875,0.11508224,-0.046905258405208594
3442,11352594,23/24,2023-09-02,22,3027,Manchester City,Fulham,home,0.3228285714285714,0.11669644,-0.20613213174513406
3442,11352594,23/24,2023-09-02,3027,22,Fulham,Manchester City,away,0.30683333333333335,0.11226609,-0.1945672398408254
3443,11352570,23/24,2023-09-02,24,6072,Chelsea,Nottingham Forest,home,0.10966190476190477,0.11755678,0.007894875814801167
3443,11352570,23/24,2023-09-02,6072,24,Nottingham Forest,Chelsea,away,0.10827142857142857,0.11240092,0.004129490627561294
3444,11352561,23/24,2023-09-02,23,8,Burnley,Tottenham Hotspur,home,0.08479375,0.11226609,0.027472343492507934
3444,11352561,23/24,2023-09-02,8,23,Tottenham Hotspur,Burnley,away,0.10842857142857143,0.11539803,0.006969455574240002
3445,11352543,23/24,2023-09-02,5301,769,Brentford,Bournemouth,home,0.13848095238095237,0.11644932,-0.022031633554753793
3445,11352543,23/24,2023-09-02,769,5301,Bournemouth,Brentford,away,0.17385833333333334,0.11147651,-0.062381822570165
3446,11352551,23/24,2023-09-02,2275,21,Brighton & Hove Albion,Newcastle United,home,0.09040666666666666,0.11509507,0.024688404827912652
3446,11352551,23/24,2023-09-02,21,2275,Newcastle United,Brighton & Hove Albion,away,0.13687777777777776,0.11669289,-0.020184884570704553
3447,11352584,23/24,2023-09-03,19,12,Liverpool FC,Aston Villa,home,0.14540588235294116,0.11453414,-0.03087174271976245
3447,11352584,23/24,2023-09-03,12,19,Aston Villa,Liverpool FC,away,0.07294444444444445,0.114888996,0.04194455144140455
3448,11352578,23/24,2023-09-03,18,3033,Crystal Palace,Wolverhampton,home,0.13398125,0.11500794,-0.018973313045501705
3448,11352578,23/24,2023-09-03,3033,18,Wolverhampton,Crystal Palace,away,0.09818333333333333,0.113714874,0.015531540457407636
3449,11352534,23/24,2023-09-03,17,1,Arsenal,Manchester United,home,0.13375882352941176,0.117006704,-0.016752119318176717
3449,11352534,23/24,2023-09-03,1,17,Manchester United,Arsenal,away,0.09474,0.11509507,0.02035507149457931
3450,11352626,23/24,2023-09-16,3033,19,Wolverhampton,Liverpool FC,home,0.05720909090909091,0.11339909,0.056189997473630036
3450,11352626,23/24,2023-09-16,19,3033,Liverpool FC,Wolverhampton,away,0.15929375,0.11453414,-0.0447596103668213
3451,11352625,23/24,2023-09-16,7,22,West Ham United,Manchester City,home,0.1565,0.113714874,-0.04278512620925903
3451,11352625,23/24,2023-09-16,22,7,Manchester City,West Ham United,away,0.12669655172413793,0.116999395,-0.00969715653246847
3453,11352621,23/24,2023-09-16,8,3792,Tottenham Hotspur,Sheffield United,home,0.07585714285714286,0.11539803,0.03954088414566857
3453,11352621,23/24,2023-09-16,3792,8,Sheffield United,Tottenham Hotspur,away,0.09365714285714286,0.11147651,0.01781936790602548
3454,11352602,23/24,2023-09-16,12,18,Aston Villa,Crystal Palace,home,0.20036875,0.11561748,-0.08475127359628679
3454,11352602,23/24,2023-09-16,18,12,Crystal Palace,Aston Villa,away,0.19544999999999998,0.11445786,-0.08099213941097258
3455,11352608,23/24,2023-09-16,3027,6830,Fulham,Luton Town,home,0.07356153846153846,0.11226609,0.03870455503096948
3455,11352608,23/24,2023-09-16,6830,3027,Luton Town,Fulham,away,0.15712857142857142,0.111904584,-0.04522398755720683
3456,11352615,23/24,2023-09-16,21,5301,Newcastle United,Brentford,home,0.1597222222222222,0.11500794,-0.04471428526772392
3456,11352615,23/24,2023-09-16,5301,21,Brentford,Newcastle United,away,0.0458,0.11614636,0.07034636331796645
3457,11352600,23/24,2023-09-17,769,24,Bournemouth,Chelsea,home,0.07982307692307693,0.11221235,0.032389275531585396
3457,11352600,23/24,2023-09-17,24,769,Chelsea,Bournemouth,away,0.13575,0.117006704,-0.018743295788764963
3458,11352605,23/24,2023-09-17,10,17,Everton,Arsenal,home,0.04285,0.11339909,0.07054908838272095
3458,11352605,23/24,2023-09-17,17,10,Arsenal,Everton,away,0.0808,0.11539803,0.034598027002811435
3459,11352618,23/24,2023-09-18,6072,23,Nottingham Forest,Burnley,home,0.05105,0.11147651,0.06042651076316834
3459,11352618,23/24,2023-09-18,23,6072,Burnley,Nottingham Forest,away,0.05547,0.111904584,0.056434583871364595
3460,11352635,23/24,2023-09-23,22,6072,Manchester City,Nottingham Forest,home,0.19007142857142856,0.11916528,-0.07090614960023334
3460,11352635,23/24,2023-09-23,6072,22,Nottingham Forest,Manchester City,away,0.10257,0.11044232,0.007872318022251135
3461,11352632,23/24,2023-09-23,18,3027,Crystal Palace,Fulham,home,0.042542857142857146,0.11393182,0.07138896265370505
3461,11352632,23/24,2023-09-23,3027,18,Fulham,Crystal Palace,away,0.05983,0.11208474,0.05225473891019821
3462,11352634,23/24,2023-09-23,6830,3033,Luton Town,Wolverhampton,home,0.10875,0.111904584,0.003154583871364594
3462,11352634,23/24,2023-09-23,3033,6830,Wolverhampton,Luton Town,away,0.21013333333333334,0.11582959,-0.09430374635060629
3463,11352628,23/24,2023-09-23,5301,10,Brentford,Everton,home,0.08625833333333333,0.11497126,0.02871292441288631
3463,11352628,23/24,2023-09-23,10,5301,Everton,Brentford,away,0.10558888888888888,0.11806616,0.012477272982067536
3464,11352630,23/24,2023-09-23,23,1,Burnley,Manchester United,home,0.09125,0.11214409,0.02089409023523331
3464,11352630,23/24,2023-09-23,1,23,Manchester United,Burnley,away,0.08855454545454546,0.11435249,0.025797941573099656
3465,11352633,23/24,2023-09-24,19,7,Liverpool FC,West Ham United,home,0.13790454545454545,0.11527548,-0.022629065601392218
3465,11352633,23/24,2023-09-24,7,19,West Ham United,Liverpool FC,away,0.09998181818181819,0.115602314,0.0156204962903803
3466,11352627,23/24,2023-09-24,17,8,Arsenal,Tottenham Hotspur,home,0.15647692307692307,0.11948978,-0.03698714151840943
3466,11352627,23/24,2023-09-24,8,17,Tottenham Hotspur,Arsenal,away,0.11258461538461538,0.114579745,0.0019951292523971015
3467,11352631,23/24,2023-09-24,24,12,Chelsea,Aston Villa,home,0.13338,0.11823205,-0.015147950952053069
3467,11352631,23/24,2023-09-24,12,24,Aston Villa,Chelsea,away,0.07114,0.11696856,0.0458285572385788
3468,11352629,23/24,2023-09-24,2275,769,Brighton & Hove Albion,Bournemouth,home,0.1426076923076923,0.11472861,-0.027879085070353277
3468,11352629,23/24,2023-09-24,769,2275,Bournemouth,Brighton & Hove Albion,away,0.09568333333333333,0.11424129,0.018557953778902694
3469,11352636,23/24,2023-09-24,3792,21,Sheffield United,Newcastle United,home,0.10434444444444445,0.11204995,0.007705507704946726
3469,11352636,23/24,2023-09-24,21,3792,Newcastle United,Sheffield United,away,0.17826363636363637,0.11564361,-0.06262002332318914
3470,11352638,23/24,2023-09-30,12,2275,Aston Villa,Brighton & Hove Albion,home,0.08399473684210526,0.116496034,0.03250129712443603
3470,11352638,23/24,2023-09-30,2275,12,Brighton & Hove Albion,Aston Villa,away,0.15531818181818183,0.1144891,-0.04082908094471152
3471,11352646,23/24,2023-09-30,22,3033,Manchester City,Wolverhampton,away,0.037639130434782606,0.11710493,0.07946580223104228
3472,11352641,23/24,2023-09-30,1,18,Manchester United,Crystal Palace,home,0.06822105263157895,0.11411298,0.04589192803219745
3472,11352641,23/24,2023-09-30,18,1,Crystal Palace,Manchester United,away,0.1125,0.11357839,0.0010783866047859164
3473,11352637,23/24,2023-09-30,769,17,Bournemouth,Arsenal,home,0.080625,0.11438623,0.03376123070716858
3473,11352637,23/24,2023-09-30,17,769,Arsenal,Bournemouth,away,0.23048666666666667,0.11783125,-0.11265541415135066
3474,11352642,23/24,2023-09-30,21,23,Newcastle United,Burnley,home,0.158755,0.11744454,-0.04131046241998673
3474,11352642,23/24,2023-09-30,23,21,Burnley,Newcastle United,away,0.08395,0.111990266,0.02804026554822922
3475,11352645,23/24,2023-09-30,7,3792,West Ham United,Sheffield United,home,0.109365,0.11529172,0.005926722118854519
3475,11352645,23/24,2023-09-30,3792,7,Sheffield United,West Ham United,away,0.06701875,0.11204995,0.04503120214939117
3476,11352639,23/24,2023-09-30,10,6830,Everton,Luton Town,home,0.15905652173913043,0.11303243,-0.0460240913287453
3476,11352639,23/24,2023-09-30,6830,10,Luton Town,Everton,away,0.10264444444444444,0.11430387,0.011659427544805742
3477,11352644,23/24,2023-09-30,8,19,Tottenham Hotspur,Liverpool FC,home,0.0930375,0.115008704,0.02197120436429978
3477,11352644,23/24,2023-09-30,19,8,Liverpool FC,Tottenham Hotspur,away,0.10946666666666667,0.11527548,0.005808813186486558
3478,11352643,23/24,2023-10-01,6072,5301,Nottingham Forest,Brentford,home,0.0771,0.110426925,0.03332692512273788
3478,11352643,23/24,2023-10-01,5301,6072,Brentford,Nottingham Forest,away,0.09242222222222223,0.11566378,0.023241559539900883
3479,11352640,23/24,2023-10-02,3027,24,Fulham,Chelsea,home,0.11345,0.11465931,0.001209309387207036
3479,11352640,23/24,2023-10-02,24,3027,Chelsea,Fulham,away,0.15887272727272728,0.11770225,-0.041170474109866406
3480,11626262,23/24,2023-10-03,6830,23,Luton Town,Burnley,home,0.0745,0.116299346,0.0417993460893631
3480,11626262,23/24,2023-10-03,23,6830,Burnley,Luton Town,away,0.07932142857142857,0.11215077,0.03282934483460018
3481,11352653,23/24,2023-10-07,6830,8,Luton Town,Tottenham Hotspur,home,0.06321666666666667,0.11430346,0.05108679554065068
3481,11352653,23/24,2023-10-07,8,6830,Tottenham Hotspur,Luton Town,away,0.13068666666666667,0.11500179,-0.015684876441160844
3482,11352654,23/24,2023-10-07,1,5301,Manchester United,Brentford,home,0.06894285714285714,0.113810025,0.04486716801268714
3482,11352654,23/24,2023-10-07,5301,1,Brentford,Manchester United,away,0.08645454545454545,0.11516745,0.028712900979952383
3483,11352649,23/24,2023-10-07,23,24,Burnley,Chelsea,home,0.07551,0.11282154,0.03731154172658921
3483,11352649,23/24,2023-10-07,24,23,Chelsea,Burnley,away,0.20651111111111112,0.1176251,-0.0888860087103314
3484,11352651,23/24,2023-10-07,10,769,Everton,Bournemouth,home,0.09978000000000001,0.11540252,0.01562251970291137
3484,11352651,23/24,2023-10-07,769,10,Bournemouth,Everton,away,0.06249090909090909,0.113889895,0.051398986288634214
3485,11352652,23/24,2023-10-07,3027,3792,Fulham,Sheffield United,home,0.110335,0.11097866,0.0006436629676818822
3485,11352652,23/24,2023-10-07,3792,3027,Sheffield United,Fulham,away,0.11432,0.112478025,-0.001841974742412572
3486,11352650,23/24,2023-10-07,18,6072,Crystal Palace,Nottingham Forest,home,0.101375,0.112477615,0.011102615475654595
3486,11352650,23/24,2023-10-07,6072,18,Nottingham Forest,Crystal Palace,away,0.065825,0.110426925,0.04460192512273789
3487,11352648,23/24,2023-10-08,2275,19,Brighton & Hove Albion,Liverpool FC,home,0.16587142857142856,0.1144891,-0.05138232769795825
3487,11352648,23/24,2023-10-08,19,2275,Liverpool FC,Brighton & Hove Albion,away,0.1677142857142857,0.11527548,-0.052438805861132476
3488,11352655,23/24,2023-10-08,7,21,West Ham United,Newcastle United,home,0.23158,0.117030926,-0.11454907395124436
3488,11352655,23/24,2023-10-08,21,7,Newcastle United,West Ham United,away,0.20119,0.11783125,-0.083358747484684
3489,11352656,23/24,2023-10-08,3033,12,Wolverhampton,Aston Villa,home,0.2100875,0.11420363,-0.09588386812210084
3489,11352656,23/24,2023-10-08,12,3033,Aston Villa,Wolverhampton,away,0.08967777777777777,0.11609184,0.0264140621913804
3490,11352647,23/24,2023-10-08,17,22,Arsenal,Manchester City,home,0.032883333333333334,0.118393995,0.08551066153446833
3490,11352647,23/24,2023-10-08,22,17,Manchester City,Arsenal,away,0.12,0.11922215,-0.000777850747108455
3491,11352662,23/24,2023-10-21,19,10,Liverpool FC,Everton,home,0.08588461538461538,0.11484652,0.028961904741250558
3491,11352662,23/24,2023-10-21,10,19,Everton,Liverpool FC,away,0.022416666666666668,0.116016425,0.09359975852568944
3492,11352663,23/24,2023-10-21,22,2275,Manchester City,Brighton & Hove Albion,home,0.07546,0.11589708,0.040437081792354584
3492,11352663,23/24,2023-10-21,2275,22,Brighton & Hove Albion,Manchester City,away,0.1654,0.116915256,-0.04848474421501159
3493,11352664,23/24,2023-10-21,21,18,Newcastle United,Crystal Palace,home,0.23908,0.117994614,-0.12108538605451583
3493,11352664,23/24,2023-10-21,18,21,Crystal Palace,Newcastle United,away,0.07114705882352941,0.11031208,0.03916502304988749
3494,11352660,23/24,2023-10-21,5301,23,Brentford,Burnley,home,0.1407217391304348,0.11667968,-0.02404205580275992
3494,11352660,23/24,2023-10-21,23,5301,Burnley,Brentford,away,0.19016666666666668,0.12243592,-0.06773074672619503
3495,11352657,23/24,2023-10-21,769,3033,Bournemouth,Wolverhampton,home,0.0893,0.112800136,0.023500136208534236
3495,11352657,23/24,2023-10-21,3033,769,Wolverhampton,Bournemouth,away,0.11528571428571428,0.11420363,-0.0010820824078151131
3496,11352665,23/24,2023-10-21,6072,6830,Nottingham Forest,Luton Town,home,0.15650526315789473,0.110855885,-0.045649378307869554
3496,11352665,23/24,2023-10-21,6830,6072,Luton Town,Nottingham Forest,away,0.1316,0.11589955,-0.01570045206546783
3497,11352661,23/24,2023-10-21,24,17,Chelsea,Arsenal,home,0.12269999999999999,0.118187845,-0.004512155246734609
3497,11352661,23/24,2023-10-21,17,24,Arsenal,Chelsea,away,0.0761076923076923,0.1176251,0.04151741009308742
3498,11352666,23/24,2023-10-21,3792,1,Sheffield United,Manchester United,home,0.11812500000000001,0.11174081,-0.006384187340736397
3498,11352666,23/24,2023-10-21,1,3792,Manchester United,Sheffield United,away,0.07843571428571429,0.11454587,0.03611015256132398
3499,11352658,23/24,2023-10-22,12,7,Aston Villa,West Ham United,home,0.13496666666666665,0.11451525,-0.020451414255301142
3499,11352658,23/24,2023-10-22,7,12,West Ham United,Aston Villa,away,0.08292857142857143,0.11382579,0.030897219155515937
3500,11352667,23/24,2023-10-23,8,3027,Tottenham Hotspur,Fulham,home,0.10214,0.11556453,0.013424532577991491
3500,11352667,23/24,2023-10-23,3027,8,Fulham,Tottenham Hotspur,away,0.10275,0.11439795,0.011647950470447546
3501,11352673,23/24,2023-10-27,18,8,Crystal Palace,Tottenham Hotspur,home,0.0473,0.112271465,0.06497146536111831
3501,11352673,23/24,2023-10-27,8,18,Tottenham Hotspur,Crystal Palace,away,0.11175,0.114802554,0.0030525542497634867
3502,11352672,23/24,2023-10-28,24,5301,Chelsea,Brentford,home,0.11936470588235294,0.11713061,-0.0022340985157910526
3502,11352672,23/24,2023-10-28,5301,24,Brentford,Chelsea,away,0.3088,0.116310686,-0.1924893141269684
3503,11352669,23/24,2023-10-28,17,3792,Arsenal,Sheffield United,home,0.21324615384615384,0.115940146,-0.09730600769794903
3504,11352668,23/24,2023-10-28,769,23,Bournemouth,Burnley,home,0.08506153846153845,0.111962736,0.02690119719138513
3504,11352668,23/24,2023-10-28,23,769,Burnley,Bournemouth,away,0.13758333333333334,0.11775781,-0.019825521190961204
3505,11352677,23/24,2023-10-28,3033,21,Wolverhampton,Newcastle United,home,0.08107272727272727,0.113201074,0.032128347029469234
3505,11352677,23/24,2023-10-28,21,3033,Newcastle United,Wolverhampton,away,0.16871538461538463,0.11752099,-0.05119439662786632
3506,11352676,23/24,2023-10-29,7,10,West Ham United,Everton,home,0.055125,0.11464506,0.059520056426525116
3506,11352676,23/24,2023-10-29,10,7,Everton,West Ham United,away,0.08165,0.1150079,0.033357899701595306
3507,11352674,23/24,2023-10-29,19,6072,Liverpool FC,Nottingham Forest,home,0.1558190476190476,0.1144996,-0.041319448877516235
3507,11352674,23/24,2023-10-29,6072,19,Nottingham Forest,Liverpool FC,away,0.04971111111111111,0.11381739,0.06410627521806293
3508,11352671,23/24,2023-10-29,2275,3027,Brighton & Hove Albion,Fulham,home,0.07921111111111111,0.114985436,0.035774325089984474
3508,11352671,23/24,2023-10-29,3027,2275,Fulham,Brighton & Hove Albion,away,0.07098,0.112331286,0.04135128607273102
3509,11352670,23/24,2023-10-29,12,6830,Aston Villa,Luton Town,home,0.13441176470588234,0.11640636,-0.018005405927405627
3509,11352670,23/24,2023-10-29,6830,12,Luton Town,Aston Villa,away,0.06908571428571429,0.114828475,0.045742760533945895
3510,11352675,23/24,2023-10-29,1,22,Manchester United,Manchester City,home,0.13512857142857143,0.115581535,-0.019547036625657765
3510,11352675,23/24,2023-10-29,22,1,Manchester City,Manchester United,away,0.19249047619047618,0.11868375,-0.07380672824326015
3511,11352307,23/24,2023-11-04,3027,1,Fulham,Manchester United,home,0.056077777777777775,0.11229793,0.056220152045620815
3511,11352307,23/24,2023-11-04,1,3027,Manchester United,Fulham,away,0.057866666666666663,0.11394239,0.056075725503762566
3512,11352312,23/24,2023-11-04,22,769,Manchester City,Bournemouth,home,0.09274285714285714,0.11971117,0.026968310967513495
3512,11352312,23/24,2023-11-04,769,22,Bournemouth,Manchester City,away,0.18102000000000001,0.112037934,-0.06898206563711168
3513,11352306,23/24,2023-11-04,10,2275,Everton,Brighton & Hove Albion,home,0.07053,0.115076974,0.04454697403430939
3513,11352306,23/24,2023-11-04,2275,10,Brighton & Hove Albion,Everton,away,0.07237142857142857,0.11497126,0.04259982917479106
3514,11352304,23/24,2023-11-04,5301,7,Brentford,West Ham United,home,0.10165,0.11867836,0.017028361177444454
3514,11352304,23/24,2023-11-04,7,5301,West Ham United,Brentford,away,0.17099166666666665,0.11528554,-0.05570612852970758
3515,11352320,23/24,2023-11-04,3792,3033,Sheffield United,Wolverhampton,home,0.09527272727272727,0.11153466,0.016261935272000053
3515,11352320,23/24,2023-11-04,3033,3792,Wolverhampton,Sheffield United,away,0.13284,0.11453113,-0.01830887040138246
3516,11352305,23/24,2023-11-04,23,18,Burnley,Crystal Palace,home,0.06607058823529412,0.11099581,0.04492521851834129
3516,11352305,23/24,2023-11-04,18,23,Crystal Palace,Burnley,away,0.326025,0.12090989,-0.2051151079773903
3517,11352314,23/24,2023-11-04,21,17,Newcastle United,Arsenal,home,0.1481111111111111,0.11953162,-0.02857949454254574
3517,11352314,23/24,2023-11-04,17,21,Arsenal,Newcastle United,away,0.040785714285714286,0.11842402,0.07763830642189298
3518,11352317,23/24,2023-11-05,6072,12,Nottingham Forest,Aston Villa,home,0.0754,0.1135223,0.03812229863405228
3518,11352317,23/24,2023-11-05,12,6072,Aston Villa,Nottingham Forest,away,0.09455384615384615,0.1190963,0.024542455342182745
3519,11352310,23/24,2023-11-05,6830,19,Luton Town,Liverpool FC,home,0.101625,0.11419172,0.012566718399524696
3519,11352310,23/24,2023-11-05,19,6830,Liverpool FC,Luton Town,away,0.11857916666666667,0.11661708,-0.0019620831171671543
3520,11352323,23/24,2023-11-06,8,24,Tottenham Hotspur,Chelsea,home,0.1112625,0.116895534,0.005633034098148346
3520,11352323,23/24,2023-11-06,24,8,Chelsea,Tottenham Hotspur,away,0.2421470588235294,0.12186161,-0.12028545198721044
3521,11352349,23/24,2023-11-11,3033,8,Wolverhampton,Tottenham Hotspur,home,0.12667058823529412,0.11555366,-0.011116926054393544
3521,11352349,23/24,2023-11-11,8,3033,Tottenham Hotspur,Wolverhampton,away,0.11648333333333333,0.11661184,0.00012850500742594972
3522,11352341,23/24,2023-11-11,1,6830,Manchester United,Luton Town,home,0.14544666666666667,0.115531474,-0.029915192314783734
3522,11352341,23/24,2023-11-11,6830,1,Luton Town,Manchester United,away,0.04062,0.112271465,0.07165146536111831
3523,11352353,23/24,2023-11-11,17,23,Arsenal,Burnley,home,0.12194375,0.11932712,-0.002616629517078403
3523,11352353,23/24,2023-11-11,23,17,Burnley,Arsenal,away,0.0394875,0.11096498,0.07147748370170592
3524,11352335,23/24,2023-11-11,18,10,Crystal Palace,Everton,home,0.1666923076923077,0.112140514,-0.05455179373576091
3524,11352335,23/24,2023-11-11,10,18,Everton,Crystal Palace,away,0.19495,0.11680629,-0.07814370895624162
3525,11352350,23/24,2023-11-11,769,21,Bournemouth,Newcastle United,home,0.13219473684210525,0.114200205,-0.01799453223128067
3525,11352350,23/24,2023-11-11,21,769,Newcastle United,Bournemouth,away,0.0606875,0.11865069,0.057963189721107485
3526,11352339,23/24,2023-11-12,19,5301,Liverpool FC,Brentford,home,0.10088235294117648,0.11676849,0.015886133856633122
3526,11352339,23/24,2023-11-12,5301,19,Brentford,Liverpool FC,away,0.10475,0.11904477,0.014294773280620579
3527,11352326,23/24,2023-11-12,12,3027,Aston Villa,Fulham,home,0.25704166666666667,0.12007737,-0.13696429506937663
3527,11352326,23/24,2023-11-12,3027,12,Fulham,Aston Villa,away,0.10322222222222223,0.1131901,0.009967877374755005
3528,11352345,23/24,2023-11-12,7,6072,West Ham United,Nottingham Forest,home,0.11233125,0.116313495,0.003982244741916663
3528,11352345,23/24,2023-11-12,6072,7,Nottingham Forest,West Ham United,away,0.1792,0.11122038,-0.06797961784601211
3529,11352329,23/24,2023-11-12,2275,3792,Brighton & Hove Albion,Sheffield United,home,0.13946363636363637,0.11393615,-0.025527487779747365
3529,11352329,23/24,2023-11-12,3792,2275,Sheffield United,Brighton & Hove Albion,away,0.11888888888888889,0.11153466,-0.007354226344161566
3530,11352332,23/24,2023-11-12,24,22,Chelsea,Manchester City,home,0.17473529411764707,0.11937103,-0.0553642673632678
3530,11352332,23/24,2023-11-12,22,24,Manchester City,Chelsea,away,0.19196666666666667,0.12293813,-0.06902854034105937
3531,11352373,23/24,2023-11-25,22,19,Manchester City,Liverpool FC,home,0.08491875,0.1181343,0.03321554743051529
3531,11352373,23/24,2023-11-25,19,22,Liverpool FC,Manchester City,away,0.06955,0.11781978,0.048269778621196746
3532,11352375,23/24,2023-11-25,21,24,Newcastle United,Chelsea,home,0.1682357142857143,0.11725646,-0.05097925171170917
3532,11352375,23/24,2023-11-25,24,21,Chelsea,Newcastle United,away,0.07504285714285715,0.11832931,0.043286451784202026
3533,11352360,23/24,2023-11-25,23,7,Burnley,West Ham United,home,0.11461818181818181,0.110633075,-0.003985106580907644
3533,11352360,23/24,2023-11-25,7,23,West Ham United,Burnley,away,0.08178181818181818,0.11622167,0.03443984815424139
3534,11352379,23/24,2023-11-25,6072,2275,Nottingham Forest,Brighton & Hove Albion,home,0.10712222222222222,0.1114871,0.004364875815974348
3534,11352379,23/24,2023-11-25,2275,6072,Brighton & Hove Albion,Nottingham Forest,away,0.14835,0.11508558,-0.033264420545101175
3535,11352370,23/24,2023-11-25,6830,18,Luton Town,Crystal Palace,home,0.118025,0.112271465,-0.005753534638881688
3535,11352370,23/24,2023-11-25,18,6830,Crystal Palace,Luton Town,away,0.1048875,0.114147,0.009259500014781957
3536,11352382,23/24,2023-11-25,3792,769,Sheffield United,Bournemouth,home,0.07772,0.11153466,0.03381466254472733
3536,11352382,23/24,2023-11-25,769,3792,Bournemouth,Sheffield United,away,0.12527826086956523,0.11914417,-0.006134089393201092
3537,11352356,23/24,2023-11-25,5301,17,Brentford,Arsenal,home,0.1381888888888889,0.117604844,-0.0205840446167522
3537,11352356,23/24,2023-11-25,17,5301,Arsenal,Brentford,away,0.11014,0.11887218,0.008732180581092833
3538,11352385,23/24,2023-11-26,8,12,Tottenham Hotspur,Aston Villa,home,0.13566666666666666,0.11500382,-0.020662849883238465
3538,11352385,23/24,2023-11-26,12,8,Aston Villa,Tottenham Hotspur,away,0.11730666666666667,0.11933414,0.0020274722631772324
3539,11352363,23/24,2023-11-26,10,1,Everton,Manchester United,home,0.10534166666666667,0.11367749,0.008335820110638936
3539,11352363,23/24,2023-11-26,1,10,Manchester United,Everton,away,0.24625555555555556,0.1163732,-0.12988235186073516
3540,11352366,23/24,2023-11-27,3027,3033,Fulham,Wolverhampton,home,0.241675,0.11411844,-0.12755655806064606
3540,11352366,23/24,2023-11-27,3033,3027,Wolverhampton,Fulham,away,0.13675,0.11445224,-0.022297757148742686
3541,11352391,23/24,2023-12-02,17,3033,Arsenal,Wolverhampton,home,0.1541578947368421,0.11686752,-0.03729037482173819
3541,11352391,23/24,2023-12-02,3033,17,Wolverhampton,Arsenal,away,0.1188,0.11496544,-0.0038345611572265653
3542,11352393,23/24,2023-12-02,5301,6830,Brentford,Luton Town,home,0.1309,0.115689784,-0.015210215711593617
3542,11352393,23/24,2023-12-02,6830,5301,Luton Town,Brentford,away,0.03331428571428571,0.112346664,0.07903237835679736
3543,11352396,23/24,2023-12-02,23,3792,Burnley,Sheffield United,home,0.09751052631578948,0.11275901,0.015248482687849743
3543,11352396,23/24,2023-12-02,3792,23,Sheffield United,Burnley,away,0.06546666666666667,0.11153466,0.04606799587806065
3544,11352411,23/24,2023-12-02,6072,10,Nottingham Forest,Everton,home,0.055476923076923076,0.113128655,0.05765173158187133
3544,11352411,23/24,2023-12-02,10,6072,Everton,Nottingham Forest,away,0.0555,0.113918126,0.05841812562942505
3545,11352408,23/24,2023-12-02,21,1,Newcastle United,Manchester United,home,0.11349545454545455,0.11725646,0.003761008028550575
3545,11352408,23/24,2023-12-02,1,21,Manchester United,Newcastle United,away,0.060375,0.11690847,0.05653346830606461
3546,11352404,23/24,2023-12-03,19,3027,Liverpool FC,Fulham,home,0.09254615384615385,0.118716665,0.026170510766139396
3546,11352404,23/24,2023-12-03,3027,19,Fulham,Liverpool FC,away,0.13472222222222222,0.11453974,-0.020182479752434618
3547,11352400,23/24,2023-12-03,24,2275,Chelsea,Brighton & Hove Albion,home,0.26315,0.120826736,-0.14232326390743255
3547,11352400,23/24,2023-12-03,2275,24,Brighton & Hove Albion,Chelsea,away,0.06332777777777777,0.11570084,0.05237306317223443
3548,11352414,23/24,2023-12-03,7,18,West Ham United,Crystal Palace,home,0.12525555555555556,0.115842745,-0.009412810847494346
3548,11352414,23/24,2023-12-03,18,7,Crystal Palace,West Ham United,away,0.10378888888888889,0.11517005,0.01138115779823727
3549,11352388,23/24,2023-12-03,769,12,Bournemouth,Aston Villa,home,0.13448666666666667,0.11368694,-0.02079972510258357
3549,11352388,23/24,2023-12-03,12,769,Aston Villa,Bournemouth,away,0.061654545454545455,0.11879495,0.05714040240807967
3550,11352405,23/24,2023-12-03,22,8,Manchester City,Tottenham Hotspur,home,0.15141764705882352,0.11849292,-0.0329247233818559
3550,11352405,23/24,2023-12-03,8,22,Tottenham Hotspur,Manchester City,away,0.0578875,0.1141513,0.056263798999786375
3551,11352440,23/24,2023-12-05,3033,23,Wolverhampton,Burnley,home,0.1179,0.1140928,-0.0038072029590606737
3551,11352440,23/24,2023-12-05,23,3033,Burnley,Wolverhampton,away,0.07445833333333333,0.11197246,0.037514125327269235
3552,11352430,23/24,2023-12-05,6830,17,Luton Town,Arsenal,home,0.08455,0.11270326,0.02815325630903244
3552,11352430,23/24,2023-12-05,17,6830,Arsenal,Luton Town,away,0.09845652173913043,0.1192492,0.020792680571908542
3553,11352433,23/24,2023-12-06,3792,19,Sheffield United,Liverpool FC,home,0.16423333333333334,0.11421222,-0.05002111093600592
3553,11352433,23/24,2023-12-06,19,3792,Liverpool FC,Sheffield United,away,0.11282666666666666,0.117079064,0.004252397583325712
3554,11352421,23/24,2023-12-06,2275,5301,Brighton & Hove Albion,Brentford,home,0.08700555555555556,0.114220805,0.02721524991061952
3554,11352421,23/24,2023-12-06,5301,2275,Brentford,Brighton & Hove Albion,away,0.1895375,0.11834195,-0.07119554743766784
3555,11352426,23/24,2023-12-06,3027,6072,Fulham,Nottingham Forest,home,0.18007142857142858,0.1154838,-0.06458763048478536
3555,11352426,23/24,2023-12-06,6072,3027,Nottingham Forest,Fulham,away,0.065125,0.1123656,0.04724060344696045
3556,11352442,23/24,2023-12-06,18,769,Crystal Palace,Bournemouth,home,0.06330625,0.1140777,0.05077145216464997
3556,11352442,23/24,2023-12-06,769,18,Bournemouth,Crystal Palace,away,0.17236363636363636,0.116155915,-0.05620772140134464
3557,11352445,23/24,2023-12-06,1,24,Manchester United,Chelsea,home,0.15117857142857144,0.11366196,-0.037516611661229826
3557,11352445,23/24,2023-12-06,24,1,Chelsea,Manchester United,away,0.1167076923076923,0.11816719,0.001459499436158404
3558,11352417,23/24,2023-12-06,12,22,Aston Villa,Manchester City,home,0.10839545454545454,0.118933186,0.010537731389565902
3559,11352424,23/24,2023-12-07,10,21,Everton,Newcastle United,home,0.15993333333333334,0.1144027,-0.04553063684304556
3559,11352424,23/24,2023-12-07,21,10,Newcastle United,Everton,away,0.12084615384615385,0.11866042,-0.0021857336667867877
3560,11777279,23/24,2023-12-07,8,7,Tottenham Hotspur,West Ham United,home,0.07813913043478261,0.11464069,0.036501559951512705
3560,11777279,23/24,2023-12-07,7,8,West Ham United,Tottenham Hotspur,away,0.2031,0.119653866,-0.08344613430500031
3561,11352455,23/24,2023-12-09,18,19,Crystal Palace,Liverpool FC,home,0.2180625,0.12665151,-0.09141098940372466
3561,11352455,23/24,2023-12-09,19,18,Liverpool FC,Crystal Palace,away,0.08907857142857142,0.11904459,0.029966015587534228
3562,11352468,23/24,2023-12-09,1,769,Manchester United,Bournemouth,home,0.05808,0.11763532,0.05955531714677811
3562,11352468,23/24,2023-12-09,769,1,Bournemouth,Manchester United,away,0.1477,0.11666861,-0.03103138823509216
3563,11352452,23/24,2023-12-09,2275,23,Brighton & Hove Albion,Burnley,home,0.09602413793103448,0.11668356,0.020659419698550785
3563,11352452,23/24,2023-12-09,23,2275,Burnley,Brighton & Hove Albion,away,0.09351666666666666,0.1124185,0.018901835902531944
3564,11352477,23/24,2023-12-09,3033,6072,Wolverhampton,Nottingham Forest,home,0.11749,0.11404341,-0.0034465928578376742
3564,11352477,23/24,2023-12-09,6072,3033,Nottingham Forest,Wolverhampton,away,0.160975,0.117585875,-0.04338912490606309
3565,11352471,23/24,2023-12-09,3792,5301,Sheffield United,Brentford,home,0.0898,0.12072019,0.03092019279003143
3565,11352471,23/24,2023-12-09,5301,3792,Brentford,Sheffield United,away,0.06597,0.11747357,0.051503572492599486
3566,11352449,23/24,2023-12-09,12,17,Aston Villa,Arsenal,home,0.05699,0.11715038,0.060160381207466126
3566,11352449,23/24,2023-12-09,17,12,Arsenal,Aston Villa,away,0.11695833333333333,0.1196555,0.0026971640388170903
3567,11352464,23/24,2023-12-10,6830,22,Luton Town,Manchester City,home,0.0827,0.11189972,0.029199718642234807
3567,11352464,23/24,2023-12-10,22,6830,Manchester City,Luton Town,away,0.08977777777777778,0.11562656,0.0258487808836831
3568,11352459,23/24,2023-12-10,10,24,Everton,Chelsea,home,0.14721111111111113,0.12390502,-0.023306093139118633
3568,11352459,23/24,2023-12-10,24,10,Chelsea,Everton,away,0.0590875,0.11742247,0.058334968960285186
3569,11352461,23/24,2023-12-10,3027,7,Fulham,West Ham United,home,0.16957857142857144,0.11557563,-0.054002944936071134
3569,11352461,23/24,2023-12-10,7,3027,West Ham United,Fulham,away,0.1487888888888889,0.12340922,-0.02537966980271869
3570,11352473,23/24,2023-12-10,8,21,Tottenham Hotspur,Newcastle United,home,0.16558695652173913,0.11669446,-0.048892498692740566
3570,11352473,23/24,2023-12-10,21,8,Newcastle United,Tottenham Hotspur,away,0.18735555555555555,0.12139512,-0.06596043702099058
3571,11352505,23/24,2023-12-15,6072,8,Nottingham Forest,Tottenham Hotspur,home,0.08988,0.11161551,0.021735508794784544
3571,11352505,23/24,2023-12-15,8,6072,Tottenham Hotspur,Nottingham Forest,away,0.1309,0.11597202,-0.014927980268001545
3572,11352498,23/24,2023-12-16,22,18,Manchester City,Crystal Palace,home,0.08448947368421053,0.11562656,0.031137084977250346
3572,11352498,23/24,2023-12-16,18,22,Crystal Palace,Manchester City,away,0.3632,0.13340238,-0.22979762263298037
3573,11352492,23/24,2023-12-16,24,3792,Chelsea,Sheffield United,home,0.18416666666666667,0.11936729,-0.06479938010374706
3573,11352492,23/24,2023-12-16,3792,24,Sheffield United,Chelsea,away,0.05975,0.1118438,0.05209380203485489
3574,11352501,23/24,2023-12-16,21,3027,Newcastle United,Fulham,home,0.13013703703703705,0.12139512,-0.00874191850247208
3574,11352501,23/24,2023-12-16,3027,21,Fulham,Newcastle United,away,0.04745,0.11494736,0.06749735628366471
3575,11352489,23/24,2023-12-16,23,10,Burnley,Everton,home,0.05082142857142857,0.110633075,0.0598116466658456
3575,11352489,23/24,2023-12-16,10,23,Everton,Burnley,away,0.16265555555555555,0.117380716,-0.04527483964893553
3576,11352483,23/24,2023-12-17,17,2275,Arsenal,Brighton & Hove Albion,home,0.08983461538461539,0.11860538,0.0287707673558822
3576,11352483,23/24,2023-12-17,2275,17,Brighton & Hove Albion,Arsenal,away,0.1145,0.119140804,0.004640803813934322
3577,11352487,23/24,2023-12-17,5301,12,Brentford,Aston Villa,home,0.12739999999999999,0.11712646,-0.010273542606830582
3577,11352487,23/24,2023-12-17,12,5301,Aston Villa,Brentford,away,0.09499333333333333,0.118653975,0.023660642093817394
3578,11352508,23/24,2023-12-17,7,3033,West Ham United,Wolverhampton,home,0.08706923076923077,0.11516092,0.028091688956664154
3578,11352508,23/24,2023-12-17,3033,7,Wolverhampton,West Ham United,away,0.04713571428571429,0.114165954,0.06703024000610625
3579,11352496,23/24,2023-12-17,19,1,Liverpool FC,Manchester United,home,0.07002058823529411,0.11896486,0.04894427011784386
3579,11352496,23/24,2023-12-17,1,19,Manchester United,Liverpool FC,away,0.12563333333333335,0.11792982,-0.007703509636720035
3580,11352514,23/24,2023-12-21,18,2275,Crystal Palace,Brighton & Hove Albion,home,0.12276363636363637,0.12436942,0.0016057837475429854
3580,11352514,23/24,2023-12-21,2275,18,Brighton & Hove Albion,Crystal Palace,away,0.0663,0.117197596,0.050897595536708834
3581,11352511,23/24,2023-12-22,12,3792,Aston Villa,Sheffield United,home,0.07189166666666667,0.11577833,0.04388666032155354
3581,11352511,23/24,2023-12-22,3792,12,Sheffield United,Aston Villa,away,0.11518,0.1118438,-0.0033361979651451157
3582,11352535,23/24,2023-12-23,7,1,West Ham United,Manchester United,home,0.10446666666666667,0.11506909,0.010602424653371176
3582,11352535,23/24,2023-12-23,1,7,Manchester United,West Ham United,away,0.09328181818181817,0.11792982,0.024648005514795138
3583,11352531,23/24,2023-12-23,8,10,Tottenham Hotspur,Everton,home,0.11382307692307693,0.11597202,0.002148942808921514
3583,11352531,23/24,2023-12-23,10,8,Everton,Tottenham Hotspur,away,0.09907222222222223,0.11623826,0.01716603655682669
3584,11352522,23/24,2023-12-23,6830,21,Luton Town,Newcastle United,home,0.0931875,0.11329862,0.020111117303371423
3584,11352522,23/24,2023-12-23,21,6830,Newcastle United,Luton Town,away,0.09986,0.11840662,0.018546623601913448
3585,11352517,23/24,2023-12-23,3027,23,Fulham,Burnley,home,0.07496315789473684,0.11571181,0.040748650309914036
3585,11352517,23/24,2023-12-23,23,3027,Burnley,Fulham,away,0.05344285714285714,0.11111158,0.05766872418267387
3586,11352528,23/24,2023-12-23,6072,769,Nottingham Forest,Bournemouth,home,0.09279090909090909,0.11425704,0.02146612854870883
3586,11352528,23/24,2023-12-23,769,6072,Bournemouth,Nottingham Forest,away,0.09024444444444445,0.11553456,0.025290114447805614
3587,11352520,23/24,2023-12-23,19,17,Liverpool FC,Arsenal,home,0.07432307692307692,0.11781978,0.043496701698119825
3587,11352520,23/24,2023-12-23,17,19,Arsenal,Liverpool FC,away,0.056846153846153845,0.119370304,0.06252415020190752
3588,11352538,23/24,2023-12-24,3033,24,Wolverhampton,Chelsea,home,0.09127857142857143,0.11335408,0.0220755079967635
3588,11352538,23/24,2023-12-24,24,3033,Chelsea,Wolverhampton,away,0.128675,0.121309474,-0.007365525889396679
3589,11352566,23/24,2023-12-26,21,6072,Newcastle United,Nottingham Forest,home,0.1342578947368421,0.11846988,-0.01578801570566077
3589,11352566,23/24,2023-12-26,6072,21,Nottingham Forest,Newcastle United,away,0.23062,0.11866009,-0.11195990764617919
3590,11352541,23/24,2023-12-26,769,3027,Bournemouth,Fulham,home,0.11405625,0.11711239,0.003056140697002413
3590,11352541,23/24,2023-12-26,3027,769,Fulham,Bournemouth,away,0.0344,0.11539602,0.08099602279663086
3591,11352569,23/24,2023-12-26,3792,6830,Sheffield United,Luton Town,home,0.13367142857142858,0.112933315,-0.020738113234724326
3591,11352569,23/24,2023-12-26,6830,3792,Luton Town,Sheffield United,away,0.052658333333333335,0.11398864,0.061330304590861
3592,11352554,23/24,2023-12-26,23,19,Burnley,Liverpool FC,home,0.09005555555555556,0.109810084,0.01975452854898241
3592,11352554,23/24,2023-12-26,19,23,Liverpool FC,Burnley,away,0.09558947368421053,0.117845625,0.022256151001076946
3593,11352563,23/24,2023-12-26,1,12,Manchester United,Aston Villa,home,0.08717692307692308,0.11579198,0.028615053374950697
3593,11352563,23/24,2023-12-26,12,1,Aston Villa,Manchester United,away,0.16619,0.114669226,-0.05152077389001847
3594,11352557,23/24,2023-12-27,24,18,Chelsea,Crystal Palace,home,0.2852222222222222,0.12185395,-0.16336827458275688
3594,11352557,23/24,2023-12-27,18,24,Crystal Palace,Chelsea,away,0.08609230769230769,0.11441924,0.02832692908690526
3595,11352547,23/24,2023-12-27,5301,3033,Brentford,Wolverhampton,home,0.1596357142857143,0.11533355,-0.044302164607388644
3595,11352547,23/24,2023-12-27,3033,5301,Wolverhampton,Brentford,away,0.21711818181818182,0.113801025,-0.10331715696399862
3596,11352559,23/24,2023-12-27,10,22,Everton,Manchester City,home,0.1397142857142857,0.115201786,-0.024512499553816652
3596,11352559,23/24,2023-12-27,22,10,Manchester City,Everton,away,0.1155913043478261,0.11768535,0.002094043447660357
3597,11777280,23/24,2023-12-28,2275,8,Brighton & Hove Albion,Tottenham Hotspur,home,0.24114,0.11578451,-0.12535548902988433
3597,11777280,23/24,2023-12-28,8,2275,Tottenham Hotspur,Brighton & Hove Albion,away,0.12396842105263157,0.11597202,-0.007996401320633131
3598,11777281,23/24,2023-12-28,17,7,Arsenal,West Ham United,home,0.0967,0.11768535,0.020985347795486456
3598,11777281,23/24,2023-12-28,7,17,West Ham United,Arsenal,away,0.2368,0.11664879,-0.12015120677947999
3599,11352582,23/24,2023-12-30,6830,24,Luton Town,Chelsea,home,0.1724,0.11329862,-0.05910138269662857
3599,11352582,23/24,2023-12-30,24,6830,Chelsea,Luton Town,away,0.12461666666666667,0.12136425,-0.0032524158875147507
3600,11352583,23/24,2023-12-30,22,3792,Manchester City,Sheffield United,home,0.12263333333333333,0.12053866,-0.0020946739395459463
3600,11352583,23/24,2023-12-30,3792,22,Sheffield United,Manchester City,away,0.07825,0.11166371,0.033413706600666046
3601,11352573,23/24,2023-12-30,12,23,Aston Villa,Burnley,home,0.17025263157894738,0.11598668,-0.05426594910433419
3601,11352573,23/24,2023-12-30,23,12,Burnley,Aston Villa,away,0.12982222222222223,0.110117786,-0.019704436589611907
3602,11352592,23/24,2023-12-30,3033,10,Wolverhampton,Everton,home,0.16581666666666667,0.11459858,-0.05121808696190516
3602,11352592,23/24,2023-12-30,10,3033,Everton,Wolverhampton,away,0.04552,0.11712986,0.07160986230850219
3603,11352576,23/24,2023-12-30,18,5301,Crystal Palace,Brentford,home,0.07543846153846154,0.11501685,0.039578386310430674
3603,11352576,23/24,2023-12-30,5301,18,Brentford,Crystal Palace,away,0.15467777777777778,0.11643002,-0.03824775595532523
3604,11352586,23/24,2023-12-30,6072,1,Nottingham Forest,Manchester United,home,0.0869125,0.112766,0.025853497648239132
3604,11352586,23/24,2023-12-30,1,6072,Manchester United,Nottingham Forest,away,0.07561,0.11356405,0.03795405168771744
3605,11352577,23/24,2023-12-31,3027,17,Fulham,Arsenal,home,0.08160666666666666,0.114377275,0.032770608442624416
3605,11352577,23/24,2023-12-31,17,3027,Arsenal,Fulham,away,0.13018461538461537,0.11994638,-0.01023823244479985
3606,11352587,23/24,2023-12-31,8,769,Tottenham Hotspur,Bournemouth,home,0.19334166666666666,0.11893696,-0.07440470328728357
3606,11352587,23/24,2023-12-31,769,8,Bournemouth,Tottenham Hotspur,away,0.06996666666666666,0.11532634,0.04535967084964117
3607,11352580,23/24,2024-01-01,19,21,Liverpool FC,Newcastle United,home,0.21760588235294118,0.11862531,-0.09898056930934682
3607,11352580,23/24,2024-01-01,21,19,Newcastle United,Liverpool FC,away,0.12012,0.118048,-0.002072002644538884
3608,11352589,23/24,2024-01-02,7,2275,West Ham United,Brighton & Hove Albion,home,0.11375,0.11516092,0.001410919725894924
3608,11352589,23/24,2024-01-02,2275,7,Brighton & Hove Albion,West Ham United,away,0.10855,0.11711823,0.008568231952190405
3609,11352318,23/24,2024-01-12,23,6830,Burnley,Luton Town,home,0.08476153846153846,0.110117786,0.025356247171071863
3609,11352318,23/24,2024-01-12,6830,23,Luton Town,Burnley,away,0.06772857142857143,0.11233509,0.044606521890844616
3610,11352321,23/24,2024-01-13,24,3027,Chelsea,Fulham,home,0.1293058823529412,0.119366825,-0.00993905772601858
3610,11352321,23/24,2024-01-13,3027,24,Fulham,Chelsea,away,0.06112857142857143,0.11371901,0.05259043743440083
3611,11352331,23/24,2024-01-13,21,22,Newcastle United,Manchester City,home,0.10823333333333333,0.11692043,0.008687093154589334
3611,11352331,23/24,2024-01-13,22,21,Manchester City,Newcastle United,away,0.11115925925925926,0.12044265,0.00928339195295616
3612,11352324,23/24,2024-01-14,10,12,Everton,Aston Villa,home,0.12039,0.11452255,-0.0058674534702300996
3612,11352324,23/24,2024-01-14,12,10,Aston Villa,Everton,away,0.07849375,0.11821041,0.03971666256189346
3613,11352328,23/24,2024-01-14,1,8,Manchester United,Tottenham Hotspur,home,0.08348888888888889,0.11133234,0.02784345313972897
3613,11352328,23/24,2024-01-14,8,1,Tottenham Hotspur,Manchester United,away,0.07715625,0.11778767,0.04063141661882401
3614,11352311,23/24,2024-01-20,17,18,Arsenal,Crystal Palace,home,0.1529952380952381,0.11972893,-0.0332663078007244
3614,11352311,23/24,2024-01-20,18,17,Crystal Palace,Arsenal,away,0.028991666666666666,0.11489346,0.08590179211695989
3615,11352313,23/24,2024-01-20,5301,6072,Brentford,Nottingham Forest,home,0.10907272727272727,0.114507884,0.005435156514427886
3615,11352313,23/24,2024-01-20,6072,5301,Nottingham Forest,Brentford,away,0.10138333333333333,0.11245148,0.011068145505587268
3616,11352334,23/24,2024-01-21,3792,7,Sheffield United,West Ham United,home,0.1273,0.11061412,-0.0166858790397644
3616,11352334,23/24,2024-01-21,7,3792,West Ham United,Sheffield United,away,0.14646875,0.11393708,-0.032531670093536386
3617,11352308,23/24,2024-01-21,769,19,Bournemouth,Liverpool FC,home,0.1244,0.118707664,-0.005692335689067837
3617,11352308,23/24,2024-01-21,19,769,Liverpool FC,Bournemouth,away,0.11222142857142857,0.1184499,0.0062284680025918165
3618,11352315,23/24,2024-01-22,2275,3033,Brighton & Hove Albion,Wolverhampton,home,0.09587272727272728,0.11691208,0.021039354564926838
3618,11352315,23/24,2024-01-22,3033,2275,Wolverhampton,Brighton & Hove Albion,away,0.14325,0.115261875,-0.027988124907016743
3619,11352348,23/24,2024-01-30,6072,17,Nottingham Forest,Arsenal,home,0.052333333333333336,0.11187948,0.05954614953200022
3619,11352348,23/24,2024-01-30,17,6072,Arsenal,Nottingham Forest,away,0.06181578947368421,0.11923616,0.057420366870729544
3620,11352344,23/24,2024-01-30,6830,2275,Luton Town,Brighton & Hove Albion,home,0.17831111111111111,0.11351707,-0.06479404278463788
3620,11352344,23/24,2024-01-30,2275,6830,Brighton & Hove Albion,Luton Town,away,0.10841111111111111,0.11684559,0.008434481745296055
3621,11352342,23/24,2024-01-30,3027,10,Fulham,Everton,home,0.066192,0.11335408,0.04716207942533493
3621,11352342,23/24,2024-01-30,10,3027,Everton,Fulham,away,0.10402380952380952,0.114724256,0.010700446574460898
3622,11352361,23/24,2024-01-30,18,3792,Crystal Palace,Sheffield United,home,0.09555,0.11409632,0.01854632116556168
3622,11352361,23/24,2024-01-30,3792,18,Sheffield United,Crystal Palace,away,0.08472222222222223,0.11123801,0.02651578800545798
3623,11352338,23/24,2024-01-30,12,21,Aston Villa,Newcastle United,home,0.121375,0.11953839,-0.0018366108536720244
3623,11352338,23/24,2024-01-30,21,12,Newcastle United,Aston Villa,away,0.18933571428571427,0.11692043,-0.0724152877977916
3624,11352369,23/24,2024-01-31,22,23,Manchester City,Burnley,home,0.12537857142857142,0.120117545,-0.00526102630070277
3624,11352369,23/24,2024-01-31,23,22,Burnley,Manchester City,away,0.18058749999999998,0.114453875,-0.06613362547159193
3625,11352351,23/24,2024-01-31,8,5301,Tottenham Hotspur,Brentford,home,0.15823157894736842,0.120902024,-0.03732955473786906
3625,11352351,23/24,2024-01-31,5301,8,Brentford,Tottenham Hotspur,away,0.18013333333333334,0.11494983,-0.06518350345691046
3626,11352365,23/24,2024-01-31,19,24,Liverpool FC,Chelsea,home,0.10375,0.1169966,0.013246601223945623
3626,11352365,23/24,2024-01-31,24,19,Chelsea,Liverpool FC,away,0.1457,0.120001525,-0.02569847531318664
3627,11352354,23/24,2024-02-01,7,769,West Ham United,Bournemouth,home,0.15402222222222223,0.12021501,-0.03380720859898462
3627,11352354,23/24,2024-02-01,769,7,Bournemouth,West Ham United,away,0.1337,0.1185956,-0.015104399871826185
3628,11896302,23/24,2024-02-01,3033,1,Wolverhampton,Manchester United,home,0.13719375,0.11471848,-0.022475268101692203
3628,11896302,23/24,2024-02-01,1,3033,Manchester United,Wolverhampton,away,0.15896666666666667,0.112681195,-0.046285471526781724
3629,11352395,23/24,2024-02-03,10,8,Everton,Tottenham Hotspur,home,0.22834285714285715,0.11441924,-0.1139236203636442
3629,11352395,23/24,2024-02-03,8,10,Tottenham Hotspur,Everton,away,0.10886666666666667,0.11890194,0.010035271533330281
3630,11352402,23/24,2024-02-03,21,6830,Newcastle United,Luton Town,home,0.1302684210526316,0.11705018,-0.013218242703613492
3630,11352402,23/24,2024-02-03,6830,21,Luton Town,Newcastle United,away,0.21783636363636363,0.11557563,-0.10226073714386333
3631,11352383,23/24,2024-02-03,2275,18,Brighton & Hove Albion,Crystal Palace,home,0.10964615384615385,0.11599066,0.0063445072384980955
3631,11352383,23/24,2024-02-03,18,2275,Crystal Palace,Brighton & Hove Albion,away,0.042742857142857145,0.11326301,0.07052015383584159
3632,11352386,23/24,2024-02-03,23,3027,Burnley,Fulham,home,0.1508,0.11413778,-0.03666221635341643
3632,11352386,23/24,2024-02-03,3027,23,Fulham,Burnley,away,0.10098,0.11353627,0.012556268472671508
3633,11352409,23/24,2024-02-03,3792,12,Sheffield United,Aston Villa,home,0.17467,0.11137179,-0.06329820714712142
3633,11352409,23/24,2024-02-03,12,3792,Aston Villa,Sheffield United,away,0.18195,0.12045698,-0.06149302132129669
3634,11352398,23/24,2024-02-04,1,7,Manchester United,West Ham United,home,0.06254166666666666,0.11806946,0.055527795811494196
3634,11352398,23/24,2024-02-04,7,1,West Ham United,Manchester United,away,0.06380909090909091,0.115541354,0.05173226291266354
3635,11352392,23/24,2024-02-04,24,3033,Chelsea,Wolverhampton,home,0.11571333333333333,0.11576179,4.845336596170924e-05
3635,11352392,23/24,2024-02-04,3033,24,Wolverhampton,Chelsea,away,0.14264285714285715,0.123603836,-0.01903902144091471
3636,11352372,23/24,2024-02-04,769,6072,Bournemouth,Nottingham Forest,home,0.16544444444444445,0.12534939,-0.040095056917932304
3636,11352372,23/24,2024-02-04,6072,769,Nottingham Forest,Bournemouth,away,0.0659,0.112197295,0.04629729483127594
3637,11352376,23/24,2024-02-04,17,19,Arsenal,Liverpool FC,home,0.24934,0.119623594,-0.1297164060139656
3637,11352376,23/24,2024-02-04,19,17,Liverpool FC,Arsenal,away,0.03725,0.11662101,0.07937101000547409
3638,11352380,23/24,2024-02-05,5301,22,Brentford,Manchester City,home,0.11591111111111112,0.11730104,0.0013899282866054047
3638,11352380,23/24,2024-02-05,22,5301,Manchester City,Brentford,away,0.08376,0.11945674,0.03569673823356628
3639,11352431,23/24,2024-02-10,22,10,Manchester City,Everton,home,0.08569473684210527,0.11975892,0.03406418203931105
3639,11352431,23/24,2024-02-10,10,22,Everton,Manchester City,away,0.06372,0.114487685,0.05076768526315689
3640,11352423,23/24,2024-02-10,19,23,Liverpool FC,Burnley,home,0.114388,0.11626782,0.0018798226828575099
3640,11352423,23/24,2024-02-10,23,19,Burnley,Liverpool FC,away,0.1567,0.11431616,-0.042383842003345495
3641,11352439,23/24,2024-02-10,8,2275,Tottenham Hotspur,Brighton & Hove Albion,home,0.103575,0.11712646,0.013551457393169403
3641,11352439,23/24,2024-02-10,2275,8,Brighton & Hove Albion,Tottenham Hotspur,away,0.20591666666666666,0.11625878,-0.08965788898865382
3642,11352446,23/24,2024-02-10,3033,5301,Wolverhampton,Brentford,home,0.06154117647058823,0.11471848,0.05317730542771957
3642,11352446,23/24,2024-02-10,5301,3033,Brentford,Wolverhampton,away,0.21536666666666665,0.11650938,-0.09885728871027627
3643,11352419,23/24,2024-02-10,3027,769,Fulham,Bournemouth,home,0.22195714285714285,0.11445614,-0.10750100335223334
3643,11352419,23/24,2024-02-10,769,3027,Bournemouth,Fulham,away,0.073712,0.118366726,0.044654725742816925
3644,11352427,23/24,2024-02-10,6830,3792,Luton Town,Sheffield United,home,0.09422,0.11447443,0.020254430680274965
3644,11352427,23/24,2024-02-10,3792,6830,Sheffield United,Luton Town,away,0.2584142857142857,0.11531866,-0.1430956222959927
3645,11352435,23/24,2024-02-10,6072,21,Nottingham Forest,Newcastle United,home,0.11535384615384615,0.11163344,-0.0037204038115648125
3645,11352435,23/24,2024-02-10,21,6072,Newcastle United,Nottingham Forest,away,0.06922857142857143,0.11817775,0.04894917778798512
3646,11352443,23/24,2024-02-11,7,17,West Ham United,Arsenal,home,0.04434,0.11279116,0.06845115825891496
3646,11352443,23/24,2024-02-11,17,7,Arsenal,West Ham United,away,0.143716,0.1190374,-0.02467860279417039
3647,11352412,23/24,2024-02-11,12,1,Aston Villa,Manchester United,home,0.11368695652173913,0.11875863,0.005071669760475989
3647,11352412,23/24,2024-02-11,1,12,Manchester United,Aston Villa,away,0.10555294117647059,0.11448599,0.008933045354310207
3648,11352415,23/24,2024-02-12,18,24,Crystal Palace,Chelsea,home,0.04283076923076923,0.11189972,0.06906894941146557
3648,11352415,23/24,2024-02-12,24,18,Chelsea,Crystal Palace,away,0.10033571428571428,0.1201819,0.019846188957350602
3649,11352450,23/24,2024-02-17,5301,19,Brentford,Liverpool FC,home,0.12255333333333333,0.116628416,-0.005924917450745901
3649,11352450,23/24,2024-02-17,19,5301,Liverpool FC,Brentford,away,0.19102666666666665,0.11790542,-0.07312124362150826
3650,11352453,23/24,2024-02-17,23,17,Burnley,Arsenal,home,0.038675,0.11286378,0.07418877906799316
3650,11352453,23/24,2024-02-17,17,23,Arsenal,Burnley,away,0.14748125,0.11849292,-0.028988326323032387
3651,11352486,23/24,2024-02-17,8,3033,Tottenham Hotspur,Wolverhampton,home,0.1078,0.117997654,0.0101976537823677
3651,11352486,23/24,2024-02-17,3033,8,Wolverhampton,Tottenham Hotspur,away,0.14683333333333334,0.11571181,-0.031121525128682465
3652,11352474,23/24,2024-02-17,21,769,Newcastle United,Bournemouth,home,0.13091176470588237,0.118661046,-0.01225071867774516
3652,11352474,23/24,2024-02-17,769,21,Bournemouth,Newcastle United,away,0.18469166666666667,0.11873262,-0.06595905036131541
3653,11352462,23/24,2024-02-17,3027,12,Fulham,Aston Villa,home,0.10352666666666667,0.1140928,0.010566130374272661
3653,11352462,23/24,2024-02-17,12,3027,Aston Villa,Fulham,away,0.13425833333333334,0.121594094,-0.012664239593346921
3654,11352478,23/24,2024-02-17,6072,7,Nottingham Forest,West Ham United,home,0.14853157894736843,0.11232252,-0.03620906220799999
3654,11352478,23/24,2024-02-17,7,6072,West Ham United,Nottingham Forest,away,0.05003,0.1141205,0.0640904982995987
3655,11352469,23/24,2024-02-17,22,24,Manchester City,Chelsea,home,0.08689677419354838,0.11945674,0.0325599640400179
3655,11352469,23/24,2024-02-17,24,22,Chelsea,Manchester City,away,0.1629,0.11982328,-0.04307672300338744
3656,11352481,23/24,2024-02-18,3792,2275,Sheffield United,Brighton & Hove Albion,home,0.099,0.11291541,0.013915411591529842
3656,11352481,23/24,2024-02-18,2275,3792,Brighton & Hove Albion,Sheffield United,away,0.12582083333333333,0.11599066,-0.00983017224868138
3657,11352465,23/24,2024-02-18,6830,1,Luton Town,Manchester United,home,0.08267272727272727,0.11241358,0.02974085046269677
3657,11352465,23/24,2024-02-18,1,6830,Manchester United,Luton Town,away,0.14182380952380952,0.11510268,-0.026721130986440744
3658,11352458,23/24,2024-02-19,10,18,Everton,Crystal Palace,home,0.09495263157894737,0.11494613,0.01999349535891884
3658,11352458,23/24,2024-02-19,18,10,Crystal Palace,Everton,away,0.07316,0.11016574,0.03700573756933212
3659,11971437,23/24,2024-02-20,22,5301,Manchester City,Brentford,home,0.097924,0.11915378,0.02122978272533417
3659,11971437,23/24,2024-02-20,5301,22,Brentford,Manchester City,away,0.05895,0.117396906,0.05844690601825714
3660,11352512,23/24,2024-02-21,19,6830,Liverpool FC,Luton Town,home,0.11453448275862069,0.11814145,0.003606967229267649
3660,11352512,23/24,2024-02-21,6830,19,Luton Town,Liverpool FC,away,0.07795833333333334,0.11541027,0.03745193497339884
3661,11352518,23/24,2024-02-24,1,3027,Manchester United,Fulham,home,0.0824952380952381,0.116181284,0.03368604609398615
3661,11352518,23/24,2024-02-24,3027,1,Fulham,Manchester United,away,0.07084117647058824,0.115751155,0.04490997825019499
3662,11352499,23/24,2024-02-24,12,6072,Aston Villa,Nottingham Forest,home,0.22954375,0.11909811,-0.11044563801288604
3662,11352499,23/24,2024-02-24,6072,12,Nottingham Forest,Aston Villa,away,0.25638,0.11508944,-0.14129056114435196
3663,11352502,23/24,2024-02-24,2275,10,Brighton & Hove Albion,Everton,home,0.06130434782608696,0.11786494,0.056560588764107744
3663,11352502,23/24,2024-02-24,10,2275,Everton,Brighton & Hove Albion,away,0.0483,0.11489507,0.06659506810903548
3664,11352509,23/24,2024-02-24,18,23,Crystal Palace,Burnley,home,0.16024666666666668,0.10943071,-0.05081595867554348
3665,11352490,23/24,2024-02-24,769,22,Bournemouth,Manchester City,home,0.07196153846153847,0.11572173,0.043760193916467516
3665,11352490,23/24,2024-02-24,22,769,Manchester City,Bournemouth,away,0.11725333333333333,0.11933963,0.002086296674410501
3666,11352493,23/24,2024-02-24,17,21,Arsenal,Newcastle United,home,0.15869444444444444,0.11849292,-0.04020152076747682
3666,11352493,23/24,2024-02-24,21,17,Newcastle United,Arsenal,away,0.05276666666666667,0.118048,0.06528133068879445
3667,11352525,23/24,2024-02-25,3033,3792,Wolverhampton,Sheffield United,home,0.10045384615384616,0.11539602,0.014942176642784702
3667,11352525,23/24,2024-02-25,3792,3033,Sheffield United,Wolverhampton,away,0.04824166666666667,0.11291541,0.06467374492486318
3668,11352521,23/24,2024-02-26,7,5301,West Ham United,Brentford,home,0.09937647058823529,0.11320063,0.013824156679125399
3668,11352521,23/24,2024-02-26,5301,7,Brentford,West Ham United,away,0.06572142857142857,0.116742335,0.05102090668848583
3669,11352556,23/24,2024-03-02,6072,19,Nottingham Forest,Liverpool FC,home,0.12155,0.113216415,-0.008333584952354436
3669,11352556,23/24,2024-03-02,19,6072,Liverpool FC,Nottingham Forest,away,0.09386818181818182,0.11790542,0.024037241226976563
3670,11352530,23/24,2024-03-02,5301,24,Brentford,Chelsea,home,0.13089285714285714,0.11423542,-0.0166574336375509
3670,11352530,23/24,2024-03-02,24,5301,Chelsea,Brentford,away,0.1066,0.1201819,0.01358190324306488
3671,11352564,23/24,2024-03-02,8,18,Tottenham Hotspur,Crystal Palace,home,0.13659285714285715,0.11700872,-0.019584133824280342
3671,11352564,23/24,2024-03-02,18,8,Crystal Palace,Tottenham Hotspur,away,0.08035,0.11104961,0.03069960739612579
3672,11352553,23/24,2024-03-02,21,3033,Newcastle United,Wolverhampton,home,0.15665,0.11912761,-0.03752239116430284
3672,11352553,23/24,2024-03-02,3033,21,Wolverhampton,Newcastle United,away,0.06638333333333334,0.11516092,0.04877758639256159
3673,11352537,23/24,2024-03-02,10,7,Everton,West Ham United,home,0.12415,0.11471413,-0.0094358692407608
3673,11352537,23/24,2024-03-02,7,10,West Ham United,Everton,away,0.15610833333333332,0.11520042,-0.0409079106291135
3674,11352540,23/24,2024-03-02,3027,2275,Fulham,Brighton & Hove Albion,home,0.10798333333333333,0.11463157,0.00664823754231135
3674,11352540,23/24,2024-03-02,2275,3027,Brighton & Hove Albion,Fulham,away,0.08905333333333333,0.115398794,0.026345461079279583
3675,11352545,23/24,2024-03-02,6830,12,Luton Town,Aston Villa,home,0.14282857142857142,0.11470963,-0.02811894082001276
3675,11352545,23/24,2024-03-02,12,6830,Aston Villa,Luton Town,away,0.16281666666666667,0.11945674,-0.04335992843310038
3676,11352533,23/24,2024-03-03,23,769,Burnley,Bournemouth,home,0.07508,0.110117786,0.03503778563261033
3676,11352533,23/24,2024-03-03,769,23,Bournemouth,Burnley,away,0.11225,0.11662524,0.004375241935253141
3677,11352548,23/24,2024-03-03,22,1,Manchester City,Manchester United,home,0.1233888888888889,0.11915378,-0.004235106163554728
3677,11352548,23/24,2024-03-03,1,22,Manchester United,Manchester City,away,0.08286666666666667,0.1157128,0.0328461324652036
3678,11352560,23/24,2024-03-04,3792,17,Sheffield United,Arsenal,home,0.059725,0.11182483,0.05209983285665512
3678,11352560,23/24,2024-03-04,17,3792,Arsenal,Sheffield United,away,0.1054909090909091,0.1181343,0.012643388339606196
3679,11352591,23/24,2024-03-09,1,10,Manchester United,Everton,home,0.18130666666666667,0.11562298,-0.06568368428389232
3679,11352591,23/24,2024-03-09,10,1,Everton,Manchester United,away,0.07024347826086956,0.115210466,0.04496698782599491
3680,11352595,23/24,2024-03-09,3033,3027,Wolverhampton,Fulham,home,0.1042625,0.11464487,0.010382370162010199
3680,11352595,23/24,2024-03-09,3027,3033,Fulham,Wolverhampton,away,0.12063478260869565,0.11463157,-0.0060032117330509616
3681,11352585,23/24,2024-03-09,18,6830,Crystal Palace,Luton Town,home,0.13230952380952382,0.11055327,-0.021756251741023303
3681,11352585,23/24,2024-03-09,6830,18,Luton Town,Crystal Palace,away,0.10525,0.11874938,0.01349938011169434
3682,11352567,23/24,2024-03-09,769,3792,Bournemouth,Sheffield United,home,0.104659375,0.11442542,0.0097660457611084
3682,11352567,23/24,2024-03-09,3792,769,Sheffield United,Bournemouth,away,0.09761538461538462,0.11222157,0.0146061842074761
3683,11352572,23/24,2024-03-09,17,5301,Arsenal,Brentford,home,0.07555882352941176,0.11979115,0.04423232656366685
3683,11352572,23/24,2024-03-09,5301,17,Brentford,Arsenal,away,0.10801111111111111,0.11559331,0.007582195609145692
3684,11352575,23/24,2024-03-10,12,8,Aston Villa,Tottenham Hotspur,home,0.08256,0.11909811,0.03653811198711396
3684,11352575,23/24,2024-03-10,8,12,Tottenham Hotspur,Aston Villa,away,0.17202222222222222,0.11871834,-0.053303881229294664
3685,11352593,23/24,2024-03-10,7,23,West Ham United,Burnley,home,0.09607272727272727,0.113700055,0.017627327313206417
3685,11352593,23/24,2024-03-10,23,7,Burnley,West Ham United,away,0.061418181818181816,0.110117786,0.048699603814428505
3686,11352579,23/24,2024-03-10,2275,6072,Brighton & Hove Albion,Nottingham Forest,home,0.04297,0.11768689,0.07471689006567
3686,11352579,23/24,2024-03-10,6072,2275,Nottingham Forest,Brighton & Hove Albion,away,0.0782,0.11602633,0.037826327013969416
3687,11352588,23/24,2024-03-10,19,22,Liverpool FC,Manchester City,home,0.14198947368421053,0.11944322,-0.022546250803847062
3687,11352588,23/24,2024-03-10,22,19,Manchester City,Liverpool FC,away,0.15581,0.119698256,-0.03611174374580384
3688,11352581,23/24,2024-03-11,24,21,Chelsea,Newcastle United,home,0.13121666666666668,0.1201819,-0.011034763423601796
3688,11352581,23/24,2024-03-11,21,24,Newcastle United,Chelsea,away,0.06705454545454545,0.11630518,0.04925063443942504
3689,11977248,23/24,2024-03-13,769,6830,Bournemouth,Luton Town,home,0.09857916666666666,0.11426828,0.015689113899072016
3689,11977248,23/24,2024-03-13,6830,769,Luton Town,Bournemouth,away,0.2570625,0.119497575,-0.137564925134182
3690,11352599,23/24,2024-03-16,23,5301,Burnley,Brentford,home,0.16308235294117648,0.110117786,-0.05296456730856616
3690,11352599,23/24,2024-03-16,5301,23,Brentford,Burnley,away,0.12925555555555557,0.119664535,-0.009591020629141078
3691,11352606,23/24,2024-03-16,6830,6072,Luton Town,Nottingham Forest,home,0.05784,0.11613014,0.058290143404006955
3691,11352606,23/24,2024-03-16,6072,6830,Nottingham Forest,Luton Town,away,0.12385,0.114559375,-0.00929062525033951
3692,11352604,23/24,2024-03-16,3027,8,Fulham,Tottenham Hotspur,home,0.17938125,0.11543917,-0.06394208089113235
3692,11352604,23/24,2024-03-16,8,3027,Tottenham Hotspur,Fulham,away,0.17245,0.11844136,-0.05400864179134368
3693,11352609,23/24,2024-03-17,7,12,West Ham United,Aston Villa,home,0.15523076923076923,0.11464938,-0.040581391467497896
3693,11352609,23/24,2024-03-17,12,7,Aston Villa,West Ham United,away,0.05096153846153846,0.11971602,0.06875447997680077
3694,11352620,23/24,2024-03-30,21,7,Newcastle United,West Ham United,home,0.17040833333333333,0.11920606,-0.051202269883950546
3694,11352620,23/24,2024-03-30,7,21,West Ham United,Newcastle United,away,0.14166,0.11622012,-0.025439883384704598
3695,11352616,23/24,2024-03-30,24,23,Chelsea,Burnley,home,0.1292151515151515,0.11552228,-0.013692871179725175
3695,11352616,23/24,2024-03-30,23,24,Burnley,Chelsea,away,0.09126666666666666,0.11338951,0.02212284026940664
3696,11352624,23/24,2024-03-30,8,6830,Tottenham Hotspur,Luton Town,home,0.17757058823529412,0.11781709,-0.05975349927369286
3696,11352624,23/24,2024-03-30,6830,8,Luton Town,Tottenham Hotspur,away,0.07484285714285714,0.11617502,0.04133216110808509
3697,11352612,23/24,2024-03-30,769,10,Bournemouth,Everton,home,0.1209909090909091,0.11704081,-0.00395009612170133
3697,11352612,23/24,2024-03-30,10,769,Everton,Bournemouth,away,0.14432857142857142,0.11464811,-0.029680460264001562
3698,11352623,23/24,2024-03-30,3792,3027,Sheffield United,Fulham,home,0.235625,0.11458999,-0.12103501081466675
3698,11352623,23/24,2024-03-30,3027,3792,Fulham,Sheffield United,away,0.054325,0.11451233,0.06018733178377152
3699,11352622,23/24,2024-03-30,6072,18,Nottingham Forest,Crystal Palace,home,0.07675,0.114559375,0.03780937474966049
3699,11352622,23/24,2024-03-30,18,6072,Crystal Palace,Nottingham Forest,away,0.11904,0.11207899,-0.0069610129380226204
3700,11352613,23/24,2024-03-30,12,3033,Aston Villa,Wolverhampton,home,0.08950909090909091,0.11754764,0.028038547805222594
3700,11352613,23/24,2024-03-30,3033,12,Wolverhampton,Aston Villa,away,0.11492307692307692,0.113959804,-0.0009632727457926787
3701,11352614,23/24,2024-03-30,5301,1,Brentford,Manchester United,home,0.10750967741935484,0.1154179,0.007908220281908587
3701,11352614,23/24,2024-03-30,1,5301,Manchester United,Brentford,away,0.053645454545454545,0.11449541,0.060849956969781356
3702,11352617,23/24,2024-03-31,19,2275,Liverpool FC,Brighton & Hove Albion,home,0.09445333333333333,0.11790542,0.023452089711825053
3702,11352617,23/24,2024-03-31,2275,19,Brighton & Hove Albion,Liverpool FC,away,0.05034444444444444,0.11544783,0.06510338223907683
3703,11352619,23/24,2024-03-31,22,17,Manchester City,Arsenal,home,0.08500833333333334,0.11879516,0.0337868231455485
3703,11352619,23/24,2024-03-31,17,22,Arsenal,Manchester City,away,0.10971666666666667,0.12045201,0.01073534247477849
3704,11352343,23/24,2024-04-02,21,10,Newcastle United,Everton,home,0.13820555555555555,0.11587172,-0.0223338355395529
3704,11352343,23/24,2024-04-02,10,21,Everton,Newcastle United,away,0.14416,0.1166546,-0.027505402777194987
3705,11352333,23/24,2024-04-02,6072,3027,Nottingham Forest,Fulham,home,0.09575625,0.115948096,0.02019184591770172
3705,11352333,23/24,2024-04-02,3027,6072,Fulham,Nottingham Forest,away,0.08357777777777778,0.115661,0.03208322491778268
3706,11352330,23/24,2024-04-02,23,3033,Burnley,Wolverhampton,home,0.1029,0.11428903,0.011389030432701105
3706,11352330,23/24,2024-04-02,3033,23,Wolverhampton,Burnley,away,0.1126875,0.11351286,0.0008253587484359781
3707,11352319,23/24,2024-04-02,769,18,Bournemouth,Crystal Palace,home,0.10018181818181818,0.11489655,0.014714732592756102
3708,11352336,23/24,2024-04-02,7,8,West Ham United,Tottenham Hotspur,home,0.13553636363636365,0.11550343,-0.020032933269847536
3708,11352336,23/24,2024-04-02,8,7,Tottenham Hotspur,West Ham United,away,0.07378461538461538,0.11856749,0.044782873702966255
3709,11352322,23/24,2024-04-03,17,6830,Arsenal,Luton Town,home,0.05916153846153846,0.11790361,0.058742074092534874
3709,11352322,23/24,2024-04-03,6830,17,Luton Town,Arsenal,away,0.0683,0.11555215,0.0472521497130394
3710,11352325,23/24,2024-04-03,5301,2275,Brentford,Brighton & Hove Albion,home,0.11366,0.116152585,0.0024925845527648954
3710,11352325,23/24,2024-04-03,2275,5301,Brighton & Hove Albion,Brentford,away,0.0473375,0.114276476,0.06693897620439529
3711,11352352,23/24,2024-04-03,22,12,Manchester City,Aston Villa,home,0.138228,0.11915378,-0.019074217274665822
3711,11352352,23/24,2024-04-03,12,22,Aston Villa,Manchester City,away,0.095875,0.11718901,0.021314012467861174
3712,11352347,23/24,2024-04-04,19,3792,Liverpool FC,Sheffield United,home,0.06301379310344828,0.11670273,0.053688934870012875
3712,11352347,23/24,2024-04-04,3792,19,Sheffield United,Liverpool FC,away,0.11804,0.11458999,-0.003450010814666754
3713,11352340,23/24,2024-04-04,24,1,Chelsea,Manchester United,home,0.10777142857142857,0.12031313,0.012541701747689926
3713,11352340,23/24,2024-04-04,1,24,Manchester United,Chelsea,away,0.07761052631578948,0.11449541,0.036884885199446424
3714,11352362,23/24,2024-04-06,18,22,Crystal Palace,Manchester City,home,0.1538,0.1150615,-0.038738500821590416
3714,11352362,23/24,2024-04-06,22,18,Manchester City,Crystal Palace,away,0.10615555555555556,0.11903037,0.012874815752771163
3715,11352368,23/24,2024-04-06,3027,21,Fulham,Newcastle United,home,0.08986428571428572,0.11742482,0.0275605376294681
3715,11352368,23/24,2024-04-06,21,3027,Newcastle United,Fulham,away,0.08130833333333333,0.119190484,0.037882150952021285
3716,11352355,23/24,2024-04-06,12,5301,Aston Villa,Brentford,home,0.13785454545454545,0.11574127,-0.022113277654214336
3716,11352355,23/24,2024-04-06,5301,12,Brentford,Aston Villa,away,0.19544999999999998,0.11773034,-0.07771965814828871
3717,11352384,23/24,2024-04-06,3033,7,Wolverhampton,West Ham United,home,0.10490000000000001,0.11398444,0.00908444324731826
3717,11352384,23/24,2024-04-06,7,3033,West Ham United,Wolverhampton,away,0.10584545454545455,0.114559375,0.008713920204205944
3718,11352364,23/24,2024-04-06,10,23,Everton,Burnley,home,0.078325,0.11494609,0.03662108968496322
3718,11352364,23/24,2024-04-06,23,10,Burnley,Everton,away,0.077,0.114022255,0.03702225494384766
3719,11352371,23/24,2024-04-06,6830,769,Luton Town,Bournemouth,home,0.07702105263157895,0.11334457,0.03632351985291431
3719,11352371,23/24,2024-04-06,769,6830,Bournemouth,Luton Town,away,0.05095,0.11488727,0.06393726735115052
3720,11352359,23/24,2024-04-06,2275,17,Brighton & Hove Albion,Arsenal,home,0.05267,0.11551308,0.06284307886838914
3720,11352359,23/24,2024-04-06,17,2275,Arsenal,Brighton & Hove Albion,away,0.16964,0.12032292,-0.049317079617977155
3721,11352374,23/24,2024-04-07,1,19,Manchester United,Liverpool FC,home,0.07802222222222223,0.11632846,0.03830624073611365
3721,11352374,23/24,2024-04-07,19,1,Liverpool FC,Manchester United,away,0.13214642857142858,0.118834354,-0.01331207458802633
3722,11352378,23/24,2024-04-07,3792,24,Sheffield United,Chelsea,home,0.1257,0.11590125,-0.009798753333091742
3722,11352378,23/24,2024-04-07,24,3792,Chelsea,Sheffield United,away,0.058166666666666665,0.1181945,0.06002783145507177
3723,11352381,23/24,2024-04-07,8,6072,Tottenham Hotspur,Nottingham Forest,home,0.09140588235294118,0.11722959,0.02582370597685084
3723,11352381,23/24,2024-04-07,6072,8,Nottingham Forest,Tottenham Hotspur,away,0.12743076923076924,0.1144027,-0.013028072740481456
3724,11352410,23/24,2024-04-13,21,8,Newcastle United,Tottenham Hotspur,home,0.16009444444444446,0.11799056,-0.04210388361480502
3724,11352410,23/24,2024-04-13,8,21,Tottenham Hotspur,Newcastle United,away,0.07021818181818182,0.11741015,0.04719197133237665
3725,11352406,23/24,2024-04-13,22,6830,Manchester City,Luton Town,home,0.12137837837837838,0.11849292,-0.0028854547014107584
3725,11352406,23/24,2024-04-13,6830,22,Luton Town,Manchester City,away,0.12755,0.11405463,-0.013495372283458706
3726,11352397,23/24,2024-04-13,23,2275,Burnley,Brighton & Hove Albion,home,0.15561818181818182,0.11284749,-0.042770689719373534
3726,11352397,23/24,2024-04-13,2275,23,Brighton & Hove Albion,Burnley,away,0.043095,0.11619742,0.07310242214679719
3727,11352413,23/24,2024-04-13,6072,3033,Nottingham Forest,Wolverhampton,home,0.1068,0.11510996,0.008309957754611963
3727,11352413,23/24,2024-04-13,3033,6072,Wolverhampton,Nottingham Forest,away,0.10988181818181818,0.11445614,0.004574321323091338
3728,11352394,23/24,2024-04-13,5301,3792,Brentford,Sheffield United,home,0.11331111111111111,0.11682516,0.003514052253299288
3728,11352394,23/24,2024-04-13,3792,5301,Sheffield United,Brentford,away,0.1049625,0.112012774,0.007050273752212524
3729,11352387,23/24,2024-04-13,769,1,Bournemouth,Manchester United,home,0.08182,0.11418478,0.03236478190898895
3729,11352387,23/24,2024-04-13,1,769,Manchester United,Bournemouth,away,0.1571625,0.113561414,-0.043601085817813884
3730,11352403,23/24,2024-04-14,19,18,Liverpool FC,Crystal Palace,home,0.13379047619047618,0.117083006,-0.01670747058334804
3730,11352403,23/24,2024-04-14,18,19,Crystal Palace,Liverpool FC,away,0.247875,0.12263958,-0.12523541843891145
3731,11352416,23/24,2024-04-14,7,3027,West Ham United,Fulham,home,0.06193333333333333,0.115183644,0.05325031066338221
3731,11352416,23/24,2024-04-14,3027,7,Fulham,West Ham United,away,0.18251666666666666,0.113952495,-0.068564171508948
3732,11352390,23/24,2024-04-14,17,12,Arsenal,Aston Villa,home,0.09873333333333334,0.118570685,0.019837352053324375
3732,11352390,23/24,2024-04-14,12,17,Aston Villa,Arsenal,away,0.08510909090909091,0.11467403,0.02956494082537564
3733,11352401,23/24,2024-04-15,24,10,Chelsea,Everton,home,0.2435642857142857,0.121309474,-0.12225481160368237
3733,11352401,23/24,2024-04-15,10,24,Everton,Chelsea,away,0.14821,0.114243604,-0.03396639575719834
3734,11352434,23/24,2024-04-20,6830,5301,Luton Town,Brentford,home,0.0976,0.11233981,0.014739809536933893
3734,11352434,23/24,2024-04-20,5301,6830,Brentford,Luton Town,away,0.14946190476190477,0.11633379,-0.03312811463844209
3735,11352441,23/24,2024-04-20,3792,23,Sheffield United,Burnley,home,0.13602777777777778,0.11208752,-0.02394025980101691
3735,11352441,23/24,2024-04-20,23,3792,Burnley,Sheffield United,away,0.13601875,0.11361598,-0.022402767765521997
3736,11352448,23/24,2024-04-20,3033,17,Wolverhampton,Arsenal,home,0.03458,0.11445614,0.07987613950490952
3736,11352448,23/24,2024-04-20,17,3033,Arsenal,Wolverhampton,away,0.04924166666666667,0.118370324,0.06912865770657857
3737,11352429,23/24,2024-04-21,10,6072,Everton,Nottingham Forest,home,0.048785714285714286,0.11464487,0.0658591558762959
3737,11352429,23/24,2024-04-21,6072,10,Nottingham Forest,Everton,away,0.118425,0.11551757,-0.0029074284315109278
3738,11352420,23/24,2024-04-21,12,769,Aston Villa,Bournemouth,home,0.16734,0.117300436,-0.05003956409931182
3738,11352420,23/24,2024-04-21,769,12,Bournemouth,Aston Villa,away,0.12626428571428572,0.114857405,-0.011406880290167676
3739,11352425,23/24,2024-04-21,18,7,Crystal Palace,West Ham United,home,0.13363333333333333,0.113175765,-0.020457568653424574
3739,11352425,23/24,2024-04-21,7,18,West Ham United,Crystal Palace,away,0.318075,0.115183644,-0.20289135600328445
3740,11352432,23/24,2024-04-21,3027,19,Fulham,Liverpool FC,home,0.06736666666666667,0.118730254,0.05136358780463536
3740,11352432,23/24,2024-04-21,19,3027,Liverpool FC,Fulham,away,0.07171428571428572,0.11685413,0.045139845507485524
3741,12190322,23/24,2024-04-23,17,24,Arsenal,Chelsea,home,0.12675555555555557,0.11849292,-0.008262631878587945
3741,12190322,23/24,2024-04-23,24,17,Chelsea,Arsenal,away,0.23962857142857144,0.1204536,-0.11917496786287854
3742,12190332,23/24,2024-04-24,3033,769,Wolverhampton,Bournemouth,home,0.03716666666666667,0.11464432,0.07747765215237935
3742,12190332,23/24,2024-04-24,769,3033,Bournemouth,Wolverhampton,away,0.09332380952380953,0.1144027,0.02107888696647825
3743,12190339,23/24,2024-04-24,10,19,Everton,Liverpool FC,home,0.0789375,0.11384848,0.03491097760200501
3743,12190339,23/24,2024-04-24,19,10,Liverpool FC,Everton,away,0.0906304347826087,0.117711276,0.02708084103335505
3744,12190336,23/24,2024-04-24,1,3792,Manchester United,Sheffield United,home,0.117452,0.11397902,-0.0034729807753562936
3744,12190336,23/24,2024-04-24,3792,1,Sheffield United,Manchester United,away,0.08155,0.11306983,0.03151983232498169
3745,12190340,23/24,2024-04-24,18,21,Crystal Palace,Newcastle United,home,0.044625,0.11362242,0.06899741953611374
3745,12190340,23/24,2024-04-24,21,18,Newcastle United,Crystal Palace,away,0.051628571428571426,0.11799056,0.06636198940106801
3746,12190341,23/24,2024-04-25,2275,22,Brighton & Hove Albion,Manchester City,home,0.08838571428571429,0.11460834,0.026222625679629186
3746,12190341,23/24,2024-04-25,22,2275,Manchester City,Brighton & Hove Albion,away,0.09747142857142857,0.11944322,0.021971794308934894
3747,11352476,23/24,2024-04-27,7,19,West Ham United,Liverpool FC,home,0.06398181818181818,0.11251988,0.04853806443756277
3747,11352476,23/24,2024-04-27,19,7,Liverpool FC,West Ham United,away,0.06263214285714286,0.119389,0.056756854697636194
3748,11352463,23/24,2024-04-27,1,23,Manchester United,Burnley,home,0.10025925925925926,0.11466986,0.014410600150073019
3748,11352463,23/24,2024-04-27,23,1,Burnley,Manchester United,away,0.1287125,0.114580356,-0.014132144415378578
3749,11352467,23/24,2024-04-27,21,3792,Newcastle United,Sheffield United,home,0.15547,0.11629029,-0.03917970636606216
3749,11352467,23/24,2024-04-27,3792,21,Sheffield United,Newcastle United,away,0.10416666666666667,0.113549724,0.009383057554562882
3750,11352460,23/24,2024-04-27,3027,18,Fulham,Crystal Palace,home,0.12648888888888887,0.119265094,-0.0072237944894366635
3750,11352460,23/24,2024-04-27,18,3027,Crystal Palace,Fulham,away,0.0723,0.11503011,0.04273010988235473
3751,11352479,23/24,2024-04-27,3033,6830,Wolverhampton,Luton Town,home,0.09306923076923077,0.11197961,0.01891038044874485
3751,11352479,23/24,2024-04-27,6830,3033,Luton Town,Wolverhampton,away,0.06592222222222223,0.111920774,0.04599855176077948
3752,11352457,23/24,2024-04-27,10,5301,Everton,Brentford,home,0.04787222222222222,0.11415645,0.06628422512875663
3752,11352457,23/24,2024-04-27,5301,10,Brentford,Everton,away,0.08769,0.116807885,0.02911788546800613
3753,11352454,23/24,2024-04-27,12,24,Aston Villa,Chelsea,home,0.1224,0.11694099,-0.005459009909629817
3753,11352454,23/24,2024-04-27,24,12,Chelsea,Aston Villa,away,0.0745904761904762,0.12002617,0.045435695016951785
3754,11352472,23/24,2024-04-28,8,17,Tottenham Hotspur,Arsenal,home,0.16136,0.11592593,-0.04543406955957413
3754,11352472,23/24,2024-04-28,17,8,Arsenal,Tottenham Hotspur,away,0.114,0.1190374,0.005037397205829616
3755,11352451,23/24,2024-04-28,769,2275,Bournemouth,Brighton & Hove Albion,home,0.14044666666666666,0.1162978,-0.024148870298067726
3755,11352451,23/24,2024-04-28,2275,769,Brighton & Hove Albion,Bournemouth,away,0.07256923076923077,0.11617866,0.04360943081562335
3756,11352470,23/24,2024-04-28,6072,22,Nottingham Forest,Manchester City,home,0.13812142857142856,0.11644119,-0.021680238328661228
3756,11352470,23/24,2024-04-28,22,6072,Manchester City,Nottingham Forest,away,0.07944545454545454,0.1181343,0.03868884288506075
3757,12226774,23/24,2024-05-02,24,8,Chelsea,Tottenham Hotspur,home,0.1556875,0.12055786,-0.03512964046001435
3757,12226774,23/24,2024-05-02,8,24,Tottenham Hotspur,Chelsea,away,0.08675263157894737,0.11784256,0.031089930917714767
3758,11352503,23/24,2024-05-03,6830,10,Luton Town,Everton,home,0.044983333333333334,0.1126558,0.0676724702278773
3758,11352503,23/24,2024-05-03,10,6830,Everton,Luton Town,away,0.14223,0.11415472,-0.02807528118371963
3759,11352482,23/24,2024-05-04,17,769,Arsenal,Bournemouth,home,0.135636,0.1184499,-0.01718610342597962
3759,11352482,23/24,2024-05-04,769,17,Bournemouth,Arsenal,away,0.06635714285714285,0.114741206,0.04838406331198557
3760,11352491,23/24,2024-05-04,23,21,Burnley,Newcastle United,home,0.061235294117647054,0.11715323,0.055917933211607096
3760,11352491,23/24,2024-05-04,21,23,Newcastle United,Burnley,away,0.16618260869565218,0.12006296,-0.046119646521236596
3761,11352485,23/24,2024-05-04,5301,3027,Brentford,Fulham,home,0.0902,0.116807885,0.02660788546800613
3761,11352485,23/24,2024-05-04,3027,5301,Fulham,Brentford,away,0.08508666666666667,0.11744041,0.03235374329169591
3762,11352510,23/24,2024-05-04,3792,6072,Sheffield United,Nottingham Forest,home,0.13608823529411765,0.11357236,-0.02251587620903464
3762,11352510,23/24,2024-05-04,6072,3792,Nottingham Forest,Sheffield United,away,0.09676,0.114995636,0.01823563604593277
3763,11352507,23/24,2024-05-04,22,3033,Manchester City,Wolverhampton,home,0.18683,0.1181343,-0.0686957025694847
3764,11352494,23/24,2024-05-05,24,7,Chelsea,West Ham United,home,0.16877999999999999,0.1217834,-0.046996601908206925
3764,11352494,23/24,2024-05-05,7,24,West Ham United,Chelsea,away,0.06776153846153846,0.11462127,0.04685972826114068
3765,11352488,23/24,2024-05-05,2275,12,Brighton & Hove Albion,Aston Villa,home,0.16846,0.1194256,-0.04903439774274826
3766,11352500,23/24,2024-05-05,19,8,Liverpool FC,Tottenham Hotspur,home,0.145352,0.11685532,-0.02849667668533326
3766,11352500,23/24,2024-05-05,8,19,Tottenham Hotspur,Liverpool FC,away,0.11231818181818182,0.11895849,0.006640306288545783
3767,12226495,23/24,2024-05-06,18,1,Crystal Palace,Manchester United,home,0.09732222222222223,0.114115804,0.016793582211600405
3767,12226495,23/24,2024-05-06,1,18,Manchester United,Crystal Palace,away,0.050557142857142856,0.11690857,0.0663514297570501
3768,11352529,23/24,2024-05-11,22,3027,Manchester City,Fulham,away,0.2029375,0.119706616,-0.08323088419437408
3769,11352542,23/24,2024-05-11,8,23,Tottenham Hotspur,Burnley,home,0.12932857142857143,0.11812025,-0.011208318342481344
3769,11352542,23/24,2024-05-11,23,8,Burnley,Tottenham Hotspur,away,0.09612857142857142,0.11553055,0.01940197905131749
3770,11352536,23/24,2024-05-11,21,2275,Newcastle United,Brighton & Hove Albion,home,0.12347222222222222,0.11899279,-0.004479431642426382
3770,11352536,23/24,2024-05-11,2275,21,Brighton & Hove Albion,Newcastle United,away,0.09132,0.11491846,0.023598462932109834
3771,11352513,23/24,2024-05-11,7,6830,West Ham United,Luton Town,home,0.13402916666666667,0.113416106,-0.02061306115786235
3771,11352513,23/24,2024-05-11,6830,7,Luton Town,West Ham United,away,0.08075,0.1126558,0.03190580356121063
3772,11352516,23/24,2024-05-11,3033,18,Wolverhampton,Crystal Palace,home,0.11185714285714286,0.11220886,0.0003517152752195024
3772,11352516,23/24,2024-05-11,18,3033,Crystal Palace,Wolverhampton,away,0.20787692307692307,0.1154097,-0.09246722101431626
3773,11352527,23/24,2024-05-11,10,3792,Everton,Sheffield United,home,0.15644666666666668,0.11454652,-0.04190014416853588
3773,11352527,23/24,2024-05-11,3792,10,Sheffield United,Everton,away,0.046007692307692305,0.11238606,0.0663783704335873
3774,11352519,23/24,2024-05-11,769,5301,Bournemouth,Brentford,home,0.0517,0.11442542,0.0627254207611084
3774,11352519,23/24,2024-05-11,5301,769,Brentford,Bournemouth,away,0.09860909090909091,0.1164921,0.017883009150895204
3775,11352539,23/24,2024-05-11,6072,24,Nottingham Forest,Chelsea,home,0.08373,0.114995636,0.03126563604593277
3775,11352539,23/24,2024-05-11,24,6072,Chelsea,Nottingham Forest,away,0.13494166666666665,0.11948698,-0.015454686526457456
3776,11352532,23/24,2024-05-12,1,17,Manchester United,Arsenal,home,0.036457142857142855,0.11344091,0.07698376563446863
3776,11352532,23/24,2024-05-12,17,1,Arsenal,Manchester United,away,0.13813636363636364,0.11826405,-0.019872314344752923
3777,11352523,23/24,2024-05-13,12,19,Aston Villa,Liverpool FC,home,0.16691052631578948,0.11674869,-0.05016183571062591
3777,11352523,23/24,2024-05-13,19,12,Liverpool FC,Aston Villa,away,0.1303642857142857,0.11826405,-0.012100236422674993
3778,12240634,23/24,2024-05-14,8,22,Tottenham Hotspur,Manchester City,home,0.16572,0.119110584,-0.0466094157409668
3778,12240634,23/24,2024-05-14,22,8,Manchester City,Tottenham Hotspur,away,0.2994,0.123836674,-0.1755633262038231
3779,12240570,23/24,2024-05-15,2275,24,Brighton & Hove Albion,Chelsea,home,0.1061,0.11436705,0.008267052912712097
3779,12240570,23/24,2024-05-15,24,2275,Chelsea,Brighton & Hove Albion,away,0.11027857142857143,0.118048,0.0077694259268896865
3780,12240571,23/24,2024-05-15,1,21,Manchester United,Newcastle United,home,0.08706470588235293,0.114049755,0.02698504915447797
3780,12240571,23/24,2024-05-15,21,1,Newcastle United,Manchester United,away,0.10445714285714286,0.1195327,0.015075554045609063
3781,11352571,23/24,2024-05-19,22,7,Manchester City,West Ham United,home,0.07299285714285714,0.11818976,0.04519690240962165
3782,11352552,23/24,2024-05-19,2275,1,Brighton & Hove Albion,Manchester United,home,0.11086470588235293,0.11624398,0.0053792749425944225
3782,11352552,23/24,2024-05-19,1,2275,Manchester United,Brighton & Hove Albion,away,0.11685454545454546,0.113080494,-0.0037740513487295735
3783,11352565,23/24,2024-05-19,19,3033,Liverpool FC,Wolverhampton,home,0.13517777777777779,0.11849292,-0.016684854100810165
3783,11352565,23/24,2024-05-19,3033,19,Wolverhampton,Liverpool FC,away,0.12442500000000001,0.11386739,-0.01055761282444001
3784,11352546,23/24,2024-05-19,17,10,Arsenal,Everton,home,0.11698076923076924,0.11889875,0.0019179801207322295
3784,11352546,23/24,2024-05-19,10,17,Everton,Arsenal,away,0.12252,0.11417382,-0.008346177895069126
3785,11352558,23/24,2024-05-19,24,769,Chelsea,Bournemouth,home,0.0710875,0.11840662,0.047319123601913454
3785,11352558,23/24,2024-05-19,769,24,Bournemouth,Chelsea,away,0.11033636363636364,0.113929085,0.0035927217971194886
3786,11352574,23/24,2024-05-19,3792,8,Sheffield United,Tottenham Hotspur,home,0.16398333333333334,0.11663366,-0.047349672242005675
3786,11352574,23/24,2024-05-19,8,3792,Tottenham Hotspur,Sheffield United,away,0.17542222222222223,0.117997654,-0.05742456843985452
3787,11352549,23/24,2024-05-19,5301,21,Brentford,Newcastle United,home,0.11309999999999999,0.11590394,0.0028039363265037615
3787,11352549,23/24,2024-05-19,21,5301,Newcastle United,Brentford,away,0.2910333333333333,0.11898822,-0.1720451099594434
3788,11352562,23/24,2024-05-19,18,12,Crystal Palace,Aston Villa,home,0.16917333333333334,0.11550206,-0.05367127387364706
3788,11352562,23/24,2024-05-19,12,18,Aston Villa,Crystal Palace,away,0.12725,0.11743026,-0.009819737732410433
3789,11352568,23/24,2024-05-19,6830,3027,Luton Town,Fulham,home,0.14006666666666667,0.11220886,-0.027857808534304307
3789,11352568,23/24,2024-05-19,3027,6830,Fulham,Luton Town,away,0.06826875,0.11570196,0.04743320853710174
3790,11352555,23/24,2024-05-19,23,6072,Burnley,Nottingham Forest,home,0.06055,0.113811865,0.05326186544895172
3790,11352555,23/24,2024-05-19,6072,23,Nottingham Forest,Burnley,away,0.14805,0.11552625,-0.032523748505115496
3791,12436870,24/25,2024-08-16,1,3027,Manchester United,Fulham,home,0.1738357142857143,0.11147651,-0.06235920352254595
3791,12436870,24/25,2024-08-16,3027,1,Fulham,Manchester United,away,0.04353,0.11147651,0.06794651076316834
3792,12436871,24/25,2024-08-17,7583,19,Ipswich Town,Liverpool FC,home,0.06461428571428571,0.11328913,0.04867484699998584
3792,12436871,24/25,2024-08-17,19,7583,Liverpool FC,Ipswich Town,away,0.14771666666666666,0.11147651,-0.03624015590349833
3793,12436872,24/25,2024-08-17,17,3033,Arsenal,Wolverhampton,home,0.06873333333333333,0.11147651,0.04274317742983501
3793,12436872,24/25,2024-08-17,3033,17,Wolverhampton,Arsenal,away,0.05215555555555555,0.11147651,0.05932095520761278
3794,12436874,24/25,2024-08-17,21,20,Newcastle United,Southampton,home,0.08446666666666666,0.11147651,0.027009844096501673
3794,12436874,24/25,2024-08-17,20,21,Southampton,Newcastle United,away,0.0958842105263158,0.11147651,0.015592300236852541
3795,12436873,24/25,2024-08-17,10,2275,Everton,Brighton & Hove Albion,home,0.050522222222222225,0.11147651,0.06095428854094611
3795,12436873,24/25,2024-08-17,2275,10,Brighton & Hove Albion,Everton,away,0.14304,0.11147651,-0.031563489236831666
3796,12436875,24/25,2024-08-17,6072,769,Nottingham Forest,Bournemouth,home,0.09971428571428571,0.11147651,0.011762225048882621
3796,12436875,24/25,2024-08-17,769,6072,Bournemouth,Nottingham Forest,away,0.09404615384615385,0.11147651,0.017430356917014486
3797,12436877,24/25,2024-08-17,7,12,West Ham United,Aston Villa,home,0.1754642857142857,0.11147651,-0.06398777495111738
3797,12436877,24/25,2024-08-17,12,7,Aston Villa,West Ham United,away,0.13525333333333334,0.11147651,-0.023776822570165
3798,12436879,24/25,2024-08-18,5301,18,Brentford,Crystal Palace,home,0.19974444444444445,0.11147651,-0.08826793368127611
3798,12436879,24/25,2024-08-18,18,5301,Crystal Palace,Brentford,away,0.08358571428571429,0.11147651,0.027890796477454044
3799,12436880,24/25,2024-08-18,24,22,Chelsea,Manchester City,home,0.10143,0.11147651,0.010046510763168329
3799,12436880,24/25,2024-08-18,22,24,Manchester City,Chelsea,away,0.06995454545454545,0.11147651,0.041521965308622885
3800,12436881,24/25,2024-08-19,9,8,Leicester City,Tottenham Hotspur,home,0.14932857142857142,0.11147651,-0.03785206066540309
3800,12436881,24/25,2024-08-19,8,9,Tottenham Hotspur,Leicester City,away,0.07840666666666667,0.11147651,0.03306984409650167
3801,12436888,24/25,2024-08-24,2275,1,Brighton & Hove Albion,Manchester United,home,0.14952142857142856,0.11102119,-0.03850023768969943
3801,12436888,24/25,2024-08-24,1,2275,Manchester United,Brighton & Hove Albion,away,0.12972727272727272,0.11538775,-0.014339520075104445
3802,12436898,24/25,2024-08-24,22,7583,Manchester City,Ipswich Town,home,0.23882857142857142,0.12127335,-0.11755521773270197
3803,12436902,24/25,2024-08-24,8,10,Tottenham Hotspur,Everton,home,0.1872,0.114585906,-0.07261409373283387
3803,12436902,24/25,2024-08-24,10,8,Everton,Tottenham Hotspur,away,0.09979,0.11372202,0.013932018897533413
3804,12436892,24/25,2024-08-24,18,7,Crystal Palace,West Ham United,home,0.09623571428571429,0.11147651,0.01524079647745405
3804,12436892,24/25,2024-08-24,7,18,West Ham United,Crystal Palace,away,0.07739444444444445,0.11482541,0.037430968186590405
3805,12436894,24/25,2024-08-24,3027,9,Fulham,Leicester City,home,0.0987,0.11227836,0.013578357148170475
3805,12436894,24/25,2024-08-24,9,3027,Leicester City,Fulham,away,0.0608,0.11372202,0.05292201889753342
3806,12436900,24/25,2024-08-24,20,6072,Southampton,Nottingham Forest,home,0.02816,0.11537549,0.08721548899650573
3806,12436900,24/25,2024-08-24,6072,20,Nottingham Forest,Southampton,away,0.10654782608695652,0.11372202,0.007174192810576893
3807,12436886,24/25,2024-08-24,12,17,Aston Villa,Arsenal,home,0.11598181818181819,0.113961525,-0.002020292920416056
3807,12436886,24/25,2024-08-24,17,12,Arsenal,Aston Villa,away,0.09654444444444445,0.114585906,0.01804146182272169
3808,12436904,24/25,2024-08-25,3033,24,Wolverhampton,Chelsea,home,0.16323333333333334,0.11147651,-0.051756822570165006
3808,12436904,24/25,2024-08-25,24,3033,Chelsea,Wolverhampton,away,0.11966428571428571,0.114523865,-0.005140420431750156
3809,12436884,24/25,2024-08-25,769,21,Bournemouth,Newcastle United,home,0.14094375,0.11227836,-0.028665392851829535
3809,12436884,24/25,2024-08-25,21,769,Newcastle United,Bournemouth,away,0.12104285714285715,0.11227836,-0.008764499994686675
3810,12436896,24/25,2024-08-25,19,5301,Liverpool FC,Brentford,home,0.13964736842105263,0.11537549,-0.024271879424546894
3810,12436896,24/25,2024-08-25,5301,19,Brentford,Liverpool FC,away,0.06875,0.11147651,0.04272651076316833
3811,12436906,24/25,2024-08-31,17,2275,Arsenal,Brighton & Hove Albion,home,0.19923636363636363,0.11482541,-0.08441095100532878
3811,12436906,24/25,2024-08-31,2275,17,Brighton & Hove Albion,Arsenal,away,0.0841,0.114585906,0.030485906267166143
3812,12436918,24/25,2024-08-31,9,12,Leicester City,Aston Villa,home,0.049966666666666666,0.111904584,0.06193791720469793
3812,12436918,24/25,2024-08-31,12,9,Aston Villa,Leicester City,away,0.155,0.11224613,-0.04275386661291122
3813,12436912,24/25,2024-08-31,10,769,Everton,Bournemouth,home,0.11050555555555555,0.114523865,0.004018309726980002
3813,12436912,24/25,2024-08-31,769,10,Bournemouth,Everton,away,0.13951176470588236,0.114585906,-0.024925858438716225
3814,12436926,24/25,2024-08-31,6072,3033,Nottingham Forest,Wolverhampton,home,0.0649,0.11538775,0.050487752652168275
3814,12436926,24/25,2024-08-31,3033,6072,Wolverhampton,Nottingham Forest,away,0.06720909090909091,0.11372202,0.046512927988442504
3815,12436915,24/25,2024-08-31,7583,3027,Ipswich Town,Fulham,home,0.0409,0.11171602,0.07081601712703706
3815,12436915,24/25,2024-08-31,3027,7583,Fulham,Ipswich Town,away,0.10516666666666667,0.11372202,0.008555352230866745
3816,12436908,24/25,2024-08-31,5301,20,Brentford,Southampton,home,0.140225,0.11270145,-0.027523546731472004
3816,12436908,24/25,2024-08-31,20,5301,Southampton,Brentford,away,0.08712777777777778,0.11537549,0.02824771121872796
3817,12436927,24/25,2024-08-31,7,22,West Ham United,Manchester City,home,0.07272,0.11372202,0.04100201889753341
3817,12436927,24/25,2024-08-31,22,7,Manchester City,West Ham United,away,0.13076521739130434,0.11537549,-0.015389728394798602
3818,12436910,24/25,2024-09-01,24,18,Chelsea,Crystal Palace,home,0.18203076923076922,0.11372202,-0.0683087503332358
3818,12436910,24/25,2024-09-01,18,24,Crystal Palace,Chelsea,away,0.06037777777777778,0.11168877,0.05131099257601632
3819,12436923,24/25,2024-09-01,21,8,Newcastle United,Tottenham Hotspur,home,0.2030888888888889,0.11214409,-0.0909447986536556
3819,12436923,24/25,2024-09-01,8,21,Tottenham Hotspur,Newcastle United,away,0.06349,0.114585906,0.05109590626716613
3820,12436920,24/25,2024-09-01,1,19,Manchester United,Liverpool FC,home,0.170125,0.11538775,-0.054737247347831725
3820,12436920,24/25,2024-09-01,19,1,Liverpool FC,Manchester United,away,0.16292727272727273,0.11537549,-0.04755178373076699
3821,12436949,24/25,2024-09-14,20,1,Southampton,Manchester United,home,0.18613333333333335,0.115871824,-0.07026150900920233
3821,12436949,24/25,2024-09-14,1,20,Manchester United,Southampton,away,0.13353,0.11457876,-0.018951238839626322
3822,12436946,24/25,2024-09-14,22,5301,Manchester City,Brentford,home,0.12068888888888889,0.11614636,-0.004542525570922426
3822,12436946,24/25,2024-09-14,5301,22,Brentford,Manchester City,away,0.1205,0.11433892,-0.006161080479621883
3823,12436944,24/25,2024-09-14,19,6072,Liverpool FC,Nottingham Forest,home,0.06732857142857143,0.11614636,0.04881779188939503
3823,12436944,24/25,2024-09-14,6072,19,Nottingham Forest,Liverpool FC,away,0.08848,0.114262976,0.025782975752353665
3824,12436941,24/25,2024-09-14,3027,7,Fulham,West Ham United,home,0.0735,0.11372202,0.04022201889753342
3824,12436941,24/25,2024-09-14,7,3027,West Ham United,Fulham,away,0.06874545454545454,0.114218354,0.04547289967970415
3825,12436936,24/25,2024-09-14,2275,7583,Brighton & Hove Albion,Ipswich Town,home,0.08427142857142857,0.11539803,0.031126598431382865
3825,12436936,24/25,2024-09-14,7583,2275,Ipswich Town,Brighton & Hove Albion,away,0.0583,0.11102119,0.05272119088172913
3826,12436938,24/25,2024-09-14,18,9,Crystal Palace,Leicester City,home,0.12727,0.11171602,-0.015553982872962946
3826,12436938,24/25,2024-09-14,9,18,Leicester City,Crystal Palace,away,0.1361777777777778,0.11289002,-0.023287757764922257
3827,12436933,24/25,2024-09-14,12,10,Aston Villa,Everton,home,0.12499411764705882,0.115871824,-0.009122293322927813
3827,12436933,24/25,2024-09-14,10,12,Everton,Aston Villa,away,0.14946666666666666,0.11538775,-0.03407891401449839
3828,12436931,24/25,2024-09-14,769,24,Bournemouth,Chelsea,home,0.0929,0.11520281,0.022302806890010837
3828,12436931,24/25,2024-09-14,24,769,Chelsea,Bournemouth,away,0.0772,0.11481796,0.03761796205043792
3829,12436951,24/25,2024-09-15,8,17,Tottenham Hotspur,Arsenal,home,0.047626666666666664,0.11508224,0.06745557492812475
3829,12436951,24/25,2024-09-15,17,8,Arsenal,Tottenham Hotspur,away,0.10565714285714285,0.11508224,0.00942509873764856
3830,12436954,24/25,2024-09-15,3033,21,Wolverhampton,Newcastle United,home,0.1029,0.11372202,0.010822018897533411
3830,12436954,24/25,2024-09-15,21,3033,Newcastle United,Wolverhampton,away,0.10847142857142857,0.11508224,0.0066108130233628465
3831,12436980,24/25,2024-09-21,7,24,West Ham United,Chelsea,home,0.05690666666666667,0.111449264,0.05454259732325872
3831,12436980,24/25,2024-09-21,24,7,Chelsea,West Ham United,away,0.18253333333333333,0.11445786,-0.06807547274430592
3832,12436969,24/25,2024-09-21,19,769,Liverpool FC,Bournemouth,home,0.10820526315789473,0.11614636,0.007941100160071726
3832,12436969,24/25,2024-09-21,769,19,Bournemouth,Liverpool FC,away,0.057021052631578945,0.11520281,0.05818175425843189
3833,12436977,24/25,2024-09-21,8,5301,Tottenham Hotspur,Brentford,home,0.1622695652173913,0.11508224,-0.04718732362259989
3833,12436977,24/25,2024-09-21,5301,8,Brentford,Tottenham Hotspur,away,0.13371666666666668,0.114218354,-0.019498312441507987
3834,12436964,24/25,2024-09-21,3027,21,Fulham,Newcastle United,home,0.1043090909090909,0.11508224,0.010773150685700505
3834,12436964,24/25,2024-09-21,21,3027,Newcastle United,Fulham,away,0.0961125,0.117006704,0.020894204211235043
3835,12436957,24/25,2024-09-21,12,3033,Aston Villa,Wolverhampton,home,0.19216666666666668,0.116999395,-0.07516727147499722
3835,12436957,24/25,2024-09-21,3033,12,Wolverhampton,Aston Villa,away,0.05145,0.11339909,0.061949088382720945
3836,12436967,24/25,2024-09-21,9,10,Leicester City,Everton,home,0.05519166666666667,0.111904584,0.05671291720469793
3836,12436967,24/25,2024-09-21,10,9,Everton,Leicester City,away,0.06485882352941176,0.114262976,0.04940415222294191
3837,12436973,24/25,2024-09-21,20,7583,Southampton,Ipswich Town,home,0.22668181818181818,0.11537549,-0.11130632918531244
3837,12436973,24/25,2024-09-21,7583,20,Ipswich Town,Southampton,away,0.12983846153846154,0.11147651,-0.018361950775293207
3838,12436962,24/25,2024-09-21,18,1,Crystal Palace,Manchester United,home,0.11564444444444444,0.114218354,-0.0014260902192857472
3838,12436962,24/25,2024-09-21,1,18,Manchester United,Crystal Palace,away,0.11686666666666666,0.11457876,-0.0022879055062929726
3839,12436959,24/25,2024-09-22,2275,6072,Brighton & Hove Albion,Nottingham Forest,home,0.07169285714285714,0.11539803,0.04370516985995429
3839,12436959,24/25,2024-09-22,6072,2275,Nottingham Forest,Brighton & Hove Albion,away,0.35455,0.114218354,-0.24033164577484128
3840,12436971,24/25,2024-09-22,22,17,Manchester City,Arsenal,home,0.06621818181818181,0.11614636,0.049928181499784646
3840,12436971,24/25,2024-09-22,17,22,Arsenal,Manchester City,away,0.13484,0.11508224,-0.019757758405208575
3841,12436999,24/25,2024-09-28,21,22,Newcastle United,Manchester City,home,0.14343636363636364,0.118268594,-0.0251677694905888
3841,12436999,24/25,2024-09-28,22,21,Manchester City,Newcastle United,away,0.057075,0.11710493,0.06002993266582489
3842,12436985,24/25,2024-09-28,17,9,Arsenal,Leicester City,home,0.1375142857142857,0.114593394,-0.022920891613619654
3842,12436985,24/25,2024-09-28,9,17,Leicester City,Arsenal,away,0.0646,0.112340935,0.04774093457460403
3843,12436989,24/25,2024-09-28,24,2275,Chelsea,Brighton & Hove Albion,home,0.27752666666666664,0.117547385,-0.15997928127209343
3843,12436989,24/25,2024-09-28,2275,24,Brighton & Hove Albion,Chelsea,away,0.07392,0.114726275,0.04080627520561218
3844,12436987,24/25,2024-09-28,5301,7,Brentford,West Ham United,home,0.046,0.11413616,0.06813615942001343
3844,12436987,24/25,2024-09-28,7,5301,West Ham United,Brentford,away,0.051910526315789476,0.11257902,0.06066849156178926
3845,12436992,24/25,2024-09-28,10,18,Everton,Crystal Palace,home,0.111225,0.11217433,0.0009493321418762163
3845,12436992,24/25,2024-09-28,18,10,Crystal Palace,Everton,away,0.05561764705882353,0.111593716,0.055976068787715015
3846,12437001,24/25,2024-09-28,6072,3027,Nottingham Forest,Fulham,home,0.07238181818181819,0.114131026,0.04174920778816396
3846,12437001,24/25,2024-09-28,3027,6072,Fulham,Nottingham Forest,away,0.09527857142857142,0.11465674,0.01937816750832967
3847,12437002,24/25,2024-09-28,3033,19,Wolverhampton,Liverpool FC,home,0.0793375,0.11010593,0.03076843175888061
3847,12437002,24/25,2024-09-28,19,3033,Liverpool FC,Wolverhampton,away,0.25418,0.11584334,-0.13833665924549104
3848,12436993,24/25,2024-09-29,7583,12,Ipswich Town,Aston Villa,home,0.07881333333333333,0.110633075,0.03181974190394084
3848,12436993,24/25,2024-09-29,12,7583,Aston Villa,Ipswich Town,away,0.11715714285714286,0.11782394,0.0006668006386075648
3849,12436995,24/25,2024-09-29,1,8,Manchester United,Tottenham Hotspur,home,0.08704545454545455,0.115539625,0.02849417074160142
3849,12436995,24/25,2024-09-29,8,1,Tottenham Hotspur,Manchester United,away,0.19628333333333334,0.11531631,-0.08096702429850897
3850,12436982,24/25,2024-09-30,769,20,Bournemouth,Southampton,home,0.09795714285714285,0.11516104,0.017203896078041625
3850,12436982,24/25,2024-09-30,20,769,Southampton,Bournemouth,away,0.06648888888888889,0.11551642,0.04902752783960766
3851,12437015,24/25,2024-10-05,18,19,Crystal Palace,Liverpool FC,home,0.07165555555555556,0.11239945,0.04074389587905672
3851,12437015,24/25,2024-10-05,19,18,Liverpool FC,Crystal Palace,away,0.087175,0.1170933,0.02991830230951309
3852,12437022,24/25,2024-10-05,22,3027,Manchester City,Fulham,home,0.0786,0.11689878,0.0382987825512886
3852,12437022,24/25,2024-10-05,3027,22,Fulham,Manchester City,away,0.23606363636363636,0.12161286,-0.1144507746111263
3853,12437004,24/25,2024-10-05,17,20,Arsenal,Southampton,home,0.09910344827586207,0.115178674,0.01607522618359533
3853,12437004,24/25,2024-10-05,20,17,Southampton,Arsenal,away,0.0816375,0.11329647,0.031658971536159514
3854,12437024,24/25,2024-10-05,7,7583,West Ham United,Ipswich Town,home,0.1677,0.113578066,-0.054121933770179737
3854,12437024,24/25,2024-10-05,7583,7,Ipswich Town,West Ham United,away,0.0721,0.110177755,0.038077755355834964
3855,12437020,24/25,2024-10-05,9,769,Leicester City,Bournemouth,home,0.13095,0.11389449,-0.017055507612228404
3855,12437020,24/25,2024-10-05,769,9,Bournemouth,Leicester City,away,0.11379473684210527,0.1145423,0.0007475611768270746
3856,12437008,24/25,2024-10-05,5301,3033,Brentford,Wolverhampton,home,0.22366315789473684,0.1130222,-0.11064095713151129
3856,12437008,24/25,2024-10-05,3033,5301,Wolverhampton,Brentford,away,0.06201176470588235,0.11009054,0.04807877415348502
3857,12437018,24/25,2024-10-05,10,21,Everton,Newcastle United,home,0.0897,0.11315281,0.023452809441089628
3857,12437018,24/25,2024-10-05,21,10,Newcastle United,Everton,away,0.14662142857142857,0.1164143,-0.030207127474035533
3858,12437006,24/25,2024-10-06,12,1,Aston Villa,Manchester United,home,0.0458,0.11669637,0.07089637262821197
3858,12437006,24/25,2024-10-06,1,12,Manchester United,Aston Villa,away,0.05682,0.11576474,0.05894473712921142
3859,12437013,24/25,2024-10-06,24,6072,Chelsea,Nottingham Forest,home,0.11183636363636364,0.116666876,0.004830512143265117
3859,12437013,24/25,2024-10-06,6072,24,Nottingham Forest,Chelsea,away,0.0546,0.11405533,0.0594553280711174
3860,12437011,24/25,2024-10-06,2275,8,Brighton & Hove Albion,Tottenham Hotspur,home,0.1598181818181818,0.11517458,-0.044643605178052714
3860,12437011,24/25,2024-10-06,8,2275,Tottenham Hotspur,Brighton & Hove Albion,away,0.10313076923076923,0.11532322,0.012192453942849082
3861,12437038,24/25,2024-10-19,8,7,Tottenham Hotspur,West Ham United,home,0.08725909090909091,0.11511707,0.02785798214999112
3861,12437038,24/25,2024-10-19,7,8,West Ham United,Tottenham Hotspur,away,0.0713090909090909,0.11613343,0.044824338200959296
3862,12437034,24/25,2024-10-19,1,5301,Manchester United,Brentford,home,0.057843478260869566,0.1143118,0.056468321146135744
3862,12437034,24/25,2024-10-19,5301,1,Brentford,Manchester United,away,0.1071375,0.11393309,0.006795586395263675
3863,12437035,24/25,2024-10-19,21,2275,Newcastle United,Brighton & Hove Albion,home,0.09621904761904762,0.115214214,0.018995166109857103
3863,12437035,24/25,2024-10-19,2275,21,Brighton & Hove Albion,Newcastle United,away,0.1122,0.11509513,0.0028951310992240964
3864,12437028,24/25,2024-10-19,3027,12,Fulham,Aston Villa,home,0.17777,0.11685763,-0.06091236700534822
3864,12437028,24/25,2024-10-19,12,3027,Aston Villa,Fulham,away,0.11999285714285714,0.11555813,-0.004434724613598409
3865,12437037,24/25,2024-10-19,20,9,Southampton,Leicester City,home,0.15452857142857143,0.11513389,-0.039394682409082143
3865,12437037,24/25,2024-10-19,9,20,Leicester City,Southampton,away,0.1782277777777778,0.11389449,-0.06433328539000618
3866,12437030,24/25,2024-10-19,7583,10,Ipswich Town,Everton,home,0.09636153846153846,0.11061412,0.014252582498697139
3866,12437030,24/25,2024-10-19,10,7583,Everton,Ipswich Town,away,0.1578090909090909,0.112636395,-0.04517269611033525
3867,12437026,24/25,2024-10-19,769,17,Bournemouth,Arsenal,home,0.14024615384615385,0.11433531,-0.025910840406784652
3867,12437026,24/25,2024-10-19,17,769,Arsenal,Bournemouth,away,0.11328333333333333,0.115178674,0.0018953411261240644
3868,12437039,24/25,2024-10-20,22,3033,Manchester City,Wolverhampton,away,0.07371818181818182,0.11577121,0.04205302986556833
3869,12437032,24/25,2024-10-20,19,24,Liverpool FC,Chelsea,home,0.21511111111111111,0.1170933,-0.09801780880159802
3869,12437032,24/25,2024-10-20,24,19,Chelsea,Liverpool FC,away,0.082525,0.11584679,0.03332179037332535
3870,12437036,24/25,2024-10-21,6072,18,Nottingham Forest,Crystal Palace,home,0.088255,0.11347141,0.025216411168575287
3870,12437036,24/25,2024-10-21,18,6072,Crystal Palace,Nottingham Forest,away,0.048535,0.11249859,0.06396358886003495
3871,12437048,24/25,2024-10-25,9,6072,Leicester City,Nottingham Forest,home,0.06941818181818182,0.11329647,0.04387828971797769
3871,12437048,24/25,2024-10-25,6072,9,Nottingham Forest,Leicester City,away,0.087045,0.115597345,0.02855234493494034
3872,12437049,24/25,2024-10-26,22,20,Manchester City,Southampton,home,0.13386363636363635,0.11577121,-0.0180924246798862
3872,12437049,24/25,2024-10-26,20,22,Southampton,Manchester City,away,0.0415,0.11610046,0.0746004602909088
3873,12437041,24/25,2024-10-26,12,769,Aston Villa,Bournemouth,home,0.10070555555555556,0.11535198,0.01464642685916688
3873,12437041,24/25,2024-10-26,769,12,Bournemouth,Aston Villa,away,0.03058,0.116446696,0.08586669622182846
3874,12437044,24/25,2024-10-26,2275,3033,Brighton & Hove Albion,Wolverhampton,home,0.0689,0.11529239,0.04639239267110824
3874,12437044,24/25,2024-10-26,3033,2275,Wolverhampton,Brighton & Hove Albion,away,0.09742857142857143,0.11106115,0.013632576916898995
3875,12437043,24/25,2024-10-26,5301,7583,Brentford,Ipswich Town,home,0.204855,0.11454377,-0.09031122676610948
3875,12437043,24/25,2024-10-26,7583,5301,Ipswich Town,Brentford,away,0.11847272727272727,0.110507354,-0.007965373132445594
3876,12437047,24/25,2024-10-26,10,3027,Everton,Fulham,home,0.07887,0.112786755,0.03391675496578217
3876,12437047,24/25,2024-10-26,3027,10,Fulham,Everton,away,0.08995,0.11528704,0.025337043154239652
3877,12437050,24/25,2024-10-27,7,1,West Ham United,Manchester United,home,0.2502583333333333,0.11559,-0.13466833467086153
3877,12437050,24/25,2024-10-27,1,7,Manchester United,West Ham United,away,0.13005,0.115356915,-0.014693085300922393
3878,12437045,24/25,2024-10-27,24,21,Chelsea,Newcastle United,home,0.09451764705882353,0.11632677,0.02180912461771685
3878,12437045,24/25,2024-10-27,21,24,Newcastle United,Chelsea,away,0.1647818181818182,0.11632677,-0.04845504650527782
3879,12437046,24/25,2024-10-27,18,8,Crystal Palace,Tottenham Hotspur,home,0.05588571428571429,0.112945534,0.05705982000316892
3879,12437046,24/25,2024-10-27,8,18,Tottenham Hotspur,Crystal Palace,away,0.06739090909090908,0.1155435,0.048152590498057285
3880,12437040,24/25,2024-10-27,17,19,Arsenal,Liverpool FC,home,0.10242222222222222,0.11589936,0.013477139447795022
3880,12437040,24/25,2024-10-27,19,17,Liverpool FC,Arsenal,away,0.09003333333333334,0.1170933,0.027059968976179752
3881,12437056,24/25,2024-11-02,21,17,Newcastle United,Arsenal,home,0.05832222222222222,0.11508026,0.05675803751813041
3881,12437056,24/25,2024-11-02,17,21,Arsenal,Newcastle United,away,0.10690000000000001,0.115210764,0.00831076411008834
3882,12437051,24/25,2024-11-02,769,22,Bournemouth,Manchester City,home,0.17670833333333333,0.118231244,-0.058477088948090866
3882,12437051,24/25,2024-11-02,22,769,Manchester City,Bournemouth,away,0.08669444444444445,0.11689878,0.030204338106844156
3883,12437054,24/25,2024-11-02,19,2275,Liverpool FC,Brighton & Hove Albion,home,0.1033625,0.11596573,0.012603231441974644
3883,12437054,24/25,2024-11-02,2275,19,Brighton & Hove Albion,Liverpool FC,away,0.0775923076923077,0.11399196,0.03639965319083287
3884,12437057,24/25,2024-11-02,6072,7,Nottingham Forest,West Ham United,home,0.1144421052631579,0.114774525,0.0003324199023999608
3884,12437057,24/25,2024-11-02,7,6072,West Ham United,Nottingham Forest,away,0.031875,0.11516104,0.08328603893518448
3885,12437053,24/25,2024-11-02,7583,9,Ipswich Town,Leicester City,home,0.07145714285714286,0.11103136,0.03957421806710107
3885,12437053,24/25,2024-11-02,9,7583,Leicester City,Ipswich Town,away,0.077485,0.1126983,0.03521330167293549
3886,12437058,24/25,2024-11-02,20,10,Southampton,Everton,home,0.08272222222222222,0.11218945,0.029467227147685154
3886,12437058,24/25,2024-11-02,10,20,Everton,Southampton,away,0.097625,0.11347141,0.015846411168575283
3887,12437060,24/25,2024-11-02,3033,18,Wolverhampton,Crystal Palace,home,0.13892727272727273,0.11106115,-0.027866124381802304
3887,12437060,24/25,2024-11-02,18,3033,Crystal Palace,Wolverhampton,away,0.13225263157894737,0.113024466,-0.01922816583922035
3888,12437059,24/25,2024-11-03,8,12,Tottenham Hotspur,Aston Villa,home,0.15246875,0.115227714,-0.037241035819053636
3888,12437059,24/25,2024-11-03,12,8,Aston Villa,Tottenham Hotspur,away,0.154925,0.116455264,-0.038469735610485084
3889,12437055,24/25,2024-11-03,1,24,Manchester United,Chelsea,home,0.18004545454545454,0.11372303,-0.06632242236895994
3889,12437055,24/25,2024-11-03,24,1,Chelsea,Manchester United,away,0.09246666666666667,0.11525635,0.02278968009551366
3890,12437052,24/25,2024-11-04,3027,5301,Fulham,Brentford,home,0.052015384615384616,0.11613012,0.06411473643688055
3890,12437052,24/25,2024-11-04,5301,3027,Brentford,Fulham,away,0.12756,0.11505267,-0.012507329759597785
3891,12436486,24/25,2024-11-09,7,10,West Ham United,Everton,home,0.07502727272727272,0.11563065,0.04060337630293587
3891,12436486,24/25,2024-11-09,10,7,Everton,West Ham United,away,0.06177222222222223,0.114332676,0.05256045371161566
3892,12436483,24/25,2024-11-09,18,3027,Crystal Palace,Fulham,home,0.12101538461538462,0.114313446,-0.006701938630067392
3892,12436483,24/25,2024-11-09,3027,18,Fulham,Crystal Palace,away,0.10763529411764705,0.1151809,0.0075456080654088264
3893,12436485,24/25,2024-11-09,3033,20,Wolverhampton,Southampton,home,0.1572,0.11210503,-0.04509497315883637
3893,12436485,24/25,2024-11-09,20,3033,Southampton,Wolverhampton,away,0.0728111111111111,0.11283879,0.04002767870955998
3894,12436876,24/25,2024-11-09,5301,769,Brentford,Bournemouth,home,0.1231,0.11533701,-0.007762993252277375
3894,12436876,24/25,2024-11-09,769,5301,Bournemouth,Brentford,away,0.17378,0.11468112,-0.05909888276338576
3895,12436882,24/25,2024-11-09,2275,22,Brighton & Hove Albion,Manchester City,home,0.22907,0.11553914,-0.11353085900068283
3895,12436882,24/25,2024-11-09,22,2275,Manchester City,Brighton & Hove Albion,away,0.14815333333333333,0.11849292,-0.02966040965636571
3896,12436484,24/25,2024-11-09,19,12,Liverpool FC,Aston Villa,home,0.14437857142857144,0.11803836,-0.02634021512440274
3896,12436484,24/25,2024-11-09,12,19,Aston Villa,Liverpool FC,away,0.11635833333333333,0.1180137,0.0016553689996401527
3897,12436494,24/25,2024-11-10,1,9,Manchester United,Leicester City,home,0.05817692307692308,0.11444855,0.05627162428635817
3897,12436494,24/25,2024-11-10,9,1,Leicester City,Manchester United,away,0.10573333333333333,0.11538196,0.009648630217711132
3898,12436492,24/25,2024-11-10,8,7583,Tottenham Hotspur,Ipswich Town,home,0.0914,0.1168453,0.02544530228376389
3898,12436492,24/25,2024-11-10,7583,8,Ipswich Town,Tottenham Hotspur,away,0.2028,0.11551472,-0.08728528200387956
3899,12436487,24/25,2024-11-10,6072,21,Nottingham Forest,Newcastle United,home,0.07027777777777777,0.11721566,0.0469378854168786
3899,12436487,24/25,2024-11-10,21,6072,Newcastle United,Nottingham Forest,away,0.10022352941176471,0.11555564,0.015332107172994047
3900,12436890,24/25,2024-11-10,24,17,Chelsea,Arsenal,home,0.0906,0.11582007,0.02522007259130478
3900,12436890,24/25,2024-11-10,17,24,Arsenal,Chelsea,away,0.11905384615384615,0.11667198,-0.0023818667265085025
3901,12436495,24/25,2024-11-23,9,24,Leicester City,Chelsea,home,0.2778,0.11381162,-0.16398838042020797
3901,12436495,24/25,2024-11-23,24,9,Chelsea,Leicester City,away,0.1822625,0.11736735,-0.06489515043497085
3902,12436489,24/25,2024-11-23,17,6072,Arsenal,Nottingham Forest,home,0.06253684210526315,0.11674189,0.05420504611981543
3902,12436489,24/25,2024-11-23,6072,17,Nottingham Forest,Arsenal,away,0.047485714285714284,0.11476222,0.06727650252069746
3903,12436493,24/25,2024-11-23,12,18,Aston Villa,Crystal Palace,home,0.18313529411764706,0.11992809,-0.06320720235319699
3903,12436493,24/25,2024-11-23,18,12,Crystal Palace,Aston Villa,away,0.09686153846153846,0.115304194,0.018442655929235316
3904,12436491,24/25,2024-11-23,769,2275,Bournemouth,Brighton & Hove Albion,home,0.08565263157894737,0.11681194,0.03115930700490349
3904,12436491,24/25,2024-11-23,2275,769,Brighton & Hove Albion,Bournemouth,away,0.15758333333333333,0.11650938,-0.041073955376942944
3905,12436488,24/25,2024-11-23,10,5301,Everton,Brentford,home,0.04427777777777778,0.113974705,0.06969692756070031
3905,12436488,24/25,2024-11-23,5301,10,Brentford,Everton,away,0.12252222222222223,0.116200894,-0.00632132810486688
3906,12436490,24/25,2024-11-23,3027,3033,Fulham,Wolverhampton,home,0.10256,0.11606567,0.013505673530101778
3906,12436490,24/25,2024-11-23,3033,3027,Wolverhampton,Fulham,away,0.13193,0.11316819,-0.01876181256055831
3907,12436499,24/25,2024-11-23,22,8,Manchester City,Tottenham Hotspur,home,0.09319130434782609,0.11933963,0.026148325659917745
3907,12436499,24/25,2024-11-23,8,22,Tottenham Hotspur,Manchester City,away,0.2789111111111111,0.11812557,-0.16078553831047482
3908,12436506,24/25,2024-11-24,20,19,Southampton,Liverpool FC,home,0.18225714285714287,0.11169357,-0.07056357432944435
3908,12436506,24/25,2024-11-24,19,20,Liverpool FC,Southampton,away,0.11648148148148148,0.11698385,0.0005023717990628035
3909,12436497,24/25,2024-11-24,7583,1,Ipswich Town,Manchester United,home,0.14496363636363635,0.11197488,-0.03298875626433978
3909,12436497,24/25,2024-11-24,1,7583,Manchester United,Ipswich Town,away,0.07301818181818182,0.11460047,0.04158229033405131
3910,12436496,24/25,2024-11-25,21,7,Newcastle United,West Ham United,home,0.09313333333333333,0.11574256,0.02260922341744105
3910,12436496,24/25,2024-11-25,7,21,West Ham United,Newcastle United,away,0.05367333333333333,0.114717215,0.06104388196627299
3911,12436501,24/25,2024-11-29,2275,20,Brighton & Hove Albion,Southampton,home,0.0763590909090909,0.11561547,0.03925638128844175
3911,12436501,24/25,2024-11-29,20,2275,Southampton,Brighton & Hove Albion,away,0.1008,0.11314793,0.012347929310798644
3912,12436502,24/25,2024-11-30,18,21,Crystal Palace,Newcastle United,home,0.11190625,0.115476705,0.0035704551339149487
3913,12436500,24/25,2024-11-30,5301,9,Brentford,Leicester City,home,0.18445384615384616,0.118243404,-0.06621044242106952
3913,12436500,24/25,2024-11-30,9,5301,Leicester City,Brentford,away,0.15182857142857142,0.11390345,-0.037925123442922315
3914,12436922,24/25,2024-11-30,3033,769,Wolverhampton,Bournemouth,home,0.0461,0.11152811,0.06542811348438263
3914,12436922,24/25,2024-11-30,769,3033,Bournemouth,Wolverhampton,away,0.2737833333333333,0.11949888,-0.15428445461591084
3915,12436503,24/25,2024-11-30,6072,7583,Nottingham Forest,Ipswich Town,home,0.13989166666666666,0.114488095,-0.025403571621576942
3915,12436503,24/25,2024-11-30,7583,6072,Ipswich Town,Nottingham Forest,away,0.08371428571428571,0.11140515,0.027690863387925285
3916,12436914,24/25,2024-11-30,7,17,West Ham United,Arsenal,home,0.12816666666666668,0.112891965,-0.015274702052275352
3916,12436914,24/25,2024-11-30,17,7,Arsenal,West Ham United,away,0.2249875,0.12313821,-0.10184928833246232
3917,12436505,24/25,2024-12-01,1,10,Manchester United,Everton,home,0.09715454545454545,0.11308765,0.015933101208643483
3917,12436505,24/25,2024-12-01,10,1,Everton,Manchester United,away,0.0729,0.11473429,0.041834292030334466
3918,12436498,24/25,2024-12-01,24,12,Chelsea,Aston Villa,home,0.1010235294117647,0.117173105,0.016149576066522037
3918,12436498,24/25,2024-12-01,12,24,Aston Villa,Chelsea,away,0.12419000000000001,0.11799509,-0.006194909217357644
3919,12436507,24/25,2024-12-01,8,3027,Tottenham Hotspur,Fulham,home,0.09696250000000001,0.11776163,0.02079912683963775
3919,12436507,24/25,2024-12-01,3027,8,Fulham,Tottenham Hotspur,away,0.11295714285714287,0.1151809,0.0022237593259130106
3920,12436504,24/25,2024-12-01,19,22,Liverpool FC,Manchester City,home,0.19831666666666667,0.11922217,-0.07909449506203334
3920,12436504,24/25,2024-12-01,22,19,Manchester City,Liverpool FC,away,0.1046375,0.11879516,0.014157656478881842
3921,12436961,24/25,2024-12-03,7583,18,Ipswich Town,Crystal Palace,home,0.05427777777777778,0.11212943,0.05785164971484078
3921,12436961,24/25,2024-12-03,18,7583,Crystal Palace,Ipswich Town,away,0.12643846153846153,0.11627359,-0.010164872106221995
3922,12436966,24/25,2024-12-03,9,7,Leicester City,West Ham United,home,0.2089875,0.11335408,-0.09563342057466506
3922,12436966,24/25,2024-12-03,7,9,West Ham United,Leicester City,away,0.09995161290322581,0.11393708,0.013985467003237814
3923,12436972,24/25,2024-12-04,22,6072,Manchester City,Nottingham Forest,home,0.14178823529411766,0.11750167,-0.024286566662087172
3923,12436972,24/25,2024-12-04,6072,22,Nottingham Forest,Manchester City,away,0.08655833333333333,0.11504873,0.028490395549933115
3924,12436978,24/25,2024-12-04,21,19,Newcastle United,Liverpool FC,home,0.12312941176470589,0.113720134,-0.009409277864063495
3924,12436978,24/25,2024-12-04,19,21,Liverpool FC,Newcastle United,away,0.12458125,0.116535254,-0.008045996177196507
3925,12436984,24/25,2024-12-04,20,24,Southampton,Chelsea,home,0.2600166666666667,0.12721944,-0.13279722811381023
3925,12436984,24/25,2024-12-04,24,20,Chelsea,Southampton,away,0.21151923076923076,0.117801376,-0.09371785508210842
3926,12436947,24/25,2024-12-04,10,3033,Everton,Wolverhampton,home,0.07844615384615385,0.11237876,0.03393260732614077
3926,12436947,24/25,2024-12-04,3033,10,Wolverhampton,Everton,away,0.13063333333333332,0.11053067,-0.02010266632636387
3927,12436935,24/25,2024-12-04,17,1,Arsenal,Manchester United,home,0.15397142857142856,0.118370324,-0.035601104198183325
3927,12436935,24/25,2024-12-04,1,17,Manchester United,Arsenal,away,0.04458,0.11516571,0.07058571044921874
3928,12436942,24/25,2024-12-04,12,5301,Aston Villa,Brentford,home,0.122255,0.11799509,-0.004259909217357638
3928,12436942,24/25,2024-12-04,5301,12,Brentford,Aston Villa,away,0.1108,0.11606694,0.0052669401288032575
3929,12436955,24/25,2024-12-05,3027,2275,Fulham,Brighton & Hove Albion,home,0.10808333333333334,0.11560733,0.007523995379606879
3929,12436955,24/25,2024-12-05,2275,3027,Brighton & Hove Albion,Fulham,away,0.11336923076923076,0.114644215,0.0012749837416868998
3930,13015216,24/25,2024-12-05,769,8,Bournemouth,Tottenham Hotspur,home,0.17656190476190475,0.117956184,-0.058605720911139525
3930,13015216,24/25,2024-12-05,8,769,Tottenham Hotspur,Bournemouth,away,0.07268333333333334,0.117162146,0.04447881234089533
3931,12436445,24/25,2024-12-07,18,22,Crystal Palace,Manchester City,home,0.11126666666666667,0.11419655,0.002929879709084829
3931,12436445,24/25,2024-12-07,22,18,Manchester City,Crystal Palace,away,0.121125,0.118370324,-0.0027546756267547573
3932,12436450,24/25,2024-12-07,5301,21,Brentford,Newcastle United,home,0.11195454545454545,0.11916005,0.007205503209070735
3932,12436450,24/25,2024-12-07,21,5301,Newcastle United,Brentford,away,0.092425,0.1151692,0.022744197320938117
3933,12436990,24/25,2024-12-07,12,20,Aston Villa,Southampton,home,0.12727222222222223,0.11844789,-0.008824329854382418
3933,12436990,24/25,2024-12-07,20,12,Southampton,Aston Villa,away,0.08325,0.11601609,0.032766089916229243
3934,12436449,24/25,2024-12-07,1,6072,Manchester United,Nottingham Forest,home,0.10042941176470588,0.115397826,0.014968414072429437
3934,12436449,24/25,2024-12-07,6072,1,Nottingham Forest,Manchester United,away,0.0757090909090909,0.113138154,0.037429063239964575
3935,12436459,24/25,2024-12-08,17,3027,Arsenal,Fulham,away,0.16888333333333333,0.1180117,-0.05087163520654042
3936,12436444,24/25,2024-12-08,9,2275,Leicester City,Brighton & Hove Albion,home,0.13148,0.114433415,-0.017046584765911116
3936,12436444,24/25,2024-12-08,2275,9,Brighton & Hove Albion,Leicester City,away,0.0962375,0.1176945,0.02145699710845947
3937,12436462,24/25,2024-12-08,7583,769,Ipswich Town,Bournemouth,home,0.07307222222222222,0.11114745,0.03807522619830238
3937,12436462,24/25,2024-12-08,769,7583,Bournemouth,Ipswich Town,away,0.1545181818181818,0.121690296,-0.032827886181527904
3938,12436441,24/25,2024-12-08,8,24,Tottenham Hotspur,Chelsea,home,0.22312307692307692,0.11953822,-0.10358485914010268
3938,12436441,24/25,2024-12-08,24,8,Chelsea,Tottenham Hotspur,away,0.1663235294117647,0.11844759,-0.047875942517729364
3939,12436454,24/25,2024-12-09,7,3033,West Ham United,Wolverhampton,home,0.05122631578947368,0.11449423,0.06326791108344731
3939,12436454,24/25,2024-12-09,3033,7,Wolverhampton,West Ham United,away,0.07748947368421052,0.11016574,0.0326762638851216
3940,12436446,24/25,2024-12-14,19,3027,Liverpool FC,Fulham,home,0.1330375,0.11825344,-0.014784060335159305
3940,12436446,24/25,2024-12-14,3027,19,Fulham,Liverpool FC,away,0.10204166666666667,0.112508036,0.010466369529565173
3941,12436438,24/25,2024-12-14,17,10,Arsenal,Everton,home,0.09360769230769231,0.118795104,0.02518741201712535
3942,12436460,24/25,2024-12-14,21,9,Newcastle United,Leicester City,home,0.14035555555555557,0.11630323,-0.02405232771370147
3942,12436460,24/25,2024-12-14,9,21,Leicester City,Newcastle United,away,0.046375,0.11398647,0.06761146980524063
3943,12436456,24/25,2024-12-14,3033,7583,Wolverhampton,Ipswich Town,home,0.07925,0.10943071,0.0301807079911232
3943,12436456,24/25,2024-12-14,7583,3033,Ipswich Town,Wolverhampton,away,0.11961,0.111356445,-0.008253555343151087
3944,12436447,24/25,2024-12-14,6072,12,Nottingham Forest,Aston Villa,home,0.10451176470588236,0.113553196,0.00904143148590536
3944,12436447,24/25,2024-12-14,12,6072,Aston Villa,Nottingham Forest,away,0.051975,0.1172266,0.06525160064697266
3945,12436457,24/25,2024-12-15,2275,18,Brighton & Hove Albion,Crystal Palace,home,0.05858823529411765,0.1156293,0.057041065181002895
3945,12436457,24/25,2024-12-15,18,2275,Crystal Palace,Brighton & Hove Albion,away,0.1780153846153846,0.11419655,-0.06381883823963311
3946,12436451,24/25,2024-12-15,22,1,Manchester City,Manchester United,home,0.09519,0.11688413,0.02169412725925446
3946,12436451,24/25,2024-12-15,1,22,Manchester United,Manchester City,away,0.20758,0.11838857,-0.08919142915487288
3947,12436461,24/25,2024-12-15,24,5301,Chelsea,Brentford,home,0.08581923076923077,0.11641701,0.030597782339499544
3947,12436461,24/25,2024-12-15,5301,24,Brentford,Chelsea,away,0.1807888888888889,0.11985932,-0.06092956598334842
3948,12436458,24/25,2024-12-15,20,8,Southampton,Tottenham Hotspur,home,0.09357777777777777,0.11383542,0.020257638956440824
3948,12436458,24/25,2024-12-15,8,20,Tottenham Hotspur,Southampton,away,0.13542222222222222,0.116652116,-0.018770106042755974
3949,12436465,24/25,2024-12-16,769,7,Bournemouth,West Ham United,home,0.06943793103448276,0.11623175,0.04679381593712445
3949,12436465,24/25,2024-12-16,7,769,West Ham United,Bournemouth,away,0.12885625,0.11523888,-0.013617367398738867
3950,12436453,24/25,2024-12-21,12,22,Aston Villa,Manchester City,home,0.152,0.117783986,-0.03421601396799087
3950,12436453,24/25,2024-12-21,22,12,Manchester City,Aston Villa,away,0.08565833333333334,0.11724275,0.03158442017237345
3951,12436467,24/25,2024-12-21,7583,21,Ipswich Town,Newcastle United,home,0.0754,0.11075201,0.03535200885534287
3951,12436467,24/25,2024-12-21,21,7583,Newcastle United,Ipswich Town,away,0.1552,0.11691208,-0.03828791816234589
3952,12436478,24/25,2024-12-21,7,2275,West Ham United,Brighton & Hove Albion,home,0.11938181818181819,0.11503273,-0.004349085695093333
3952,12436478,24/25,2024-12-21,2275,7,Brighton & Hove Albion,West Ham United,away,0.07974166666666667,0.11561871,0.03587704653342565
3953,12436463,24/25,2024-12-21,5301,6072,Brentford,Nottingham Forest,home,0.10227142857142857,0.11934929,0.017077864839349477
3953,12436463,24/25,2024-12-21,6072,5301,Nottingham Forest,Brentford,away,0.08964,0.11443454,0.024794540271759036
3954,12436464,24/25,2024-12-21,18,17,Crystal Palace,Arsenal,home,0.10611333333333334,0.11533077,0.009217437278429663
3954,12436464,24/25,2024-12-21,17,18,Arsenal,Crystal Palace,away,0.21491428571428572,0.12190573,-0.09300855653967177
3955,12436470,24/25,2024-12-22,1,769,Manchester United,Bournemouth,home,0.09931304347826087,0.11368082,0.014367773708571563
3955,12436470,24/25,2024-12-22,769,1,Bournemouth,Manchester United,away,0.16329,0.11825145,-0.04503854964017867
3956,12436466,24/25,2024-12-22,10,24,Everton,Chelsea,home,0.20528,0.11724414,-0.08803586068630218
3956,12436466,24/25,2024-12-22,24,10,Chelsea,Everton,away,0.106325,0.11613586,0.009810857999324796
3957,12436469,24/25,2024-12-22,9,3033,Leicester City,Wolverhampton,home,0.089,0.113801025,0.0248010248541832
3957,12436469,24/25,2024-12-22,3033,9,Wolverhampton,Leicester City,away,0.1391,0.11137227,-0.027727730309963228
3958,12436468,24/25,2024-12-22,3027,20,Fulham,Southampton,home,0.05854,0.11584836,0.0573083624458313
3958,12436468,24/25,2024-12-22,20,3027,Southampton,Fulham,away,0.05158,0.11097445,0.05939445338964462
3959,12436471,24/25,2024-12-22,8,19,Tottenham Hotspur,Liverpool FC,home,0.1416,0.11598852,-0.025611477231979374
3959,12436471,24/25,2024-12-22,19,8,Liverpool FC,Tottenham Hotspur,away,0.2610708333333333,0.11960539,-0.1414654411156972
3960,12436481,24/25,2024-12-26,22,10,Manchester City,Everton,home,0.09759583333333333,0.11614132,0.018545485941569018
3960,12436481,24/25,2024-12-26,10,22,Everton,Manchester City,away,0.080875,0.11473425,0.03385924732685089
3961,12436473,24/25,2024-12-26,24,3027,Chelsea,Fulham,home,0.09318333333333334,0.117366575,0.024183241371313724
3961,12436473,24/25,2024-12-26,3027,24,Fulham,Chelsea,away,0.1274357142857143,0.118853636,-0.0085820781997272
3962,12436479,24/25,2024-12-26,6072,8,Nottingham Forest,Tottenham Hotspur,home,0.11191000000000001,0.11393303,0.002023026790618887
3962,12436479,24/25,2024-12-26,8,6072,Tottenham Hotspur,Nottingham Forest,away,0.06927692307692308,0.117211536,0.04793461249608259
3963,12436477,24/25,2024-12-26,21,12,Newcastle United,Aston Villa,home,0.1253090909090909,0.11965622,-0.005652870830622575
3963,12436477,24/25,2024-12-26,12,21,Aston Villa,Newcastle United,away,0.08675000000000001,0.11791399,0.03116399121284484
3964,12436480,24/25,2024-12-26,20,7,Southampton,West Ham United,home,0.07773333333333333,0.112140514,0.03440718062321345
3964,12436480,24/25,2024-12-26,7,20,West Ham United,Southampton,away,0.11498749999999999,0.113952495,-0.001035004842281334
3965,12436476,24/25,2024-12-26,769,18,Bournemouth,Crystal Palace,home,0.08176666666666667,0.11735491,0.03558824042876561
3965,12436476,24/25,2024-12-26,18,769,Crystal Palace,Bournemouth,away,0.04473,0.11386612,0.06913612057685853
3966,12436482,24/25,2024-12-26,3033,1,Wolverhampton,Manchester United,home,0.12327142857142857,0.1109442,-0.012327231989588058
3966,12436482,24/25,2024-12-26,1,3033,Manchester United,Wolverhampton,away,0.03978181818181818,0.11488357,0.07510175368135626
3967,12436474,24/25,2024-12-26,19,9,Liverpool FC,Leicester City,home,0.10065263157894737,0.11825344,0.01760080808589333
3967,12436474,24/25,2024-12-26,9,19,Leicester City,Liverpool FC,away,0.0854,0.113801025,0.028401024854183193
3968,12436475,24/25,2024-12-27,2275,5301,Brighton & Hove Albion,Brentford,home,0.05440833333333333,0.1134876,0.05907926794687907
3968,12436475,24/25,2024-12-27,5301,2275,Brentford,Brighton & Hove Albion,away,0.13375,0.11650938,-0.017240622043609627
3969,12436472,24/25,2024-12-27,17,7583,Arsenal,Ipswich Town,home,0.14281538461538462,0.11849292,-0.024322460938417
3969,12436472,24/25,2024-12-27,7583,17,Ipswich Town,Arsenal,away,0.050866666666666664,0.11291428,0.06204761243661245
3970,12436512,24/25,2024-12-29,9,22,Leicester City,Manchester City,home,0.11821818181818182,0.116842315,-0.0013758672172373004
3970,12436512,24/25,2024-12-29,22,9,Manchester City,Leicester City,away,0.0906,0.11790361,0.027303612554073334
3971,12436521,24/25,2024-12-29,8,3033,Tottenham Hotspur,Wolverhampton,home,0.17296153846153847,0.11650938,-0.05645216050514809
3971,12436521,24/25,2024-12-29,3033,8,Wolverhampton,Tottenham Hotspur,away,0.06502727272727273,0.11220685,0.04717957374832847
3972,12436517,24/25,2024-12-29,10,6072,Everton,Nottingham Forest,home,0.06809230769230769,0.11256947,0.04447716599152639
3972,12436517,24/25,2024-12-29,6072,10,Nottingham Forest,Everton,away,0.1416909090909091,0.115042806,-0.026648103419217195
3973,12436515,24/25,2024-12-29,3027,769,Fulham,Bournemouth,home,0.10123636363636364,0.113921694,0.012685330821167337
3973,12436515,24/25,2024-12-29,769,3027,Bournemouth,Fulham,away,0.12388125,0.117783725,-0.006097524738311766
3974,12436532,24/25,2024-12-29,18,20,Crystal Palace,Southampton,home,0.10692631578947369,0.11419655,0.007270230586277807
3974,12436532,24/25,2024-12-29,20,18,Southampton,Crystal Palace,away,0.13447142857142858,0.112140514,-0.02233091461488179
3975,12436513,24/25,2024-12-29,7,19,West Ham United,Liverpool FC,home,0.05161428571428572,0.11489655,0.06328226506028856
3975,12436513,24/25,2024-12-29,19,7,Liverpool FC,West Ham United,away,0.1433090909090909,0.11684977,-0.026459318276968874
3976,12436510,24/25,2024-12-30,7583,24,Ipswich Town,Chelsea,home,0.1758222222222222,0.11328911,-0.06253311185969246
3976,12436510,24/25,2024-12-30,24,7583,Chelsea,Ipswich Town,away,0.10147,0.11709683,0.015626826434135432
3977,12436530,24/25,2024-12-30,12,2275,Aston Villa,Brighton & Hove Albion,home,0.088965,0.1160464,0.027081398878097532
3977,12436530,24/25,2024-12-30,2275,12,Brighton & Hove Albion,Aston Villa,away,0.08726923076923077,0.11373093,0.026461699022696572
3978,12436522,24/25,2024-12-30,1,21,Manchester United,Newcastle United,home,0.09079,0.113773026,0.02298302557229996
3978,12436522,24/25,2024-12-30,21,1,Newcastle United,Manchester United,away,0.159975,0.11848055,-0.041494451737403876
3979,12436410,24/25,2025-01-01,5301,17,Brentford,Arsenal,home,0.06404,0.11570042,0.05166042371749878
3979,12436410,24/25,2025-01-01,17,5301,Arsenal,Brentford,away,0.13745714285714286,0.120272376,-0.017184767213889535
3980,12436519,24/25,2025-01-04,8,21,Tottenham Hotspur,Newcastle United,home,0.07293076923076923,0.116500355,0.04356958607251828
3980,12436519,24/25,2025-01-04,21,8,Newcastle United,Tottenham Hotspur,away,0.18040714285714285,0.11855398,-0.06185316167218344
3981,12436508,24/25,2025-01-04,22,7,Manchester City,West Ham United,home,0.19118,0.116564564,-0.0746154355931282
3981,12436508,24/25,2025-01-04,7,22,West Ham United,Manchester City,away,0.08074705882352941,0.11386067,0.033113607928332164
3982,12436419,24/25,2025-01-04,18,24,Crystal Palace,Chelsea,home,0.08327692307692308,0.1158368,0.03255987606782179
3982,12436419,24/25,2025-01-04,24,18,Chelsea,Crystal Palace,away,0.08275333333333333,0.11844815,0.035694819804827374
3983,12436523,24/25,2025-01-04,12,9,Aston Villa,Leicester City,home,0.11988461538461538,0.1160072,-0.0038774140110382632
3983,12436523,24/25,2025-01-04,9,12,Leicester City,Aston Villa,away,0.1069,0.11319535,0.00629535225629807
3984,12436518,24/25,2025-01-04,769,10,Bournemouth,Everton,home,0.09698947368421053,0.11593165,0.018942178802113782
3984,12436518,24/25,2025-01-04,10,769,Everton,Bournemouth,away,0.07845555555555556,0.1110954,0.03263984310891893
3985,12436520,24/25,2025-01-04,20,5301,Southampton,Brentford,home,0.036425,0.11095854,0.0745335389494896
3985,12436520,24/25,2025-01-04,5301,20,Brentford,Southampton,away,0.222835,0.12174977,-0.10108522637844086
3986,12436528,24/25,2025-01-04,2275,17,Brighton & Hove Albion,Arsenal,home,0.1383090909090909,0.11429367,-0.024015418764677915
3986,12436528,24/25,2025-01-04,17,2275,Arsenal,Brighton & Hove Albion,away,0.09747777777777777,0.120272376,0.022794597865475552
3987,12436525,24/25,2025-01-05,3027,7583,Fulham,Ipswich Town,home,0.14939333333333332,0.11347475,-0.035918584304650614
3987,12436525,24/25,2025-01-05,7583,3027,Ipswich Town,Fulham,away,0.2269,0.111469746,-0.11543025436401366
3988,12436514,24/25,2025-01-05,19,1,Liverpool FC,Manchester United,home,0.14820526315789473,0.117276005,-0.03092925771098387
3988,12436514,24/25,2025-01-05,1,19,Manchester United,Liverpool FC,away,0.08146923076923077,0.113864854,0.03239562320892628
3989,12436437,24/25,2025-01-06,3033,6072,Wolverhampton,Nottingham Forest,home,0.1226,0.11055327,-0.012046727931499482
3989,12436437,24/25,2025-01-06,6072,3033,Nottingham Forest,Wolverhampton,away,0.19391818181818182,0.116108865,-0.07780931727235968
3990,12436436,24/25,2025-01-14,5301,22,Brentford,Manchester City,home,0.14347222222222222,0.11682516,-0.026647058857811823
3990,12436436,24/25,2025-01-14,22,5301,Manchester City,Brentford,away,0.10501904761904762,0.117898285,0.01287923776989891
3991,12436531,24/25,2025-01-14,24,769,Chelsea,Bournemouth,home,0.09621153846153846,0.11873335,0.022521808000711296
3991,12436531,24/25,2025-01-14,769,24,Bournemouth,Chelsea,away,0.16911428571428572,0.11621471,-0.052899578220503674
3992,12436509,24/25,2025-01-14,7,3027,West Ham United,Fulham,home,0.238125,0.11550439,-0.12262060850858689
3992,12436509,24/25,2025-01-14,3027,7,Fulham,West Ham United,away,0.09376190476190475,0.11570284,0.021940932943707428
3993,12436526,24/25,2025-01-14,6072,19,Nottingham Forest,Liverpool FC,home,0.0524,0.11449743,0.062097430622577665
3993,12436526,24/25,2025-01-14,19,6072,Liverpool FC,Nottingham Forest,away,0.08652173913043479,0.11696041,0.030438667172970973
3994,12436529,24/25,2025-01-15,21,3033,Newcastle United,Wolverhampton,home,0.12410588235294118,0.118195355,-0.005910527414434097
3994,12436529,24/25,2025-01-15,3033,21,Wolverhampton,Newcastle United,away,0.12473076923076923,0.11740131,-0.007329459919379305
3995,12436434,24/25,2025-01-15,10,12,Everton,Aston Villa,home,0.11431,0.11140454,-0.002905461845397944
3995,12436434,24/25,2025-01-15,12,10,Aston Villa,Everton,away,0.11031818181818182,0.115771905,0.005453722769563851
3996,12436527,24/25,2025-01-15,9,18,Leicester City,Crystal Palace,home,0.08104285714285714,0.11433479,0.03329193475587028
3996,12436527,24/25,2025-01-15,18,9,Crystal Palace,Leicester City,away,0.20245555555555556,0.1147103,-0.08774525439474318
3997,12436511,24/25,2025-01-15,17,8,Arsenal,Tottenham Hotspur,home,0.10334285714285714,0.11724275,0.013899896362849648
3997,12436511,24/25,2025-01-15,8,17,Tottenham Hotspur,Arsenal,away,0.07831,0.116843246,0.03853324592351913
3998,12436524,24/25,2025-01-16,7583,2275,Ipswich Town,Brighton & Hove Albion,home,0.05666,0.11256123,0.055901233341693876
3998,12436524,24/25,2025-01-16,2275,7583,Brighton & Hove Albion,Ipswich Town,away,0.08837272727272727,0.11378032,0.025407592417977076
3999,12436516,24/25,2025-01-16,1,20,Manchester United,Southampton,home,0.14850869565217392,0.11854233,-0.0299663671752681
3999,12436516,24/25,2025-01-16,20,1,Southampton,Manchester United,away,0.11809230769230769,0.112140514,-0.005951793735760907
4000,12436885,24/25,2025-01-18,21,769,Newcastle United,Bournemouth,home,0.06352307692307692,0.11909143,0.055568351893241594
4000,12436885,24/25,2025-01-18,769,21,Bournemouth,Newcastle United,away,0.12021052631578948,0.11655715,-0.0036533752366116196
4001,12436440,24/25,2025-01-18,5301,19,Brentford,Liverpool FC,home,0.0653,0.11676364,0.051463636469841006
4001,12436440,24/25,2025-01-18,19,5301,Liverpool FC,Brentford,away,0.09281351351351351,0.11724423,0.02443071520715147
4002,12436889,24/25,2025-01-18,7,18,West Ham United,Crystal Palace,home,0.04018571428571428,0.113283984,0.07309827007736479
4002,12436889,24/25,2025-01-18,18,7,Crystal Palace,West Ham United,away,0.10965,0.11523564,0.00558564159870148
4003,12436442,24/25,2025-01-18,9,3027,Leicester City,Fulham,home,0.0592875,0.113161586,0.053874086225032806
4003,12436442,24/25,2025-01-18,3027,9,Fulham,Leicester City,away,0.12908823529411764,0.11600087,-0.01308736691404791
4004,12436443,24/25,2025-01-18,17,12,Arsenal,Aston Villa,home,0.07486666666666666,0.11688413,0.04201746059258779
4004,12436443,24/25,2025-01-18,12,17,Aston Villa,Arsenal,away,0.130225,0.11628411,-0.013940890347957619
4005,12436883,24/25,2025-01-19,1,2275,Manchester United,Brighton & Hove Albion,home,0.14773,0.11790071,-0.029829293172359467
4005,12436883,24/25,2025-01-19,2275,1,Brighton & Hove Albion,Manchester United,away,0.32143333333333335,0.12458998,-0.19684335368474326
4006,12436448,24/25,2025-01-19,10,8,Everton,Tottenham Hotspur,home,0.16266666666666665,0.11244965,-0.05021701321999231
4006,12436448,24/25,2025-01-19,8,10,Tottenham Hotspur,Everton,away,0.10293636363636363,0.113987595,0.011051231206547135
4007,12436887,24/25,2025-01-19,6072,20,Nottingham Forest,Southampton,home,0.14672142857142856,0.11468911,-0.03203231686183383
4007,12436887,24/25,2025-01-19,20,6072,Southampton,Nottingham Forest,away,0.08947,0.113596186,0.024126186041831976
4008,12436439,24/25,2025-01-19,7583,22,Ipswich Town,Manchester City,home,0.0728375,0.11305864,0.04022114155292511
4008,12436439,24/25,2025-01-19,22,7583,Manchester City,Ipswich Town,away,0.18023529411764705,0.11959664,-0.060638656332212326
4009,12436455,24/25,2025-01-20,24,3033,Chelsea,Wolverhampton,home,0.16856315789473683,0.11986092,-0.04870224056494862
4009,12436455,24/25,2025-01-20,3033,24,Wolverhampton,Chelsea,away,0.0903,0.11072988,0.020429880630969996
4010,12436901,24/25,2025-01-25,19,7583,Liverpool FC,Ipswich Town,home,0.1403375,0.11864375,-0.021693746769428257
4010,12436901,24/25,2025-01-25,7583,19,Ipswich Town,Liverpool FC,away,0.15976666666666667,0.11657981,-0.043186858371893566
4011,12436909,24/25,2025-01-25,3033,17,Wolverhampton,Arsenal,home,0.08273333333333334,0.111027,0.028293669001261387
4011,12436909,24/25,2025-01-25,17,3033,Arsenal,Wolverhampton,away,0.11083333333333333,0.11724275,0.006409420172373462
4012,12436905,24/25,2025-01-25,20,21,Southampton,Newcastle United,home,0.06339166666666667,0.112140514,0.04874884728988012
4012,12436905,24/25,2025-01-25,21,20,Newcastle United,Southampton,away,0.17259411764705881,0.12098147,-0.05161264789665446
4013,12436895,24/25,2025-01-25,2275,10,Brighton & Hove Albion,Everton,home,0.04583125,0.11443414,0.06860288794040681
4013,12436895,24/25,2025-01-25,10,2275,Everton,Brighton & Hove Albion,away,0.2825333333333333,0.11294599,-0.16958734455903368
4014,12436891,24/25,2025-01-25,769,6072,Bournemouth,Nottingham Forest,home,0.10666874999999999,0.11655097,0.009882217097282417
4014,12436891,24/25,2025-01-25,6072,769,Nottingham Forest,Bournemouth,away,0.054511111111111114,0.11497291,0.06046180066400104
4015,12436903,24/25,2025-01-25,22,24,Manchester City,Chelsea,home,0.16674666666666665,0.11867256,-0.0480741094915072
4015,12436903,24/25,2025-01-25,24,22,Chelsea,Manchester City,away,0.18002,0.11950229,-0.06051770891666414
4016,12436907,24/25,2025-01-26,8,9,Tottenham Hotspur,Leicester City,home,0.06909333333333334,0.113938205,0.04484487161080042
4016,12436907,24/25,2025-01-26,9,8,Leicester City,Tottenham Hotspur,away,0.12973333333333334,0.11244965,-0.017283679886658992
4017,12436897,24/25,2025-01-26,18,5301,Crystal Palace,Brentford,home,0.0673875,0.11487784,0.0474903423666954
4017,12436897,24/25,2025-01-26,5301,18,Brentford,Crystal Palace,away,0.10503333333333333,0.117252186,0.012218852607409167
4018,12436893,24/25,2025-01-26,12,7,Aston Villa,West Ham United,home,0.06105,0.114455976,0.05340597559213638
4018,12436893,24/25,2025-01-26,7,12,West Ham United,Aston Villa,away,0.09384285714285714,0.113594875,0.019752017596789767
4019,12436899,24/25,2025-01-26,3027,1,Fulham,Manchester United,home,0.07454444444444444,0.11531142,0.04076697700950835
4019,12436899,24/25,2025-01-26,1,3027,Manchester United,Fulham,away,0.0637,0.11479489,0.05109488760232925
4020,12436930,24/25,2025-02-01,6072,2275,Nottingham Forest,Brighton & Hove Albion,home,0.24346428571428572,0.11521421,-0.1282500794359616
4020,12436930,24/25,2025-02-01,2275,6072,Brighton & Hove Albion,Nottingham Forest,away,0.08802,0.1144027,0.02638269649028778
4021,12436911,24/25,2025-02-01,769,19,Bournemouth,Liverpool FC,home,0.11412142857142857,0.11677984,0.0026584129112107446
4021,12436911,24/25,2025-02-01,19,769,Liverpool FC,Bournemouth,away,0.13286842105263158,0.11879516,-0.014073264573749744
4022,12436928,24/25,2025-02-01,21,3027,Newcastle United,Fulham,home,0.06821818181818182,0.121387295,0.053169113606756385
4022,12436928,24/25,2025-02-01,3027,21,Fulham,Newcastle United,away,0.10373333333333333,0.114995636,0.01126230271259944
4023,12436921,24/25,2025-02-01,10,9,Everton,Leicester City,home,0.18956153846153845,0.113995574,-0.07556596404680838
4023,12436921,24/25,2025-02-01,9,10,Leicester City,Everton,away,0.03635555555555556,0.11212894,0.0757733876493242
4024,12436924,24/25,2025-02-01,7583,20,Ipswich Town,Southampton,home,0.1228,0.110633075,-0.012166924762725836
4024,12436924,24/25,2025-02-01,20,7583,Southampton,Ipswich Town,away,0.10275555555555556,0.11095854,0.008202983393934035
4025,12436932,24/25,2025-02-01,3033,12,Wolverhampton,Aston Villa,home,0.2089625,0.111834526,-0.09712797393798828
4025,12436932,24/25,2025-02-01,12,3033,Aston Villa,Wolverhampton,away,0.04466,0.114835046,0.07017504623174667
4026,12436925,24/25,2025-02-02,1,18,Manchester United,Crystal Palace,home,0.0661764705882353,0.114108555,0.04793208443066653
4026,12436925,24/25,2025-02-02,18,1,Crystal Palace,Manchester United,away,0.23879090909090908,0.1162805,-0.1225104055198756
4027,12436916,24/25,2025-02-02,5301,8,Brentford,Tottenham Hotspur,home,0.102965,0.116893105,0.013928105208873748
4027,12436916,24/25,2025-02-02,8,5301,Tottenham Hotspur,Brentford,away,0.06612307692307692,0.112446144,0.04632306730013627
4028,12436913,24/25,2025-02-02,17,22,Arsenal,Manchester City,home,0.08356666666666666,0.11530806,0.03174139457543691
4028,12436913,24/25,2025-02-02,22,17,Manchester City,Arsenal,away,0.11544285714285714,0.11849199,0.0030491352115358666
4029,12436919,24/25,2025-02-03,24,7,Chelsea,West Ham United,home,0.07576363636363637,0.118329234,0.04256559805761684
4029,12436919,24/25,2025-02-03,7,24,West Ham United,Chelsea,away,0.08714285714285715,0.113594875,0.026452017596789765
4030,13344418,24/25,2025-02-12,10,19,Everton,Liverpool FC,home,0.09543,0.11802018,0.022590176887512206
4030,13344418,24/25,2025-02-12,19,10,Liverpool FC,Everton,away,0.1038,0.11828513,0.014485126984119412
4031,12436937,24/25,2025-02-14,2275,24,Brighton & Hove Albion,Chelsea,home,0.10922307692307692,0.1151176,0.00589452512722749
4031,12436937,24/25,2025-02-14,24,2275,Chelsea,Brighton & Hove Albion,away,0.0675375,0.11781978,0.050282278621196747
4032,12436943,24/25,2025-02-15,9,17,Leicester City,Arsenal,home,0.03668333333333333,0.11244965,0.07576632011334102
4032,12436943,24/25,2025-02-15,17,9,Arsenal,Leicester City,away,0.12574545454545455,0.11436054,-0.011384913440184163
4033,12436948,24/25,2025-02-15,22,21,Manchester City,Newcastle United,home,0.1730909090909091,0.11879516,-0.054295752612027265
4033,12436948,24/25,2025-02-15,21,22,Newcastle United,Manchester City,away,0.16093333333333334,0.119340606,-0.04159272729953131
4034,12436934,24/25,2025-02-15,12,7583,Aston Villa,Ipswich Town,home,0.097412,0.11471541,0.01730341225910187
4034,12436934,24/25,2025-02-15,7583,12,Ipswich Town,Aston Villa,away,0.0917,0.110633075,0.018933075237274166
4035,12436956,24/25,2025-02-15,7,5301,West Ham United,Brentford,home,0.06279230769230769,0.11395412,0.0511618116919811
4035,12436956,24/25,2025-02-15,5301,7,Brentford,West Ham United,away,0.11847857142857143,0.11588511,-0.002593462719236106
4036,12436940,24/25,2025-02-15,3027,6072,Fulham,Nottingham Forest,home,0.0915625,0.11581163,0.02424913108348846
4036,12436940,24/25,2025-02-15,6072,3027,Nottingham Forest,Fulham,away,0.0530875,0.11541518,0.06232767823934555
4037,12436950,24/25,2025-02-15,20,769,Southampton,Bournemouth,home,0.07204545454545455,0.11169357,0.039648113982243965
4037,12436950,24/25,2025-02-15,769,20,Bournemouth,Southampton,away,0.0854357142857143,0.118427336,0.032991621930258605
4038,12436939,24/25,2025-02-15,18,10,Crystal Palace,Everton,home,0.1012235294117647,0.11659629,0.015372759567288799
4038,12436939,24/25,2025-02-15,10,18,Everton,Crystal Palace,away,0.08760909090909091,0.115417734,0.02780864287939938
4039,12436945,24/25,2025-02-16,19,3033,Liverpool FC,Wolverhampton,home,0.1664,0.11915378,-0.047246217274665825
4039,12436945,24/25,2025-02-16,3033,19,Wolverhampton,Liverpool FC,away,0.093525,0.112986565,0.01946156463623047
4040,12436952,24/25,2025-02-16,8,1,Tottenham Hotspur,Manchester United,home,0.10462272727272727,0.11411724,0.009494515123150568
4040,12436952,24/25,2025-02-16,1,8,Manchester United,Tottenham Hotspur,away,0.09553125,0.11416025,0.018628997147083284
4041,12437019,24/25,2025-02-19,12,19,Aston Villa,Liverpool FC,home,0.07405555555555556,0.114711836,0.04065628042485979
4041,12437019,24/25,2025-02-19,19,12,Liverpool FC,Aston Villa,away,0.14735882352941176,0.117311694,-0.03004712980144164
4042,12436623,24/25,2025-02-21,9,5301,Leicester City,Brentford,home,0.06394999999999999,0.11244965,0.048499653446674354
4042,12436623,24/25,2025-02-21,5301,9,Brentford,Leicester City,away,0.10827142857142857,0.117108986,0.008837557210241043
4043,12436625,24/25,2025-02-22,10,1,Everton,Manchester United,home,0.21196666666666666,0.11315383,-0.09881283649603526
4043,12436625,24/25,2025-02-22,1,10,Manchester United,Everton,away,0.045566666666666665,0.11393137,0.06836470609505971
4044,12436960,24/25,2025-02-22,17,7,Arsenal,West Ham United,home,0.061059999999999996,0.113913596,0.05285359567642212
4044,12436960,24/25,2025-02-22,7,17,West Ham United,Arsenal,away,0.2131,0.11496381,-0.0981361928343773
4045,12436629,24/25,2025-02-22,7583,8,Ipswich Town,Tottenham Hotspur,home,0.06793529411764705,0.110633075,0.04269778111962712
4045,12436629,24/25,2025-02-22,8,7583,Tottenham Hotspur,Ipswich Town,away,0.17137,0.11452561,-0.05684439128160476
4046,12436965,24/25,2025-02-22,20,2275,Southampton,Brighton & Hove Albion,home,0.020883333333333334,0.11186429,0.09098095779816309
4046,12436965,24/25,2025-02-22,2275,20,Brighton & Hove Albion,Southampton,away,0.22044444444444444,0.11443002,-0.10601442667510774
4047,12436624,24/25,2025-02-22,3027,18,Fulham,Crystal Palace,home,0.0205,0.1150464,0.09454639685153961
4047,12436624,24/25,2025-02-22,18,3027,Crystal Palace,Fulham,away,0.13225,0.117387906,-0.01486209428310395
4048,12436958,24/25,2025-02-22,769,3033,Bournemouth,Wolverhampton,home,0.078,0.11583076,0.03783075672388077
4048,12436958,24/25,2025-02-22,3033,769,Wolverhampton,Bournemouth,away,0.1538846153846154,0.11201639,-0.041868228100813365
4049,12436621,24/25,2025-02-22,12,24,Aston Villa,Chelsea,home,0.19418333333333335,0.11475448,-0.07942885022958121
4049,12436621,24/25,2025-02-22,24,12,Chelsea,Aston Villa,away,0.15354,0.117050834,-0.036489165999889384
4050,12436963,24/25,2025-02-23,21,6072,Newcastle United,Nottingham Forest,home,0.22457692307692306,0.12009883,-0.10447809380751388
4050,12436963,24/25,2025-02-23,6072,21,Nottingham Forest,Newcastle United,away,0.10512941176470589,0.115389794,0.010260382346545943
4051,12436627,24/25,2025-02-23,22,19,Manchester City,Liverpool FC,home,0.040725,0.11879516,0.07807015647888184
4051,12436627,24/25,2025-02-23,19,22,Liverpool FC,Manchester City,away,0.088575,0.116464056,0.027889056074619292
4052,12436983,24/25,2025-02-25,18,12,Crystal Palace,Aston Villa,home,0.22793684210526316,0.11787986,-0.11005698200213282
4052,12436983,24/25,2025-02-25,12,18,Aston Villa,Crystal Palace,away,0.06285,0.11612563,0.05327562835216522
4053,12436970,24/25,2025-02-25,2275,769,Brighton & Hove Albion,Bournemouth,home,0.22019090909090908,0.116685964,-0.103504944923791
4053,12436970,24/25,2025-02-25,769,2275,Bournemouth,Brighton & Hove Albion,away,0.07670526315789473,0.115897164,0.039191900590846415
4054,12436981,24/25,2025-02-25,3033,3027,Wolverhampton,Fulham,home,0.07285,0.112717025,0.03986702498197556
4054,12436981,24/25,2025-02-25,3027,3033,Fulham,Wolverhampton,away,0.15393636363636365,0.11530806,-0.03862830239426007
4055,12436986,24/25,2025-02-25,24,20,Chelsea,Southampton,home,0.13497894736842106,0.116928235,-0.018050712672032815
4055,12436986,24/25,2025-02-25,20,24,Southampton,Chelsea,away,0.1033,0.11169357,0.008393568527698514
4056,12436975,24/25,2025-02-26,8,22,Tottenham Hotspur,Manchester City,home,0.12074545454545454,0.116628416,-0.004117038662867112
4056,12436975,24/25,2025-02-26,22,8,Manchester City,Tottenham Hotspur,away,0.17644166666666666,0.12025967,-0.05618199426333109
4057,12436991,24/25,2025-02-26,1,7583,Manchester United,Ipswich Town,home,0.07977,0.11330862,0.033538623433113104
4057,12436991,24/25,2025-02-26,7583,1,Ipswich Town,Manchester United,away,0.11904166666666667,0.110633075,-0.0084085914293925
4058,12436974,24/25,2025-02-26,6072,17,Nottingham Forest,Arsenal,home,0.06705,0.1158373,0.04878729833364487
4058,12436974,24/25,2025-02-26,17,6072,Arsenal,Nottingham Forest,away,0.0759076923076923,0.114959866,0.03905217350079464
4059,12436968,24/25,2025-02-26,5301,10,Brentford,Everton,home,0.14243333333333333,0.117876455,-0.024556878145535782
4059,12436968,24/25,2025-02-26,10,5301,Everton,Brentford,away,0.09785,0.1135819,0.01573190327882766
4060,12436988,24/25,2025-02-26,19,21,Liverpool FC,Newcastle United,home,0.141625,0.11744695,-0.024178048431873322
4061,13365051,24/25,2025-02-27,7,9,West Ham United,Leicester City,home,0.210025,0.11294977,-0.09707522633075713
4061,13365051,24/25,2025-02-27,9,7,Leicester City,West Ham United,away,0.03677,0.11095854,0.0741885389494896
4062,12437007,24/25,2025-03-08,6072,22,Nottingham Forest,Manchester City,home,0.0807,0.11370021,0.03300021104812623
4062,12437007,24/25,2025-03-08,22,6072,Manchester City,Nottingham Forest,away,0.06166428571428571,0.11802621,0.05636192614351
4063,12437003,24/25,2025-03-08,19,20,Liverpool FC,Southampton,home,0.14710714285714285,0.118506946,-0.02860019718749182
4063,12437003,24/25,2025-03-08,20,19,Southampton,Liverpool FC,away,0.05943333333333333,0.110665314,0.05123198056618373
4064,12436996,24/25,2025-03-08,2275,3027,Brighton & Hove Albion,Fulham,home,0.17093333333333333,0.1163883,-0.054545034762223554
4064,12436996,24/25,2025-03-08,3027,2275,Fulham,Brighton & Hove Albion,away,0.15043333333333334,0.11575501,-0.03467832666238149
4065,12437000,24/25,2025-03-08,18,7583,Crystal Palace,Ipswich Town,home,0.17157368421052632,0.119170174,-0.05240351020787892
4065,12437000,24/25,2025-03-08,7583,18,Ipswich Town,Crystal Palace,away,0.11946666666666667,0.111885555,-0.007581111578146615
4066,12436994,24/25,2025-03-08,5301,12,Brentford,Aston Villa,home,0.06413846153846153,0.11846813,0.054329666606279525
4066,12436994,24/25,2025-03-08,12,5301,Aston Villa,Brentford,away,0.11103333333333333,0.115009755,0.003976421562830609
4067,12437012,24/25,2025-03-08,3033,10,Wolverhampton,Everton,home,0.07003636363636363,0.112272084,0.04223572012294423
4067,12437012,24/25,2025-03-08,10,3033,Everton,Wolverhampton,away,0.11786666666666666,0.11425448,-0.003612184576193486
4068,12436998,24/25,2025-03-09,24,9,Chelsea,Leicester City,home,0.08891,0.117545776,0.028635776069164273
4069,12437009,24/25,2025-03-09,8,769,Tottenham Hotspur,Bournemouth,home,0.12715833333333335,0.11743275,-0.009725582571824404
4069,12437009,24/25,2025-03-09,769,8,Bournemouth,Tottenham Hotspur,away,0.1294764705882353,0.114037424,-0.01543904626229231
4070,12437005,24/25,2025-03-09,1,17,Manchester United,Arsenal,home,0.15192,0.11392874,-0.037991257293224334
4070,12437005,24/25,2025-03-09,17,1,Arsenal,Manchester United,away,0.09820588235294117,0.11448694,0.016281057852156028
4071,12437010,24/25,2025-03-10,7,21,West Ham United,Newcastle United,home,0.07968888888888889,0.11485249,0.03516359915203518
4071,12437010,24/25,2025-03-10,21,7,Newcastle United,West Ham United,away,0.15573333333333333,0.119770825,-0.03596250842412313
4072,12437029,24/25,2025-03-15,22,2275,Manchester City,Brighton & Hove Albion,home,0.15795454545454546,0.11748744,-0.040467107431455096
4072,12437029,24/25,2025-03-15,2275,22,Brighton & Hove Albion,Manchester City,away,0.13577333333333333,0.11771549,-0.018057840488751725
4073,12437021,24/25,2025-03-15,10,7,Everton,West Ham United,home,0.07667692307692307,0.11357029,0.03689336474675399
4073,12437021,24/25,2025-03-15,7,10,West Ham United,Everton,away,0.08463999999999999,0.11517823,0.03053822742462159
4074,12437025,24/25,2025-03-15,7583,6072,Ipswich Town,Nottingham Forest,home,0.03860909090909091,0.11137179,0.07276270194378766
4074,12437025,24/25,2025-03-15,6072,7583,Nottingham Forest,Ipswich Town,away,0.1379090909090909,0.11412581,-0.023783280345526597
4075,12436578,24/25,2025-03-15,20,3033,Southampton,Wolverhampton,home,0.14008,0.11160649,-0.028473506407737742
4075,12436578,24/25,2025-03-15,3033,20,Wolverhampton,Southampton,away,0.07238,0.11229481,0.03991480803012848
4076,12437014,24/25,2025-03-15,769,5301,Bournemouth,Brentford,home,0.09795294117647059,0.11486638,0.016913442197266745
4076,12437014,24/25,2025-03-15,5301,769,Brentford,Bournemouth,away,0.08333,0.11621094,0.0328809375
4077,12437017,24/25,2025-03-16,17,24,Arsenal,Chelsea,home,0.05955833333333333,0.114700034,0.055141700927416486
4077,12437017,24/25,2025-03-16,24,17,Chelsea,Arsenal,away,0.0448625,0.11824165,0.07337915284633637
4078,12437023,24/25,2025-03-16,3027,8,Fulham,Tottenham Hotspur,home,0.07475384615384616,0.114832245,0.04007839865959607
4078,12437023,24/25,2025-03-16,8,3027,Tottenham Hotspur,Fulham,away,0.07928333333333333,0.11507253,0.03578920015494029
4079,12437027,24/25,2025-03-16,9,1,Leicester City,Manchester United,home,0.0957,0.11220886,0.016508858132362372
4079,12437027,24/25,2025-03-16,1,9,Manchester United,Leicester City,away,0.05068333333333333,0.11244502,0.06176168585220973
4080,12436580,24/25,2025-04-01,17,3027,Arsenal,Fulham,home,0.13978235294117647,0.11938376,-0.020398593144557053
4080,12436580,24/25,2025-04-01,3027,17,Fulham,Arsenal,away,0.10994444444444444,0.11486731,0.004922862801286912
4081,12436599,24/25,2025-04-01,3033,7,Wolverhampton,West Ham United,home,0.13125555555555554,0.111350805,-0.019904750988218506
4081,12436599,24/25,2025-04-01,7,3033,West Ham United,Wolverhampton,away,0.13434,0.11526024,-0.019079756584167468
4082,12436591,24/25,2025-04-01,6072,1,Nottingham Forest,Manchester United,home,0.0594375,0.11304494,0.05360743993520737
4082,12436591,24/25,2025-04-01,1,6072,Manchester United,Nottingham Forest,away,0.0713304347826087,0.112217896,0.040887460904017736
4083,12436594,24/25,2025-04-02,22,9,Manchester City,Leicester City,home,0.12466666666666666,0.11724275,-0.007423913160959875
4084,12436584,24/25,2025-04-02,2275,12,Brighton & Hove Albion,Aston Villa,home,0.08144545454545454,0.116827704,0.03538224946693941
4084,12436584,24/25,2025-04-02,12,2275,Aston Villa,Brighton & Hove Albion,away,0.1559625,0.11707367,-0.038888829970359806
4085,12436600,24/25,2025-04-02,21,5301,Newcastle United,Brentford,home,0.06127619047619048,0.11490292,0.05362673054479417
4085,12436600,24/25,2025-04-02,5301,21,Brentford,Newcastle United,away,0.13365833333333332,0.11692299,-0.016735343845685313
4086,12436588,24/25,2025-04-02,20,18,Southampton,Crystal Palace,home,0.08405,0.11278333,0.02873332769870758
4086,12436588,24/25,2025-04-02,18,20,Crystal Palace,Southampton,away,0.08257777777777778,0.117588334,0.03501055600775613
4087,12436576,24/25,2025-04-02,769,7583,Bournemouth,Ipswich Town,home,0.0841875,0.11538832,0.03120081889629364
4087,12436576,24/25,2025-04-02,7583,769,Ipswich Town,Bournemouth,away,0.11676,0.11082027,-0.005939728925228122
4088,12436593,24/25,2025-04-02,19,10,Liverpool FC,Everton,home,0.08634705882352942,0.11745222,0.031105160305079288
4088,12436593,24/25,2025-04-02,10,19,Everton,Liverpool FC,away,0.133,0.114164196,-0.018835804045200355
4089,12436587,24/25,2025-04-03,24,8,Chelsea,Tottenham Hotspur,home,0.09991818181818181,0.11834732,0.01842913516218013
4089,12436587,24/25,2025-04-03,8,24,Tottenham Hotspur,Chelsea,away,0.109175,0.115751155,0.006576154720783239
4090,12436596,24/25,2025-04-05,10,17,Everton,Arsenal,home,0.21772,0.1290325,-0.08868750736236572
4090,12436596,24/25,2025-04-05,17,10,Arsenal,Everton,away,0.13007142857142856,0.11741312,-0.012658310089792513
4091,12436604,24/25,2025-04-05,7,769,West Ham United,Bournemouth,home,0.07665555555555556,0.113925666,0.037270110061433576
4091,12436604,24/25,2025-04-05,769,7,Bournemouth,West Ham United,away,0.19457272727272729,0.11703352,-0.07753920842192391
4092,12436595,24/25,2025-04-05,18,2275,Crystal Palace,Brighton & Hove Albion,home,0.075575,0.11609218,0.04051718269586563
4092,12436595,24/25,2025-04-05,2275,18,Brighton & Hove Albion,Crystal Palace,away,0.09131818181818181,0.11439622,0.02307804011756724
4093,12436601,24/25,2025-04-05,7583,3033,Ipswich Town,Wolverhampton,home,0.13288333333333333,0.11227814,-0.020605192252000165
4093,12436601,24/25,2025-04-05,3033,7583,Wolverhampton,Ipswich Town,away,0.12316818181818182,0.1118057,-0.011362482052499595
4094,12436597,24/25,2025-04-05,12,6072,Aston Villa,Nottingham Forest,home,0.17808823529411766,0.11491124,-0.06317699197460624
4094,12436597,24/25,2025-04-05,6072,12,Nottingham Forest,Aston Villa,away,0.07792631578947369,0.11304494,0.035118624145733676
4095,12436598,24/25,2025-04-06,3027,19,Fulham,Liverpool FC,home,0.06195833333333333,0.1134574,0.05149906329313914
4095,12436598,24/25,2025-04-06,19,3027,Liverpool FC,Fulham,away,0.10707142857142857,0.11697237,0.009900943364415854
4096,12436589,24/25,2025-04-06,5301,24,Brentford,Chelsea,home,0.13165555555555555,0.116652176,-0.01500337977144453
4096,12436589,24/25,2025-04-06,24,5301,Chelsea,Brentford,away,0.05866190476190476,0.11865264,0.059990737011319115
4097,12436606,24/25,2025-04-06,8,20,Tottenham Hotspur,Southampton,home,0.16277692307692307,0.11940665,-0.043370275096709904
4097,12436606,24/25,2025-04-06,20,8,Southampton,Tottenham Hotspur,away,0.08648333333333333,0.110665314,0.02418198056618373
4098,12436602,24/25,2025-04-06,1,22,Manchester United,Manchester City,home,0.07143076923076923,0.1124598,0.04102903190667813
4098,12436602,24/25,2025-04-06,22,1,Manchester City,Manchester United,away,0.054155555555555554,0.11724275,0.06308719795015123
4099,13560219,24/25,2025-04-07,9,21,Leicester City,Newcastle United,home,0.06792857142857144,0.11126768,0.04333910701104572
4099,13560219,24/25,2025-04-07,21,9,Newcastle United,Leicester City,away,0.207725,0.115649864,-0.09207513592243194
4100,12436610,24/25,2025-04-12,22,18,Manchester City,Crystal Palace,home,0.19152857142857144,0.11629054,-0.0752380319254739
4100,12436610,24/25,2025-04-12,18,22,Crystal Palace,Manchester City,away,0.2271625,0.11708484,-0.110077661550045
4101,12436614,24/25,2025-04-12,20,12,Southampton,Aston Villa,home,0.04435714285714286,0.11041491,0.06605776447909219
4101,12436614,24/25,2025-04-12,12,20,Aston Villa,Southampton,away,0.130844,0.11763904,-0.01320495756292342
4102,12436607,24/25,2025-04-12,2275,9,Brighton & Hove Albion,Leicester City,home,0.18599047619047618,0.115210466,-0.0707800101036117
4102,12436607,24/25,2025-04-12,9,2275,Leicester City,Brighton & Hove Albion,away,0.10089333333333333,0.11244965,0.011556320113341012
4103,12436613,24/25,2025-04-12,6072,10,Nottingham Forest,Everton,home,0.05164,0.11283879,0.06119878982067108
4103,12436613,24/25,2025-04-12,10,6072,Everton,Nottingham Forest,away,0.10433846153846153,0.11294521,0.008606744924875412
4104,12436608,24/25,2025-04-12,17,5301,Arsenal,Brentford,home,0.06892857142857142,0.11721921,0.048290638242449085
4104,12436608,24/25,2025-04-12,5301,17,Brentford,Arsenal,away,0.08123333333333334,0.11778338,0.036550049201647436
4105,12436612,24/25,2025-04-13,19,7,Liverpool FC,West Ham United,home,0.11846666666666666,0.11750488,-0.0009617868343989033
4105,12436612,24/25,2025-04-13,7,19,West Ham United,Liverpool FC,away,0.13677272727272727,0.11404264,-0.022730087540366428
4106,12436609,24/25,2025-04-13,24,7583,Chelsea,Ipswich Town,home,0.06683823529411764,0.11503598,0.04819774564574747
4106,12436609,24/25,2025-04-13,7583,24,Ipswich Town,Chelsea,away,0.08267692307692308,0.110482715,0.027805791993324572
4107,12436617,24/25,2025-04-13,3033,8,Wolverhampton,Tottenham Hotspur,home,0.18356153846153847,0.11701172,-0.0665498200095617
4107,12436617,24/25,2025-04-13,8,3033,Tottenham Hotspur,Wolverhampton,away,0.18831818181818183,0.117182,-0.07113618034666236
4108,12436611,24/25,2025-04-13,21,1,Newcastle United,Manchester United,home,0.1669153846153846,0.116997726,-0.04991765835376885
4108,12436611,24/25,2025-04-13,1,21,Manchester United,Newcastle United,away,0.08004444444444445,0.1134416,0.03339715695116255
4109,13560222,24/25,2025-04-14,769,3027,Bournemouth,Fulham,home,0.12128333333333333,0.11448037,-0.006802964540322615
4109,13560222,24/25,2025-04-14,3027,769,Fulham,Bournemouth,away,0.08881666666666667,0.11163608,0.022819413181145984
4110,12437031,24/25,2025-04-16,21,18,Newcastle United,Crystal Palace,home,0.10969285714285715,0.11886118,0.009168326381274627
4110,12437031,24/25,2025-04-16,18,21,Crystal Palace,Newcastle United,away,0.18212727272727272,0.11667099,-0.06545628422715447
4111,12436628,24/25,2025-04-19,10,22,Everton,Manchester City,home,0.1139,0.112180755,-0.0017192454576492322
4111,12436628,24/25,2025-04-19,22,10,Manchester City,Everton,away,0.1701,0.11849194,-0.051608059799671174
4112,12436619,24/25,2025-04-19,5301,2275,Brentford,Brighton & Hove Albion,home,0.140875,0.11411129,-0.026763710618019104
4112,12436619,24/25,2025-04-19,2275,5301,Brighton & Hove Albion,Brentford,away,0.1195,0.11722697,-0.0022730268239974927
4113,12436554,24/25,2025-04-19,7,20,West Ham United,Southampton,home,0.07575,0.11408373,0.03833372968435288
4113,12436554,24/25,2025-04-19,20,7,Southampton,West Ham United,away,0.04275333333333333,0.10967988,0.06692654442469279
4114,12436616,24/25,2025-04-19,18,769,Crystal Palace,Bournemouth,home,0.07406,0.11790623,0.04384622770786285
4114,12436616,24/25,2025-04-19,769,18,Bournemouth,Crystal Palace,away,0.04831333333333333,0.11594662,0.0676332873694102
4115,12436615,24/25,2025-04-19,12,21,Aston Villa,Newcastle United,home,0.09808260869565218,0.11687055,0.018787943605754684
4115,12436615,24/25,2025-04-19,21,12,Newcastle United,Aston Villa,away,0.10044,0.11755182,0.01711181849002838
4116,12436622,24/25,2025-04-20,1,3033,Manchester United,Wolverhampton,home,0.11004166666666666,0.112660274,0.002618607242902124
4116,12436622,24/25,2025-04-20,3033,1,Wolverhampton,Manchester United,away,0.06235,0.11482685,0.052476850593090055
4117,12436620,24/25,2025-04-20,7583,17,Ipswich Town,Arsenal,home,0.04195,0.110117786,0.06816778563261032
4117,12436620,24/25,2025-04-20,17,7583,Arsenal,Ipswich Town,away,0.10607083333333334,0.11700684,0.010936004988352455
4118,12436618,24/25,2025-04-20,3027,24,Fulham,Chelsea,home,0.042,0.11260541,0.07060540783405303
4118,12436618,24/25,2025-04-20,24,3027,Chelsea,Fulham,away,0.06954615384615384,0.11496756,0.04542140841208972
4119,12436626,24/25,2025-04-20,9,19,Leicester City,Liverpool FC,home,0.05476,0.113012396,0.05825239579916
4119,12436626,24/25,2025-04-20,19,9,Liverpool FC,Leicester City,away,0.09343928571428571,0.11661582,0.023176531236512324
4120,12436537,24/25,2025-04-21,8,6072,Tottenham Hotspur,Nottingham Forest,home,0.09724090909090909,0.11682516,0.019584254273501314
4120,12436537,24/25,2025-04-21,6072,8,Nottingham Forest,Tottenham Hotspur,away,0.120075,0.113491885,-0.006583114635944368
4121,12436551,24/25,2025-04-22,22,12,Manchester City,Aston Villa,home,0.09513571428571428,0.11705686,0.021921147234099256
4121,12436551,24/25,2025-04-22,12,22,Aston Villa,Manchester City,away,0.2508,0.11858279,-0.1322172074198723
4122,12436547,24/25,2025-04-23,17,18,Arsenal,Crystal Palace,home,0.103775,0.119336426,0.015561426258087152
4122,12436547,24/25,2025-04-23,18,17,Crystal Palace,Arsenal,away,0.12039333333333334,0.1181669,-0.0022264321621259103
4123,12436550,24/25,2025-04-26,24,10,Chelsea,Everton,home,0.08813,0.11451292,0.026382920379638672
4123,12436550,24/25,2025-04-26,10,24,Everton,Chelsea,away,0.07361666666666666,0.11156013,0.03794346196254095
4124,12436545,24/25,2025-04-26,21,7583,Newcastle United,Ipswich Town,home,0.11401599999999999,0.115918465,0.0019024649586677628
4124,12436545,24/25,2025-04-26,7583,21,Ipswich Town,Newcastle United,away,0.02495,0.111172624,0.0862226239323616
4125,12436546,24/25,2025-04-26,2275,7,Brighton & Hove Albion,West Ham United,home,0.08179375,0.11697128,0.035177526700496675
4125,12436546,24/25,2025-04-26,7,2275,West Ham United,Brighton & Hove Albion,away,0.10617499999999999,0.11256947,0.006394473683834084
4126,12436558,24/25,2025-04-26,3033,9,Wolverhampton,Leicester City,home,0.101125,0.11449423,0.013369226872920983
4126,12436558,24/25,2025-04-26,9,3033,Leicester City,Wolverhampton,away,0.143425,0.11126768,-0.03215732156038284
4127,12436539,24/25,2025-04-26,20,3027,Southampton,Fulham,home,0.08974285714285714,0.10967988,0.019937020615168985
4127,12436539,24/25,2025-04-26,3027,20,Fulham,Southampton,away,0.09295,0.11056652,0.017616519200801845
4128,12436535,24/25,2025-04-27,769,1,Bournemouth,Manchester United,home,0.0659,0.11529281,0.04939280990362167
4128,12436535,24/25,2025-04-27,1,769,Manchester United,Bournemouth,away,0.100664,0.11418441,0.013520409379959103
4129,12436544,24/25,2025-04-27,19,8,Liverpool FC,Tottenham Hotspur,home,0.091088,0.117083006,0.02599500560712814
4129,12436544,24/25,2025-04-27,8,19,Tottenham Hotspur,Liverpool FC,away,0.0571,0.116503134,0.05940313436985016
4130,12436552,24/25,2025-05-01,6072,5301,Nottingham Forest,Brentford,home,0.06419285714285715,0.11233981,0.04814695239407675
4130,12436552,24/25,2025-05-01,5301,6072,Brentford,Nottingham Forest,away,0.11705454545454545,0.114971265,-0.002083280257745221
4131,12436562,24/25,2025-05-02,22,3033,Manchester City,Wolverhampton,home,0.07914444444444445,0.11849199,0.03934754790994856
4131,12436562,24/25,2025-05-02,3033,22,Wolverhampton,Manchester City,away,0.06931666666666667,0.11489324,0.04557657605012258
4132,12436553,24/25,2025-05-03,12,3027,Aston Villa,Fulham,home,0.09576,0.11835392,0.022593918194770815
4132,12436553,24/25,2025-05-03,3027,12,Fulham,Aston Villa,away,0.0776090909090909,0.11219361,0.03458451588478956
4133,12436571,24/25,2025-05-03,9,20,Leicester City,Southampton,home,0.10015,0.111714624,0.01156462386846542
4133,12436571,24/25,2025-05-03,20,9,Southampton,Leicester City,away,0.066625,0.11227447,0.04564946794509887
4134,12436572,24/25,2025-05-03,10,7583,Everton,Ipswich Town,home,0.06925,0.11229075,0.04304074746370315
4134,12436572,24/25,2025-05-03,7583,10,Ipswich Town,Everton,away,0.07075833333333334,0.11308304,0.042324708871046696
4135,12436543,24/25,2025-05-03,17,769,Arsenal,Bournemouth,home,0.10903076923076924,0.11609164,0.007060869572712819
4135,12436543,24/25,2025-05-03,769,17,Bournemouth,Arsenal,away,0.10734444444444445,0.115045264,0.007700819918844429
4136,12436560,24/25,2025-05-04,5301,1,Brentford,Manchester United,home,0.23294166666666666,0.120200574,-0.11274109226862589
4136,12436560,24/25,2025-05-04,1,5301,Manchester United,Brentford,away,0.11117142857142857,0.11285588,0.001684452881131851
4137,12436565,24/25,2025-05-04,7,8,West Ham United,Tottenham Hotspur,home,0.07656363636363636,0.113485076,0.036921439169753684
4137,12436565,24/25,2025-05-04,8,7,Tottenham Hotspur,West Ham United,away,0.11067142857142857,0.11583076,0.0051593281524521944
4138,12436567,24/25,2025-05-04,2275,21,Brighton & Hove Albion,Newcastle United,home,0.13754,0.117301226,-0.02023877433776855
4138,12436567,24/25,2025-05-04,21,2275,Newcastle United,Brighton & Hove Albion,away,0.14366153846153845,0.11799509,-0.025666447678896087
4139,12436563,24/25,2025-05-04,24,19,Chelsea,Liverpool FC,home,0.18434705882352942,0.1165239,-0.06782315968555563
4139,12436563,24/25,2025-05-04,19,24,Liverpool FC,Chelsea,away,0.09535454545454546,0.11780369,0.022449147363142533
4140,12436561,24/25,2025-05-05,18,6072,Crystal Palace,Nottingham Forest,home,0.11609,0.11859856,0.002508558008670808
4140,12436561,24/25,2025-05-05,6072,18,Nottingham Forest,Crystal Palace,away,0.060833333333333336,0.11147383,0.050640495220820106
4141,12436575,24/25,2025-05-10,22,20,Manchester City,Southampton,away,0.0701,0.11592929,0.04582929065227509
4142,12436581,24/25,2025-05-10,3033,2275,Wolverhampton,Brighton & Hove Albion,home,0.09103,0.112441376,0.021411375851631165
4142,12436581,24/25,2025-05-10,2275,3033,Brighton & Hove Albion,Wolverhampton,away,0.22457142857142856,0.11702293,-0.10754849699565341
4143,12436566,24/25,2025-05-10,3027,10,Fulham,Everton,home,0.04365,0.11213953,0.068489530479908
4143,12436566,24/25,2025-05-10,10,3027,Everton,Fulham,away,0.10202727272727273,0.11130571,0.009278440926291723
4144,12436564,24/25,2025-05-10,7583,5301,Ipswich Town,Brentford,home,0.08454545454545455,0.110117786,0.025572331087155772
4144,12436564,24/25,2025-05-10,5301,7583,Brentford,Ipswich Town,away,0.09449333333333333,0.11711823,0.022624898618857067
4145,12436570,24/25,2025-05-10,769,12,Bournemouth,Aston Villa,home,0.08419,0.11563596,0.03144596129417419
4145,12436570,24/25,2025-05-10,12,769,Aston Villa,Bournemouth,away,0.16536666666666666,0.11737211,-0.04799455618063608
4146,12436573,24/25,2025-05-11,21,24,Newcastle United,Chelsea,home,0.10432,0.11897551,0.014655512683391575
4146,12436573,24/25,2025-05-11,24,21,Chelsea,Newcastle United,away,0.06896,0.116052985,0.04709298519134522
4147,12436569,24/25,2025-05-11,1,7,Manchester United,West Ham United,home,0.111825,0.11274524,0.0009202403306961121
4147,12436569,24/25,2025-05-11,7,1,West Ham United,Manchester United,away,0.19556666666666667,0.11518387,-0.08038279915253321
4148,12436583,24/25,2025-05-11,8,18,Tottenham Hotspur,Crystal Palace,home,0.0914125,0.11489072,0.023478216969966895
4148,12436583,24/25,2025-05-11,18,8,Crystal Palace,Tottenham Hotspur,away,0.14626521739130435,0.12054211,-0.025723108378700593
4149,12436574,24/25,2025-05-11,6072,9,Nottingham Forest,Leicester City,home,0.08732666666666666,0.11147383,0.02414716188748678
4149,12436574,24/25,2025-05-11,9,6072,Leicester City,Nottingham Forest,away,0.10832,0.11169357,0.0033735685276985172
4150,12436568,24/25,2025-05-11,19,17,Liverpool FC,Arsenal,home,0.17064285714285715,0.1181343,-0.05250855971234186
4150,12436568,24/25,2025-05-11,17,19,Arsenal,Liverpool FC,away,0.17323333333333332,0.11721921,-0.056014123662312815
4151,12436577,24/25,2025-05-16,12,8,Aston Villa,Tottenham Hotspur,home,0.07716111111111111,0.117800936,0.040639824991756016
4152,12436582,24/25,2025-05-16,24,1,Chelsea,Manchester United,home,0.07417272727272728,0.116052985,0.041880257918617936
4152,12436582,24/25,2025-05-16,1,24,Manchester United,Chelsea,away,0.072825,0.11387968,0.04105468063354492
4153,12436579,24/25,2025-05-18,10,20,Everton,Southampton,home,0.20989230769230768,0.1135917,-0.09630060689999506
4153,12436579,24/25,2025-05-18,20,10,Southampton,Everton,away,0.21635,0.113923796,-0.10242620447874068
4154,12436533,24/25,2025-05-18,7,6072,West Ham United,Nottingham Forest,home,0.07048125,0.113700055,0.04321880458593369
4154,12436533,24/25,2025-05-18,6072,7,Nottingham Forest,West Ham United,away,0.1958,0.1126558,-0.08314419643878937
4155,12436534,24/25,2025-05-18,9,7583,Leicester City,Ipswich Town,home,0.08942222222222222,0.111764014,0.02234179154502021
4155,12436534,24/25,2025-05-18,7583,9,Ipswich Town,Leicester City,away,0.07029,0.110117786,0.039827785632610316
4156,12436586,24/25,2025-05-18,5301,3027,Brentford,Fulham,home,0.2610636363636364,0.11711823,-0.143945404411446
4156,12436586,24/25,2025-05-18,3027,5301,Fulham,Brentford,away,0.0621625,0.11330099,0.05113848658800125
4157,12436585,24/25,2025-05-18,17,21,Arsenal,Newcastle United,home,0.05330833333333333,0.117692135,0.06438380194107692
4157,12436585,24/25,2025-05-18,21,17,Newcastle United,Arsenal,away,0.13465,0.11897551,-0.01567448731660842
4158,12436590,24/25,2025-05-19,2275,19,Brighton & Hove Albion,Liverpool FC,home,0.08931599999999999,0.11544317,0.0261271700706482
4158,12436590,24/25,2025-05-19,19,2275,Liverpool FC,Brighton & Hove Albion,away,0.12416666666666666,0.118370324,-0.005796342293421422
4159,13854588,24/25,2025-05-20,22,769,Manchester City,Bournemouth,home,0.12810833333333332,0.12143275,-0.00667558191617329
4159,13854588,24/25,2025-05-20,769,22,Bournemouth,Manchester City,away,0.1404125,0.115833774,-0.024578725790977474
4160,12436592,24/25,2025-05-20,18,3033,Crystal Palace,Wolverhampton,home,0.11839285714285715,0.11878549,0.00039263593299047883
4160,12436592,24/25,2025-05-20,3033,18,Wolverhampton,Crystal Palace,away,0.1178,0.11125626,-0.006543743300437929
4161,12436559,24/25,2025-05-25,3027,22,Fulham,Manchester City,home,0.10063846153846154,0.11430954,0.013671080342622904
4161,12436559,24/25,2025-05-25,22,3027,Manchester City,Fulham,away,0.156455,0.12058628,-0.03586871649503709
4162,12436540,24/25,2025-05-25,1,12,Manchester United,Aston Villa,home,0.11434615384615385,0.114337064,-9.089520344368607e-06
4162,12436540,24/25,2025-05-25,12,1,Aston Villa,Manchester United,away,0.0657,0.115371384,0.04967138372659684
4163,12436548,24/25,2025-05-25,19,18,Liverpool FC,Crystal Palace,home,0.1528,0.11762427,-0.03517573206424712
4163,12436548,24/25,2025-05-25,18,19,Crystal Palace,Liverpool FC,away,0.2217,0.1202447,-0.10145530326366425
4164,12436549,24/25,2025-05-25,20,17,Southampton,Arsenal,home,0.0882,0.112140514,0.023940513956546783
4164,12436549,24/25,2025-05-25,17,20,Arsenal,Southampton,away,0.10380869565217392,0.11562656,0.011817863009286958
4165,12436556,24/25,2025-05-25,6072,24,Nottingham Forest,Chelsea,home,0.11950999999999999,0.113267936,-0.006242064187526694
4165,12436556,24/25,2025-05-25,24,6072,Chelsea,Nottingham Forest,away,0.18095,0.115957916,-0.06499208421707153
4166,12436557,24/25,2025-05-25,8,2275,Tottenham Hotspur,Brighton & Hove Albion,home,0.5,0.13121529,-0.36878471076488495
4166,12436557,24/25,2025-05-25,2275,8,Brighton & Hove Albion,Tottenham Hotspur,away,0.0973695652173913,0.11523539,0.017865823061569877
4167,12436541,24/25,2025-05-25,21,10,Newcastle United,Everton,home,0.0748764705882353,0.11833319,0.04345672009131488
4167,12436541,24/25,2025-05-25,10,21,Everton,Newcastle United,away,0.0829357142857143,0.11441912,0.03148340328420911
4168,12436538,24/25,2025-05-25,7583,7,Ipswich Town,West Ham United,home,0.053135714285714286,0.110117786,0.056982071346896035
4168,12436538,24/25,2025-05-25,7,7583,West Ham United,Ipswich Town,away,0.10885,0.113423884,0.0045738839149475075
4169,12436536,24/25,2025-05-25,769,9,Bournemouth,Leicester City,home,0.081095,0.11456839,0.03347338995218277
4170,12436542,24/25,2025-05-25,3033,5301,Wolverhampton,Brentford,home,0.05792222222222222,0.11180175,0.05387952873574363
4170,12436542,24/25,2025-05-25,5301,3033,Brentford,Wolverhampton,away,0.11017692307692308,0.117252186,0.007075262863819418
4171,14025013,25/26,2025-08-15,19,769,Liverpool FC,Bournemouth,home,0.11630526315789473,0.11147651,-0.004828752394726396
4171,14025013,25/26,2025-08-15,769,19,Bournemouth,Liverpool FC,away,0.16987,0.11147651,-0.05839348923683166
4172,14025016,25/26,2025-08-16,12,21,Aston Villa,Newcastle United,home,0.0679,0.11147651,0.04357651076316833
4172,14025016,25/26,2025-08-16,21,12,Newcastle United,Aston Villa,away,0.08953124999999999,0.11147651,0.021945260763168342
4173,14025047,25/26,2025-08-16,8,23,Tottenham Hotspur,Burnley,home,0.14515625000000001,0.11147651,-0.03367973923683168
4173,14025047,25/26,2025-08-16,23,8,Burnley,Tottenham Hotspur,away,0.06682857142857143,0.11147651,0.0446479393345969
4174,14025020,25/26,2025-08-16,2275,3027,Brighton & Hove Albion,Fulham,home,0.14767,0.11147651,-0.03619348923683166
4174,14025020,25/26,2025-08-16,3027,2275,Fulham,Brighton & Hove Albion,away,0.11274285714285714,0.11147651,-0.0012663463796888097
4175,14025038,25/26,2025-08-16,16,7,Sunderland,West Ham United,home,0.07534,0.11147651,0.03613651076316833
4175,14025038,25/26,2025-08-16,7,16,West Ham United,Sunderland,away,0.04683333333333333,0.11147651,0.064643177429835
4176,14025050,25/26,2025-08-16,3033,22,Wolverhampton,Manchester City,home,0.0621,0.11147651,0.04937651076316833
4176,14025050,25/26,2025-08-16,22,3033,Manchester City,Wolverhampton,away,0.16444666666666666,0.11147651,-0.05297015590349832
4177,14025053,25/26,2025-08-17,24,18,Chelsea,Crystal Palace,home,0.08445263157894736,0.11147651,0.027023879184220972
4177,14025053,25/26,2025-08-17,18,24,Crystal Palace,Chelsea,away,0.059754545454545456,0.11147651,0.05172196530862288
4178,14025028,25/26,2025-08-17,6072,5301,Nottingham Forest,Brentford,home,0.16621818181818182,0.11147651,-0.054741671055013486
4178,14025028,25/26,2025-08-17,5301,6072,Brentford,Nottingham Forest,away,0.14922,0.11147651,-0.03774348923683166
4179,14025056,25/26,2025-08-17,1,17,Manchester United,Arsenal,home,0.06926818181818181,0.11147651,0.04220832894498652
4179,14025056,25/26,2025-08-17,17,1,Arsenal,Manchester United,away,0.14526666666666666,0.11147651,-0.03379015590349832
4180,14025059,25/26,2025-08-18,4546,10,Leeds United,Everton,home,0.10156190476190476,0.11147651,0.009914606001263579
4180,14025059,25/26,2025-08-18,10,4546,Everton,Leeds United,away,0.11468571428571428,0.11147651,-0.0032092035225459448
4181,14025088,25/26,2025-08-22,7,24,West Ham United,Chelsea,home,0.060533333333333335,0.11181077,0.05127744027773539
4181,14025088,25/26,2025-08-22,24,7,Chelsea,West Ham United,away,0.22856666666666667,0.11482541,-0.11374125403563182
4182,14025083,25/26,2025-08-23,22,8,Manchester City,Tottenham Hotspur,home,0.15524,0.11482541,-0.04041458736896514
4182,14025083,25/26,2025-08-23,8,22,Tottenham Hotspur,Manchester City,away,0.09314166666666666,0.11537549,0.022233822329839073
4183,14025068,25/26,2025-08-23,5301,12,Brentford,Aston Villa,home,0.13473333333333332,0.11181077,-0.02292255972226459
4183,14025068,25/26,2025-08-23,12,5301,Aston Villa,Brentford,away,0.07012352941176471,0.11226609,0.042142564080743225
4184,14025062,25/26,2025-08-23,769,3033,Bournemouth,Wolverhampton,home,0.09223571428571428,0.111904584,0.01966886958565031
4184,14025062,25/26,2025-08-23,3033,769,Wolverhampton,Bournemouth,away,0.07745,0.11102119,0.03357119088172912
4185,14025071,25/26,2025-08-23,23,16,Burnley,Sunderland,home,0.14225714285714286,0.11537549,-0.026881653860637122
4185,14025071,25/26,2025-08-23,16,23,Sunderland,Burnley,away,0.08592222222222222,0.11226609,0.026343871270285715
4186,14025065,25/26,2025-08-23,17,4546,Arsenal,Leeds United,home,0.15993333333333334,0.11226609,-0.04766723984082541
4187,14025077,25/26,2025-08-24,10,2275,Everton,Brighton & Hove Albion,home,0.1450909090909091,0.11181077,-0.03328013547984038
4187,14025077,25/26,2025-08-24,2275,10,Brighton & Hove Albion,Everton,away,0.18716153846153846,0.11168877,-0.07547276810774436
4188,14025074,25/26,2025-08-24,18,6072,Crystal Palace,Nottingham Forest,home,0.1378,0.11102119,-0.02677880911827088
4188,14025074,25/26,2025-08-24,6072,18,Nottingham Forest,Crystal Palace,away,0.10328888888888889,0.11537549,0.012086600107616849
4189,14025080,25/26,2025-08-24,3027,1,Fulham,Manchester United,home,0.13593076923076924,0.11269417,-0.02323660263006505
4189,14025080,25/26,2025-08-24,1,3027,Manchester United,Fulham,away,0.17648,0.11482541,-0.06165458736896515
4190,14147154,25/26,2025-08-25,21,19,Newcastle United,Liverpool FC,home,0.09813999999999999,0.11372202,0.015582018897533426
4190,14147154,25/26,2025-08-25,19,21,Liverpool FC,Newcastle United,away,0.13856,0.11482541,-0.023734587368965138
4191,14025097,25/26,2025-08-30,24,3027,Chelsea,Fulham,home,0.18076923076923077,0.114585906,-0.06618332450206463
4191,14025097,25/26,2025-08-30,3027,24,Fulham,Chelsea,away,0.09300909090909092,0.11537549,0.02236639808741482
4192,14025106,25/26,2025-08-30,1,23,Manchester United,Burnley,home,0.13951538461538462,0.113961525,-0.025553859353982494
4192,14025106,25/26,2025-08-30,23,1,Burnley,Manchester United,away,0.20895,0.11223885,-0.09671115328073501
4193,14025115,25/26,2025-08-30,8,769,Tottenham Hotspur,Bournemouth,home,0.03746,0.113961525,0.07650152526140214
4193,14025115,25/26,2025-08-30,769,8,Bournemouth,Tottenham Hotspur,away,0.07931,0.11482541,0.035515412631034846
4194,14025118,25/26,2025-08-30,3033,10,Wolverhampton,Everton,home,0.09243333333333334,0.11102119,0.018587857548395786
4194,14025118,25/26,2025-08-30,10,3033,Everton,Wolverhampton,away,0.1932,0.11325153,-0.07994847036600114
4195,14025112,25/26,2025-08-30,16,5301,Sunderland,Brentford,home,0.12856666666666666,0.11181077,-0.016755893055597937
4195,14025112,25/26,2025-08-30,5301,16,Brentford,Sunderland,away,0.1711,0.1112607,-0.05983930275440216
4196,14025100,25/26,2025-08-30,4546,21,Leeds United,Newcastle United,home,0.06877,0.1112607,0.04249069724559784
4196,14025100,25/26,2025-08-30,21,4546,Newcastle United,Leeds United,away,0.057525,0.113961525,0.05643652526140213
4197,14025094,25/26,2025-08-31,2275,22,Brighton & Hove Albion,Manchester City,home,0.19145833333333334,0.1145116,-0.07694673170646033
4197,14025094,25/26,2025-08-31,22,2275,Manchester City,Brighton & Hove Albion,away,0.15168333333333334,0.11482541,-0.036857920702298486
4198,14025109,25/26,2025-08-31,6072,7,Nottingham Forest,West Ham United,home,0.06668181818181818,0.11482541,0.048143594449216676
4198,14025109,25/26,2025-08-31,7,6072,West Ham United,Nottingham Forest,away,0.2017,0.11181077,-0.08988922638893126
4199,14025103,25/26,2025-08-31,19,17,Liverpool FC,Arsenal,home,0.05832222222222222,0.1145116,0.0561893794046508
4199,14025103,25/26,2025-08-31,17,19,Arsenal,Liverpool FC,away,0.04410909090909091,0.1145116,0.07040251071778211
4200,14025091,25/26,2025-08-31,12,18,Aston Villa,Crystal Palace,home,0.08773076923076922,0.113961525,0.026230756030632907
4200,14025091,25/26,2025-08-31,18,12,Crystal Palace,Aston Villa,away,0.4416,0.1112607,-0.33033930275440215
4201,14025124,25/26,2025-09-13,17,6072,Arsenal,Nottingham Forest,home,0.11470625,0.11500794,0.0003016869544982953
4201,14025124,25/26,2025-09-13,6072,17,Nottingham Forest,Arsenal,away,0.04,0.113961525,0.07396152526140212
4202,14025136,25/26,2025-09-13,10,12,Everton,Aston Villa,home,0.104055,0.11508224,0.011027241594791418
4202,14025136,25/26,2025-09-13,12,10,Aston Villa,Everton,away,0.07644285714285715,0.11223885,0.03579598957640784
4203,14025145,25/26,2025-09-13,21,3033,Newcastle United,Wolverhampton,home,0.09713125,0.1145116,0.017380351626873014
4203,14025145,25/26,2025-09-13,3033,21,Wolverhampton,Newcastle United,away,0.0629375,0.11182304,0.04888553726673127
4204,14025121,25/26,2025-09-13,769,2275,Bournemouth,Brighton & Hove Albion,home,0.11134615384615384,0.11532175,0.003975594112506281
4204,14025121,25/26,2025-09-13,2275,769,Brighton & Hove Albion,Bournemouth,away,0.10381666666666667,0.11558543,0.011768764789899189
4205,14025133,25/26,2025-09-13,18,16,Crystal Palace,Sunderland,home,0.12727857142857144,0.11517979,-0.0120987793820245
4205,14025133,25/26,2025-09-13,16,18,Sunderland,Crystal Palace,away,0.060283333333333335,0.11181077,0.05152744027773539
4206,14025139,25/26,2025-09-13,3027,4546,Fulham,Leeds United,home,0.16944,0.115871824,-0.053568175675868995
4206,14025139,25/26,2025-09-13,4546,3027,Leeds United,Fulham,away,0.07899,0.1112607,0.032270697245597835
4207,14025148,25/26,2025-09-13,7,8,West Ham United,Tottenham Hotspur,home,0.0856,0.11230711,0.026707108938694005
4207,14025148,25/26,2025-09-13,8,7,Tottenham Hotspur,West Ham United,away,0.09204285714285715,0.11417594,0.022133080926963256
4208,14025127,25/26,2025-09-13,5301,24,Brentford,Chelsea,home,0.20375714285714286,0.11175703,-0.09200011028391974
4208,14025127,25/26,2025-09-13,24,5301,Chelsea,Brentford,away,0.078275,0.11539803,0.037123027002811435
4209,14025130,25/26,2025-09-14,19,23,Liverpool FC,Burnley,away,0.0981,0.11223885,0.014138846719264977
4210,14025142,25/26,2025-09-14,22,1,Manchester City,Manchester United,home,0.20627692307692308,0.11539803,-0.09087889607411165
4210,14025142,25/26,2025-09-14,1,22,Manchester United,Manchester City,away,0.12639166666666668,0.116999395,-0.009392271474997216
4211,14025166,25/26,2025-09-20,19,10,Liverpool FC,Everton,home,0.08207272727272727,0.11500794,0.03293520968177102
4211,14025166,25/26,2025-09-20,10,19,Everton,Liverpool FC,away,0.07783333333333334,0.11539803,0.037564693669478094
4212,14025157,25/26,2025-09-20,2275,8,Brighton & Hove Albion,Tottenham Hotspur,home,0.10998333333333334,0.11558543,0.005602098123232521
4212,14025157,25/26,2025-09-20,8,2275,Tottenham Hotspur,Brighton & Hove Albion,away,0.11134545454545454,0.1145116,0.0031661470814184772
4213,14025175,25/26,2025-09-20,7,18,West Ham United,Crystal Palace,home,0.083025,0.11230711,0.029282108938694
4213,14025175,25/26,2025-09-20,18,7,Crystal Palace,West Ham United,away,0.12834444444444446,0.11453414,-0.013810304811265744
4214,14025160,25/26,2025-09-20,23,6072,Burnley,Nottingham Forest,home,0.071025,0.11147651,0.04045151076316833
4214,14025160,25/26,2025-09-20,6072,23,Nottingham Forest,Burnley,away,0.06457058823529412,0.113961525,0.049390937026108014
4215,14025178,25/26,2025-09-20,3033,4546,Wolverhampton,Leeds United,home,0.1114875,0.11182304,0.00033553726673125894
4215,14025178,25/26,2025-09-20,4546,3033,Leeds United,Wolverhampton,away,0.0801,0.11102119,0.03092119088172912
4216,14025169,25/26,2025-09-20,1,24,Manchester United,Chelsea,home,0.16707272727272726,0.11614636,-0.0509263639547608
4216,14025169,25/26,2025-09-20,24,1,Chelsea,Manchester United,away,0.08504,0.11539803,0.030358027002811427
4217,14025163,25/26,2025-09-20,3027,5301,Fulham,Brentford,home,0.07216428571428571,0.11532175,0.04315746224437442
4217,14025163,25/26,2025-09-20,5301,3027,Brentford,Fulham,away,0.07535,0.11230711,0.036957108938694
4218,14025151,25/26,2025-09-21,769,21,Bournemouth,Newcastle United,home,0.04196363636363636,0.11445786,0.07249422422539104
4218,14025151,25/26,2025-09-21,21,769,Newcastle United,Bournemouth,away,0.03495,0.11537549,0.08042548899650573
4219,14025172,25/26,2025-09-21,16,12,Sunderland,Aston Villa,home,0.074,0.11147651,0.03747651076316834
4219,14025172,25/26,2025-09-21,12,16,Aston Villa,Sunderland,away,0.06535833333333334,0.1145116,0.04915326829353968
4220,14025154,25/26,2025-09-21,17,22,Arsenal,Manchester City,home,0.07404166666666667,0.11558543,0.041543764789899185
4220,14025154,25/26,2025-09-21,22,17,Manchester City,Arsenal,away,0.17342,0.116999395,-0.05642060480833053
4221,14025184,25/26,2025-09-27,5301,1,Brentford,Manchester United,home,0.20214,0.11146748,-0.09067251934051512
4221,14025184,25/26,2025-09-27,1,5301,Manchester United,Brentford,away,0.14874285714285715,0.115909375,-0.03283348189251764
4222,14025199,25/26,2025-09-27,22,23,Manchester City,Burnley,home,0.09657619047619048,0.117083,0.020506807680357064
4222,14025199,25/26,2025-09-27,23,22,Burnley,Manchester City,away,0.04566666666666667,0.110426925,0.06476025845607122
4223,14025190,25/26,2025-09-27,18,19,Crystal Palace,Liverpool FC,home,0.18384999999999999,0.11678532,-0.06706468234062193
4223,14025190,25/26,2025-09-27,19,18,Liverpool FC,Crystal Palace,away,0.10685,0.115832485,0.008982485258579254
4224,14025187,25/26,2025-09-27,24,2275,Chelsea,Brighton & Hove Albion,home,0.13923076923076924,0.11527421,-0.02395655597631749
4224,14025187,25/26,2025-09-27,2275,24,Brighton & Hove Albion,Chelsea,away,0.19036666666666666,0.112342276,-0.07802439098755518
4225,14025196,25/26,2025-09-27,4546,769,Leeds United,Bournemouth,home,0.09659473684210526,0.11082864,0.014233901234676966
4225,14025196,25/26,2025-09-27,769,4546,Bournemouth,Leeds United,away,0.0685,0.11424859,0.045748588681221
4226,14025205,25/26,2025-09-27,6072,16,Nottingham Forest,Sunderland,home,0.0763,0.11182452,0.03552451993227004
4226,14025205,25/26,2025-09-27,16,6072,Sunderland,Nottingham Forest,away,0.15056363636363637,0.11271152,-0.03785211736072194
4227,14025208,25/26,2025-09-27,8,3033,Tottenham Hotspur,Wolverhampton,home,0.08696,0.11356056,0.026600557365417485
4227,14025208,25/26,2025-09-27,3033,8,Wolverhampton,Tottenham Hotspur,away,0.13293333333333335,0.109662466,-0.023270867582162236
4228,14025181,25/26,2025-09-28,12,3027,Aston Villa,Fulham,home,0.12346666666666667,0.115256615,-0.008210051683584851
4228,14025181,25/26,2025-09-28,3027,12,Fulham,Aston Villa,away,0.08394545454545455,0.11323533,0.029289877526326613
4229,14025202,25/26,2025-09-28,21,17,Newcastle United,Arsenal,home,0.0765625,0.11830454,0.04174204319715499
4229,14025202,25/26,2025-09-28,17,21,Arsenal,Newcastle United,away,0.102195,0.117909,0.015713999323844915
4230,14311407,25/26,2025-09-29,10,7,Everton,West Ham United,home,0.061241666666666666,0.11523482,0.05399315536816915
4230,14311407,25/26,2025-09-29,7,10,West Ham United,Everton,away,0.08529285714285714,0.11320663,0.027913775292464665
4231,14025211,25/26,2025-10-03,769,3027,Bournemouth,Fulham,home,0.10191818181818181,0.11405662,0.012138435203378858
4231,14025211,25/26,2025-10-03,3027,769,Fulham,Bournemouth,away,0.07353333333333334,0.11443244,0.04089910587469736
4232,14025225,25/26,2025-10-04,4546,8,Leeds United,Tottenham Hotspur,home,0.10918125,0.110855885,0.0016746348500251834
4232,14025225,25/26,2025-10-04,8,4546,Tottenham Hotspur,Leeds United,away,0.05908888888888889,0.11295612,0.053867232675022546
4233,14025227,25/26,2025-10-04,1,16,Manchester United,Sunderland,home,0.12613333333333335,0.115909375,-0.01022395808299384
4233,14025227,25/26,2025-10-04,16,1,Sunderland,Manchester United,away,0.0887,0.110817835,0.022117834734916686
4234,14025214,25/26,2025-10-04,17,7,Arsenal,West Ham United,home,0.13816666666666666,0.11734778,-0.020818889776865634
4234,14025214,25/26,2025-10-04,7,17,West Ham United,Arsenal,away,0.12295,0.11662994,-0.0063200567483902015
4235,14025221,25/26,2025-10-04,24,19,Chelsea,Liverpool FC,home,0.08366666666666667,0.1150514,0.03138473697503408
4235,14025221,25/26,2025-10-04,19,24,Liverpool FC,Chelsea,away,0.16210833333333333,0.11680341,-0.045304925664265944
4236,14025229,25/26,2025-10-05,21,6072,Newcastle United,Nottingham Forest,home,0.19179444444444443,0.114561036,-0.07723340821531083
4236,14025229,25/26,2025-10-05,6072,21,Nottingham Forest,Newcastle United,away,0.05976,0.11441503,0.05465502720117569
4237,14025217,25/26,2025-10-05,12,23,Aston Villa,Burnley,home,0.07755333333333334,0.11519924,0.03764590472857157
4237,14025217,25/26,2025-10-05,23,12,Burnley,Aston Villa,away,0.08034,0.110426925,0.03008692512273789
4238,14025231,25/26,2025-10-05,3033,2275,Wolverhampton,Brighton & Hove Albion,home,0.09263333333333333,0.11034712,0.017713788620630902
4238,14025231,25/26,2025-10-05,2275,3033,Brighton & Hove Albion,Wolverhampton,away,0.05416470588235294,0.112257786,0.05809308021278942
4239,14025223,25/26,2025-10-05,10,18,Everton,Crystal Palace,home,0.15415,0.11527421,-0.03887578674554826
4239,14025223,25/26,2025-10-05,18,10,Crystal Palace,Everton,away,0.10524,0.116222575,0.010982575306892395
4240,14025219,25/26,2025-10-05,5301,22,Brentford,Manchester City,home,0.11588333333333334,0.11387779,-0.002005545147260035
4240,14025219,25/26,2025-10-05,22,5301,Manchester City,Brentford,away,0.08482,0.117566295,0.0327462949681282
4241,14025245,25/26,2025-10-18,6072,24,Nottingham Forest,Chelsea,home,0.19655833333333333,0.11106115,-0.0854971849878629
4241,14025245,25/26,2025-10-18,24,6072,Chelsea,Nottingham Forest,away,0.09849411764705883,0.11434892,0.015854800552480355
4242,14025243,25/26,2025-10-18,22,10,Manchester City,Everton,home,0.12552105263157895,0.11645029,-0.009070765229902772
4242,14025243,25/26,2025-10-18,10,22,Everton,Manchester City,away,0.162,0.11527421,-0.04672578674554825
4243,14025233,25/26,2025-10-18,2275,21,Brighton & Hove Albion,Newcastle United,home,0.07033846153846154,0.113088205,0.04274974391827216
4243,14025233,25/26,2025-10-18,21,2275,Newcastle United,Brighton & Hove Albion,away,0.0906125,0.115090266,0.0244777658700943
4244,14025237,25/26,2025-10-18,18,769,Crystal Palace,Bournemouth,home,0.223655,0.11560867,-0.10804633018255233
4244,14025237,25/26,2025-10-18,769,18,Bournemouth,Crystal Palace,away,0.2538625,0.11360967,-0.1402528284072876
4245,14025247,25/26,2025-10-18,16,3033,Sunderland,Wolverhampton,home,0.0809,0.110117786,0.02921778563261032
4245,14025247,25/26,2025-10-18,3033,16,Wolverhampton,Sunderland,away,0.05168125,0.11135875,0.05967749688625336
4246,14025235,25/26,2025-10-18,23,4546,Burnley,Leeds United,home,0.112925,0.110426925,-0.002498074877262113
4246,14025235,25/26,2025-10-18,4546,23,Leeds United,Burnley,away,0.1381842105263158,0.112372026,-0.0258121846788808
4247,14025239,25/26,2025-10-18,3027,17,Fulham,Arsenal,home,0.048933333333333336,0.11573708,0.06680374724070232
4247,14025239,25/26,2025-10-18,17,3027,Arsenal,Fulham,away,0.1193,0.11874649,-0.0005535107135772738
4248,14025249,25/26,2025-10-19,8,12,Tottenham Hotspur,Aston Villa,home,0.07512,0.111230515,0.036110514943599695
4248,14025249,25/26,2025-10-19,12,8,Aston Villa,Tottenham Hotspur,away,0.0394375,0.114392795,0.07495529466867447
4249,14025241,25/26,2025-10-19,19,1,Liverpool FC,Manchester United,home,0.14483157894736842,0.117832504,-0.02699907473451213
4249,14025241,25/26,2025-10-19,1,19,Manchester United,Liverpool FC,away,0.111575,0.115909375,0.004334375250339514
4250,14504827,25/26,2025-10-20,7,5301,West Ham United,Brentford,home,0.04985714285714286,0.11480967,0.0649525266970907
4250,14504827,25/26,2025-10-20,5301,7,Brentford,West Ham United,away,0.10787272727272727,0.11349236,0.005619634928486564
4251,14025265,25/26,2025-10-24,4546,7,Leeds United,West Ham United,home,0.11741538461538462,0.11535869,-0.002056696678124942
4251,14025265,25/26,2025-10-24,7,4546,West Ham United,Leeds United,away,0.07221111111111111,0.11313068,0.04091957010560565
4252,14025261,25/26,2025-10-25,24,16,Chelsea,Sunderland,home,0.0559375,0.11411451,0.058177008032798766
4252,14025261,25/26,2025-10-25,16,24,Sunderland,Chelsea,away,0.13076,0.110117786,-0.020642214367389666
4253,14025269,25/26,2025-10-25,21,3027,Newcastle United,Fulham,home,0.12105,0.11523048,-0.005819521653652196
4253,14025269,25/26,2025-10-25,3027,21,Fulham,Newcastle United,away,0.12745833333333334,0.11326526,-0.014193072279294339
4254,14025267,25/26,2025-10-25,1,2275,Manchester United,Brighton & Hove Albion,home,0.09938461538461539,0.11572881,0.01634419504495767
4254,14025267,25/26,2025-10-25,2275,1,Brighton & Hove Albion,Manchester United,away,0.06585294117647059,0.11277227,0.04691932986063116
4255,14025259,25/26,2025-10-25,5301,19,Brentford,Liverpool FC,home,0.16192352941176472,0.11753472,-0.044388810004206275
4255,14025259,25/26,2025-10-25,19,5301,Liverpool FC,Brentford,away,0.12766111111111111,0.11726976,-0.010391349250740478
4256,14025257,25/26,2025-10-26,12,22,Aston Villa,Manchester City,home,0.0903888888888889,0.11305925,0.022670363611645164
4256,14025257,25/26,2025-10-26,22,12,Manchester City,Aston Villa,away,0.0657611111111111,0.11757786,0.05181674715810353
4257,14025255,25/26,2025-10-26,17,18,Arsenal,Crystal Palace,home,0.09549,0.119262084,0.023772084364891047
4257,14025255,25/26,2025-10-26,18,17,Crystal Palace,Arsenal,away,0.06497142857142857,0.11592993,0.05095850283077785
4258,14025253,25/26,2025-10-26,769,6072,Bournemouth,Nottingham Forest,home,0.044453846153846156,0.11364802,0.06919417357719862
4258,14025253,25/26,2025-10-26,6072,769,Nottingham Forest,Bournemouth,away,0.0464125,0.11392388,0.06751137747764588
4259,14025271,25/26,2025-10-26,3033,23,Wolverhampton,Burnley,home,0.15178,0.11329804,-0.03848195639133453
4259,14025271,25/26,2025-10-26,23,3033,Burnley,Wolverhampton,away,0.1302909090909091,0.110426925,-0.01986398396817121
4260,14025263,25/26,2025-10-26,10,8,Everton,Tottenham Hotspur,home,0.14489166666666667,0.115182385,-0.029709281818072003
4260,14025263,25/26,2025-10-26,8,10,Tottenham Hotspur,Everton,away,0.2461142857142857,0.11356602,-0.13254826707329068
4261,14025285,25/26,2025-11-01,6072,1,Nottingham Forest,Manchester United,home,0.11341764705882353,0.111665584,-0.0017520629118470549
4261,14025285,25/26,2025-11-01,1,6072,Manchester United,Nottingham Forest,away,0.06205,0.11549511,0.05344510806798935
4262,14025275,25/26,2025-11-01,23,17,Burnley,Arsenal,home,0.1403,0.110633075,-0.029666924762725838
4262,14025275,25/26,2025-11-01,17,23,Arsenal,Burnley,away,0.20185833333333333,0.11761779,-0.08424053995211919
4263,14025273,25/26,2025-11-01,2275,4546,Brighton & Hove Albion,Leeds United,home,0.21917142857142857,0.11426587,-0.1049055619938033
4263,14025273,25/26,2025-11-01,4546,2275,Leeds United,Brighton & Hove Albion,away,0.09942,0.116199896,0.016779895739555364
4264,14025277,25/26,2025-11-01,18,5301,Crystal Palace,Brentford,home,0.06996,0.115154125,0.04519412479639054
4264,14025277,25/26,2025-11-01,5301,18,Brentford,Crystal Palace,away,0.0895,0.11746063,0.027960630834102634
4265,14025279,25/26,2025-11-01,3027,3033,Fulham,Wolverhampton,home,0.07484210526315789,0.112271465,0.037429360097960426
4265,14025279,25/26,2025-11-01,3033,3027,Wolverhampton,Fulham,away,0.04802,0.11450413,0.0664841286945343
4266,14025289,25/26,2025-11-01,8,24,Tottenham Hotspur,Chelsea,home,0.03383333333333333,0.11221595,0.07838261775175731
4266,14025289,25/26,2025-11-01,24,8,Chelsea,Tottenham Hotspur,away,0.24564,0.113649145,-0.1319908552312851
4267,14025281,25/26,2025-11-01,19,12,Liverpool FC,Aston Villa,home,0.07410625,0.116574734,0.0424684844493866
4267,14025281,25/26,2025-11-01,12,19,Aston Villa,Liverpool FC,away,0.04075,0.113932624,0.07318262445926665
4268,14025291,25/26,2025-11-02,7,21,West Ham United,Newcastle United,home,0.12820666666666666,0.1157868,-0.012419868368307746
4268,14025291,25/26,2025-11-02,21,7,Newcastle United,West Ham United,away,0.04334166666666667,0.11633479,0.072993121834596
4269,14025283,25/26,2025-11-02,22,769,Manchester City,Bournemouth,home,0.14777333333333334,0.11639342,-0.03137991621335348
4269,14025283,25/26,2025-11-02,769,22,Bournemouth,Manchester City,away,0.0905125,0.115400225,0.02488772492408753
4270,14723615,25/26,2025-11-03,16,10,Sunderland,Everton,home,0.07202941176470588,0.11080244,0.03877303007069756
4270,14723615,25/26,2025-11-03,10,16,Everton,Sunderland,away,0.1110375,0.113649145,0.0026116447687149075
4271,14025057,25/26,2025-11-08,8,1,Tottenham Hotspur,Manchester United,home,0.09236,0.11169357,0.01933356852769852
4271,14025057,25/26,2025-11-08,1,8,Manchester United,Tottenham Hotspur,away,0.1253,0.11744695,-0.007853048431873316
4272,14025060,25/26,2025-11-08,7,23,West Ham United,Burnley,home,0.20422,0.112824544,-0.09139545568943025
4272,14025060,25/26,2025-11-08,23,7,Burnley,West Ham United,away,0.066425,0.110426925,0.04400192512273789
4273,14025043,25/26,2025-11-08,10,3027,Everton,Fulham,home,0.1028,0.115507625,0.012707625043392179
4273,14025043,25/26,2025-11-08,3027,10,Fulham,Everton,away,0.049925,0.11239928,0.06247428007125855
4274,14025054,25/26,2025-11-08,16,17,Sunderland,Arsenal,home,0.07263333333333333,0.111182764,0.03854943083922069
4274,14025054,25/26,2025-11-08,17,16,Arsenal,Sunderland,away,0.1177,0.122746944,0.005046944427490235
4275,14025023,25/26,2025-11-08,24,3033,Chelsea,Wolverhampton,home,0.16661,0.1185003,-0.04810970024824143
4275,14025023,25/26,2025-11-08,3033,24,Wolverhampton,Chelsea,away,0.05583333333333333,0.11115953,0.055326199928919476
4276,14025017,25/26,2025-11-09,5301,21,Brentford,Newcastle United,home,0.15698,0.1166369,-0.04034309790611268
4276,14025017,25/26,2025-11-09,21,5301,Newcastle United,Brentford,away,0.08788,0.11466493,0.026784927124977112
4277,14025014,25/26,2025-11-09,12,769,Aston Villa,Bournemouth,home,0.10616249999999999,0.11088572,0.004723216974735267
4277,14025014,25/26,2025-11-09,769,12,Bournemouth,Aston Villa,away,0.13415833333333332,0.113801025,-0.020357308479150127
4278,14025033,25/26,2025-11-09,18,2275,Crystal Palace,Brighton & Hove Albion,home,0.07476000000000001,0.118271425,0.043511425366401665
4278,14025033,25/26,2025-11-09,2275,18,Brighton & Hove Albion,Crystal Palace,away,0.05587142857142857,0.11552625,0.05965482292345592
4279,14025051,25/26,2025-11-09,6072,4546,Nottingham Forest,Leeds United,home,0.18220714285714285,0.11305364,-0.06915350064379827
4279,14025051,25/26,2025-11-09,4546,6072,Leeds United,Nottingham Forest,away,0.06873,0.11386141,0.045131411809921265
4280,14025048,25/26,2025-11-09,22,19,Manchester City,Liverpool FC,home,0.10788571428571428,0.11936245,0.011476736850397934
4280,14025048,25/26,2025-11-09,19,22,Liverpool FC,Manchester City,away,0.08742857142857142,0.117860325,0.03043175325223378
4281,14025072,25/26,2025-11-22,23,24,Burnley,Chelsea,home,0.0551875,0.112795345,0.05760784548521042
4281,14025072,25/26,2025-11-22,24,23,Chelsea,Burnley,away,0.11448,0.11816833,0.003688331682682039
4282,14025081,25/26,2025-11-22,19,6072,Liverpool FC,Nottingham Forest,home,0.09188095238095238,0.116300926,0.024419973231497263
4282,14025081,25/26,2025-11-22,6072,19,Nottingham Forest,Liverpool FC,away,0.1074,0.11487108,0.007471077239513402
4283,14025063,25/26,2025-11-22,769,7,Bournemouth,West Ham United,home,0.14634285714285714,0.116130136,-0.030212721189430775
4283,14025063,25/26,2025-11-22,7,769,West Ham United,Bournemouth,away,0.1299,0.11461918,-0.015280819439887988
4284,14025069,25/26,2025-11-22,2275,5301,Brighton & Hove Albion,Brentford,home,0.08685714285714285,0.11530751,0.02845036704199655
4284,14025069,25/26,2025-11-22,5301,2275,Brentford,Brighton & Hove Albion,away,0.19077,0.11623291,-0.07453709073781967
4285,14025090,25/26,2025-11-22,3033,18,Wolverhampton,Crystal Palace,home,0.23223749999999999,0.11072405,-0.12151345317363738
4285,14025090,25/26,2025-11-22,18,3033,Crystal Palace,Wolverhampton,away,0.12747,0.117751606,-0.009718394191265106
4286,14025075,25/26,2025-11-22,3027,16,Fulham,Sunderland,home,0.08990416666666666,0.111714624,0.021810457201798764
4286,14025075,25/26,2025-11-22,16,3027,Sunderland,Fulham,away,0.0435,0.11080244,0.06730244183540345
4287,14025087,25/26,2025-11-22,21,22,Newcastle United,Manchester City,home,0.2793555555555556,0.11548956,-0.16386599817011094
4287,14025087,25/26,2025-11-22,22,21,Manchester City,Newcastle United,away,0.14652941176470588,0.116120666,-0.03040874549921821
4288,14025078,25/26,2025-11-23,4546,12,Leeds United,Aston Villa,home,0.13984285714285713,0.11367304,-0.02616981836216789
4288,14025078,25/26,2025-11-23,12,4546,Aston Villa,Leeds United,away,0.11265714285714286,0.1118269,-0.0008302461896623897
4289,14025066,25/26,2025-11-23,17,8,Arsenal,Tottenham Hotspur,home,0.11344705882352941,0.1225611,0.009114038321551152
4289,14025066,25/26,2025-11-23,8,17,Tottenham Hotspur,Arsenal,away,0.0246,0.11298948,0.08838947781324387
4290,14723574,25/26,2025-11-24,1,10,Manchester United,Everton,home,0.068316,0.11429778,0.0459817774143219
4290,14723574,25/26,2025-11-24,10,1,Everton,Manchester United,away,0.07083333333333333,0.116542734,0.04570940087238948
4291,14025108,25/26,2025-11-29,22,4546,Manchester City,Leeds United,home,0.17211666666666667,0.11989024,-0.05222642385164897
4291,14025108,25/26,2025-11-29,4546,22,Leeds United,Manchester City,away,0.17073333333333332,0.11525005,-0.05548328231175739
4292,14025114,25/26,2025-11-29,16,769,Sunderland,Bournemouth,home,0.10643333333333334,0.110546745,0.004113412026564275
4292,14025114,25/26,2025-11-29,769,16,Bournemouth,Sunderland,away,0.10357777777777778,0.115261875,0.011684097315205463
4293,14025096,25/26,2025-11-29,5301,23,Brentford,Burnley,home,0.21877142857142856,0.11531149,-0.1034599400622504
4293,14025096,25/26,2025-11-29,23,5301,Burnley,Brentford,away,0.15775,0.112795345,-0.04495465451478958
4294,14025105,25/26,2025-11-29,10,21,Everton,Newcastle United,home,0.09898,0.125,0.02602
4294,14025105,25/26,2025-11-29,21,10,Newcastle United,Everton,away,0.14656153846153847,0.114926815,-0.03163472342857948
4295,14025117,25/26,2025-11-29,8,3027,Tottenham Hotspur,Fulham,home,0.06175,0.1109302,0.049180196940898896
4295,14025117,25/26,2025-11-29,3027,8,Fulham,Tottenham Hotspur,away,0.06417142857142857,0.113053106,0.04888167720011302
4296,14025102,25/26,2025-11-30,18,1,Crystal Palace,Manchester United,home,0.13065,0.118046805,-0.012603194737434376
4296,14025102,25/26,2025-11-30,1,18,Manchester United,Crystal Palace,away,0.09692857142857143,0.11425735,0.017328779135431557
4297,14025120,25/26,2025-11-30,7,19,West Ham United,Liverpool FC,home,0.0421,0.11482533,0.07272533067464829
4297,14025120,25/26,2025-11-30,19,7,Liverpool FC,West Ham United,away,0.13785555555555556,0.116300926,-0.02155462994310592
4298,14025093,25/26,2025-11-30,12,3033,Aston Villa,Wolverhampton,home,0.05856875,0.11069993,0.052131179296970365
4298,14025093,25/26,2025-11-30,3033,12,Wolverhampton,Aston Villa,away,0.0545,0.11141236,0.05691236126422882
4299,14025111,25/26,2025-11-30,6072,2275,Nottingham Forest,Brighton & Hove Albion,home,0.04678421052631579,0.12073566,0.07395144966903486
4299,14025111,25/26,2025-11-30,2275,6072,Brighton & Hove Albion,Nottingham Forest,away,0.11758823529411765,0.11532479,-0.0022634474985739755
4300,14025099,25/26,2025-11-30,24,17,Chelsea,Arsenal,home,0.07225454545454546,0.1185003,0.046245754297213115
4300,14025099,25/26,2025-11-30,17,24,Arsenal,Chelsea,away,0.1575125,0.122021906,-0.035490593922138214
4301,14025135,25/26,2025-12-02,3027,22,Fulham,Manchester City,home,0.07591666666666666,0.11271157,0.03679490449031195
4301,14025135,25/26,2025-12-02,22,3027,Manchester City,Fulham,away,0.20223636363636363,0.11845579,-0.08378057365309108
4302,14025123,25/26,2025-12-02,769,10,Bournemouth,Everton,home,0.1007,0.11614584,0.015445841777324679
4302,14025123,25/26,2025-12-02,10,769,Everton,Bournemouth,away,0.11073076923076923,0.11740481,0.0066740418535012475
4303,14025141,25/26,2025-12-02,21,8,Newcastle United,Tottenham Hotspur,home,0.10750526315789474,0.1156293,0.008124037317225802
4303,14025141,25/26,2025-12-02,8,21,Tottenham Hotspur,Newcastle United,away,0.0938375,0.1109302,0.01709269694089889
4304,14025126,25/26,2025-12-03,17,5301,Arsenal,Brentford,home,0.12152666666666667,0.12173671,0.00021004608710606387
4304,14025126,25/26,2025-12-03,5301,17,Brentford,Arsenal,away,0.05805,0.11764587,0.05959586716890335
4305,14025129,25/26,2025-12-03,2275,12,Brighton & Hove Albion,Aston Villa,home,0.13785,0.115416616,-0.022433383798599243
4305,14025129,25/26,2025-12-03,12,2275,Aston Villa,Brighton & Hove Albion,away,0.1798357142857143,0.11114058,-0.06869513530050006
4306,14025144,25/26,2025-12-03,3033,6072,Wolverhampton,Nottingham Forest,home,0.18288000000000001,0.11141236,-0.0714676387357712
4306,14025144,25/26,2025-12-03,6072,3033,Nottingham Forest,Wolverhampton,away,0.07437,0.11427098,0.03990097767591476
4307,14025132,25/26,2025-12-03,23,18,Burnley,Crystal Palace,home,0.0867090909090909,0.110426925,0.023717834213646982
4308,14025147,25/26,2025-12-03,19,16,Liverpool FC,Sunderland,home,0.07131304347826087,0.117898785,0.04658574109958566
4308,14025147,25/26,2025-12-03,16,19,Sunderland,Liverpool FC,away,0.04675555555555556,0.110323936,0.06356838019159106
4309,14025138,25/26,2025-12-03,4546,24,Leeds United,Chelsea,home,0.16388235294117648,0.11431177,-0.04957058333649356
4309,14025138,25/26,2025-12-03,24,4546,Chelsea,Leeds United,away,0.06869285714285714,0.117436156,0.0487432985339846
4310,14025150,25/26,2025-12-04,1,7,Manchester United,West Ham United,home,0.10895882352941176,0.11473176,0.005772935303519758
4310,14025150,25/26,2025-12-04,7,1,West Ham United,Manchester United,away,0.07456363636363636,0.11140515,0.03684151273857464
4311,14025156,25/26,2025-12-06,12,17,Aston Villa,Arsenal,home,0.15188000000000001,0.12502536,-0.026854638223648086
4311,14025156,25/26,2025-12-06,17,12,Arsenal,Aston Villa,away,0.12822666666666666,0.12299141,-0.0052352537886301564
4312,14025171,25/26,2025-12-06,22,16,Manchester City,Sunderland,home,0.13486666666666666,0.11833319,-0.01653347598711649
4312,14025171,25/26,2025-12-06,16,22,Sunderland,Manchester City,away,0.088575,0.11945605,0.030881052780151366
4313,14025153,25/26,2025-12-06,769,24,Bournemouth,Chelsea,home,0.10913846153846155,0.11564405,0.006505591086240908
4313,14025153,25/26,2025-12-06,24,769,Chelsea,Bournemouth,away,0.08392727272727273,0.11968154,0.035754264424063945
4314,14025177,25/26,2025-12-06,8,5301,Tottenham Hotspur,Brentford,home,0.14558666666666667,0.10998902,-0.03559764941851298
4314,14025177,25/26,2025-12-06,5301,8,Brentford,Tottenham Hotspur,away,0.07175,0.11736296,0.04561296117305756
4315,14025174,25/26,2025-12-06,21,23,Newcastle United,Burnley,home,0.1039529411764706,0.11675687,0.012803930166188401
4315,14025174,25/26,2025-12-06,23,21,Burnley,Newcastle United,away,0.17856666666666668,0.11222235,-0.06634431553284328
4316,14025162,25/26,2025-12-06,10,6072,Everton,Nottingham Forest,home,0.10145454545454545,0.11321684,0.011762294276194143
4316,14025162,25/26,2025-12-06,6072,10,Nottingham Forest,Everton,away,0.07627142857142857,0.11519459,0.03892316032818385
4317,14025168,25/26,2025-12-06,4546,19,Leeds United,Liverpool FC,home,0.1255,0.11878514,-0.00671485710144043
4317,14025168,25/26,2025-12-06,19,4546,Liverpool FC,Leeds United,away,0.11952499999999999,0.11745387,-0.0020711268424987717
4318,14025159,25/26,2025-12-07,2275,7,Brighton & Hove Albion,West Ham United,home,0.08496363636363637,0.1157364,0.03077276620756496
4318,14025159,25/26,2025-12-07,7,2275,West Ham United,Brighton & Hove Albion,away,0.08302857142857142,0.12437911,0.041350541887964526
4319,14025165,25/26,2025-12-07,3027,18,Fulham,Crystal Palace,home,0.06304166666666666,0.11200199,0.04896032609542211
4319,14025165,25/26,2025-12-07,18,3027,Crystal Palace,Fulham,away,0.1501909090909091,0.11589493,-0.034295980516347024
4320,14912436,25/26,2025-12-08,3033,1,Wolverhampton,Manchester United,home,0.0507,0.11170948,0.061009482967853544
4320,14912436,25/26,2025-12-08,1,3033,Manchester United,Wolverhampton,away,0.15918888888888888,0.11533339,-0.04385549567275576
4321,14025198,25/26,2025-12-13,19,2275,Liverpool FC,Brighton & Hove Albion,home,0.10478333333333334,0.117898785,0.013115451244513188
4321,14025198,25/26,2025-12-13,2275,19,Brighton & Hove Albion,Liverpool FC,away,0.13572857142857142,0.115055725,-0.02067284645012446
4322,14025192,25/26,2025-12-13,24,10,Chelsea,Everton,home,0.12928823529411765,0.11536319,-0.013925047206177432
4322,14025192,25/26,2025-12-13,10,24,Everton,Chelsea,away,0.09374545454545455,0.11472491,0.020979457203908397
4323,14025189,25/26,2025-12-13,23,3027,Burnley,Fulham,home,0.15530625,0.11092326,-0.04438298954963685
4323,14025189,25/26,2025-12-13,3027,23,Fulham,Burnley,away,0.37093333333333334,0.110115364,-0.260817969139417
4324,14025183,25/26,2025-12-13,17,3033,Arsenal,Wolverhampton,home,0.08686875,0.11835835,0.03148960129022599
4325,14025195,25/26,2025-12-14,18,22,Crystal Palace,Manchester City,home,0.11766875,0.11404792,-0.0036208278059959437
4325,14025195,25/26,2025-12-14,22,18,Manchester City,Crystal Palace,away,0.16977142857142857,0.11833319,-0.0514382378918784
4326,14025204,25/26,2025-12-14,6072,8,Nottingham Forest,Tottenham Hotspur,home,0.15560666666666667,0.111980066,-0.04362660096327464
4326,14025204,25/26,2025-12-14,8,6072,Tottenham Hotspur,Nottingham Forest,away,0.05565,0.11574587,0.06009587225914002
4327,14025210,25/26,2025-12-14,7,12,West Ham United,Aston Villa,home,0.10253,0.11103136,0.00850136092424393
4327,14025210,25/26,2025-12-14,12,7,Aston Villa,West Ham United,away,0.0905,0.11687055,0.026370552301406863
4328,14025207,25/26,2025-12-14,16,21,Sunderland,Newcastle United,home,0.05916,0.110323936,0.05116393574714661
4328,14025207,25/26,2025-12-14,21,16,Newcastle United,Sunderland,away,0.04036666666666667,0.11590373,0.07553706104358038
4329,14025186,25/26,2025-12-14,5301,4546,Brentford,Leeds United,home,0.10285714285714286,0.115063675,0.012206531890801023
4329,14025186,25/26,2025-12-14,4546,5301,Leeds United,Brentford,away,0.08432222222222223,0.12257847,0.038256249676810364
4330,15035359,25/26,2025-12-15,1,769,Manchester United,Bournemouth,home,0.13592,0.1178017,-0.018118296487331403
4330,15035359,25/26,2025-12-15,769,1,Bournemouth,Manchester United,away,0.13835714285714285,0.114995636,-0.023361506811210075
4331,14025228,25/26,2025-12-20,21,24,Newcastle United,Chelsea,home,0.22634545454545454,0.1148979,-0.11144755521579222
4331,14025228,25/26,2025-12-20,24,21,Chelsea,Newcastle United,away,0.09377692307692308,0.117628805,0.023851882262413318
4332,14025226,25/26,2025-12-20,22,7,Manchester City,West Ham United,home,0.12350588235294117,0.119023085,-0.004482797712438244
4332,14025226,25/26,2025-12-20,7,22,West Ham United,Manchester City,away,0.14235714285714285,0.112486206,-0.029870936862059994
4333,14025218,25/26,2025-12-20,2275,16,Brighton & Hove Albion,Sunderland,home,0.07049375000000001,0.115055725,0.04456197497844695
4333,14025218,25/26,2025-12-20,16,2275,Sunderland,Brighton & Hove Albion,away,0.09953571428571428,0.110323936,0.010788221461432324
4334,14025232,25/26,2025-12-20,3033,5301,Wolverhampton,Brentford,home,0.14093333333333333,0.117393404,-0.02353992908795674
4334,14025232,25/26,2025-12-20,5301,3033,Brentford,Wolverhampton,away,0.1828142857142857,0.11822143,-0.0645928537436894
4335,14025213,25/26,2025-12-20,769,23,Bournemouth,Burnley,home,0.0880125,0.11494609,0.026933589684963233
4335,14025213,25/26,2025-12-20,23,769,Burnley,Bournemouth,away,0.096125,0.11360643,0.01748143059015274
4336,14025230,25/26,2025-12-20,8,19,Tottenham Hotspur,Liverpool FC,home,0.07116,0.11244965,0.041289653446674346
4336,14025230,25/26,2025-12-20,19,8,Liverpool FC,Tottenham Hotspur,away,0.0827625,0.119026355,0.036263855445384977
4337,14025220,25/26,2025-12-20,10,17,Everton,Arsenal,home,0.04076,0.11441428,0.073654282143116
4337,14025220,25/26,2025-12-20,17,10,Arsenal,Everton,away,0.16416923076923076,0.12003712,-0.044132107208325305
4338,14025224,25/26,2025-12-20,4546,18,Leeds United,Crystal Palace,home,0.136625,0.11536697,-0.021258027017116543
4338,14025224,25/26,2025-12-20,18,4546,Crystal Palace,Leeds United,away,0.1738888888888889,0.1158368,-0.058052089744144025
4339,14025216,25/26,2025-12-21,12,1,Aston Villa,Manchester United,home,0.130125,0.11807871,-0.01204629135131835
4339,14025216,25/26,2025-12-21,1,12,Manchester United,Aston Villa,away,0.08894666666666667,0.11852239,0.02957572405656178
4340,14907281,25/26,2025-12-22,3027,6072,Fulham,Nottingham Forest,home,0.13604545454545455,0.1140795,-0.02196595679088073
4340,14907281,25/26,2025-12-22,6072,3027,Nottingham Forest,Fulham,away,0.05563333333333333,0.114036016,0.05840268283287684
4341,14025246,25/26,2025-12-26,1,21,Manchester United,Newcastle United,home,0.12706,0.117083006,-0.009976994392871863
4341,14025246,25/26,2025-12-26,21,1,Newcastle United,Manchester United,away,0.07361875,0.11631765,0.04269890216588974
4342,14025248,25/26,2025-12-27,6072,22,Nottingham Forest,Manchester City,home,0.07915714285714286,0.11455469,0.03539754547732217
4342,14025248,25/26,2025-12-27,22,6072,Manchester City,Nottingham Forest,away,0.090775,0.121222556,0.030447555637359625
4343,14025244,25/26,2025-12-27,19,3033,Liverpool FC,Wolverhampton,home,0.11025714285714286,0.11620978,0.005952639802864618
4343,14025244,25/26,2025-12-27,3033,19,Wolverhampton,Liverpool FC,away,0.1318111111111111,0.117393404,-0.014417706865734514
4344,14025234,25/26,2025-12-27,17,2275,Arsenal,Brighton & Hove Albion,home,0.13606666666666667,0.11835835,-0.017708315376440686
4344,14025234,25/26,2025-12-27,2275,17,Brighton & Hove Albion,Arsenal,away,0.106775,0.115219325,0.008444324827194219
4345,14025252,25/26,2025-12-27,7,3027,West Ham United,Fulham,home,0.08242727272727272,0.110426925,0.02799965239546516
4345,14025252,25/26,2025-12-27,3027,7,Fulham,West Ham United,away,0.09555882352941177,0.11398647,0.018427646275828866
4346,14025236,25/26,2025-12-27,5301,769,Brentford,Bournemouth,home,0.24397333333333332,0.11419931,-0.12977402279218037
4346,14025236,25/26,2025-12-27,769,5301,Bournemouth,Brentford,away,0.135795,0.11473994,-0.021055060429573058
4347,14025238,25/26,2025-12-27,23,10,Burnley,Everton,home,0.0881625,0.11116564,0.02300314273834228
4347,14025238,25/26,2025-12-27,10,23,Everton,Burnley,away,0.05656666666666667,0.11179505,0.05522838621934255
4348,14025240,25/26,2025-12-27,24,12,Chelsea,Aston Villa,home,0.15312142857142857,0.11690009,-0.03622134216853551
4348,14025240,25/26,2025-12-27,12,24,Aston Villa,Chelsea,away,0.10856363636363636,0.11495672,0.0063930852998386745
4349,14025250,25/26,2025-12-28,16,4546,Sunderland,Leeds United,home,0.087675,0.11033933,0.022664328646659848
4349,14025250,25/26,2025-12-28,4546,16,Leeds United,Sunderland,away,0.1274705882352941,0.117380716,-0.010089872328674088
4350,14025242,25/26,2025-12-28,18,8,Crystal Palace,Tottenham Hotspur,home,0.09804,0.116152585,0.01811258455276489
4350,14025242,25/26,2025-12-28,8,18,Tottenham Hotspur,Crystal Palace,away,0.110075,0.11283824,0.002763238477706903
4351,14025260,25/26,2025-12-30,24,769,Chelsea,Bournemouth,home,0.1356764705882353,0.12025165,-0.015424822460202603
4351,14025260,25/26,2025-12-30,769,24,Bournemouth,Chelsea,away,0.18459411764705883,0.1166546,-0.0679395204242538
4352,14025258,25/26,2025-12-30,23,21,Burnley,Newcastle United,home,0.07249333333333334,0.1115946,0.03910126913229624
4352,14025258,25/26,2025-12-30,21,23,Newcastle United,Burnley,away,0.134335,0.11534705,-0.01898794986963273
4353,14025272,25/26,2025-12-30,7,2275,West Ham United,Brighton & Hove Albion,home,0.20599,0.11220565,-0.09378435306787491
4353,14025272,25/26,2025-12-30,2275,7,Brighton & Hove Albion,West Ham United,away,0.18383750000000001,0.11512951,-0.06870799192190172
4354,14025268,25/26,2025-12-30,6072,10,Nottingham Forest,Everton,home,0.07397619047619047,0.114692494,0.04071630379699526
4354,14025268,25/26,2025-12-30,10,6072,Everton,Nottingham Forest,away,0.11431818181818182,0.111834444,-0.002483737712556666
4355,14025254,25/26,2025-12-30,17,12,Arsenal,Aston Villa,home,0.13834545454545455,0.119048946,-0.019296508939699697
4355,14025254,25/26,2025-12-30,12,17,Aston Villa,Arsenal,away,0.30005454545454546,0.11569571,-0.18435883795456454
4356,14025266,25/26,2025-12-30,1,3033,Manchester United,Wolverhampton,home,0.05583333333333333,0.11816033,0.06232699642578761
4356,14025266,25/26,2025-12-30,3033,1,Wolverhampton,Manchester United,away,0.11771818181818182,0.11766045,-5.773386305028827e-05
4357,14025264,25/26,2026-01-01,19,4546,Liverpool FC,Leeds United,home,0.11107368421052631,0.115626104,0.0045524199655181535
4357,14025264,25/26,2026-01-01,4546,19,Leeds United,Liverpool FC,away,0.17365,0.11531142,-0.05833857854604721
4358,14025262,25/26,2026-01-01,18,3027,Crystal Palace,Fulham,home,0.1756818181818182,0.114791684,-0.06089013432914561
4358,14025262,25/26,2026-01-01,3027,18,Fulham,Crystal Palace,away,0.10361176470588235,0.11687055,0.013258787595524513
4359,14025270,25/26,2026-01-01,16,22,Sunderland,Manchester City,home,0.0883,0.110117786,0.021817785632610318
4359,14025270,25/26,2026-01-01,22,16,Manchester City,Sunderland,away,0.16069285714285714,0.11990914,-0.04078371965544564
4360,14025256,25/26,2026-01-01,5301,8,Brentford,Tottenham Hotspur,home,0.13195714285714286,0.11602937,-0.01592777600628989
4360,14025256,25/26,2026-01-01,8,5301,Tottenham Hotspur,Brentford,away,0.09581111111111111,0.11010884,0.014297726374202305
4361,14025276,25/26,2026-01-03,12,6072,Aston Villa,Nottingham Forest,home,0.14480909090909092,0.11687055,-0.027938538607684055
4361,14025276,25/26,2026-01-03,6072,12,Nottingham Forest,Aston Villa,away,0.08866,0.113459416,0.024799415733814237
4362,14025292,25/26,2026-01-03,3033,7,Wolverhampton,West Ham United,home,0.17,0.11809589,-0.051904110312461865
4362,14025292,25/26,2026-01-03,7,3033,West Ham United,Wolverhampton,away,0.0419,0.112073585,0.07017358539104462
4363,14025278,25/26,2026-01-03,2275,23,Brighton & Hove Albion,Burnley,home,0.09662,0.119029514,0.022409514491558077
4363,14025278,25/26,2026-01-03,23,2275,Burnley,Brighton & Hove Albion,away,0.05968,0.11066931,0.050989307410717014
4364,14025274,25/26,2026-01-03,769,17,Bournemouth,Arsenal,home,0.09566,0.11850818,0.022848182466030126
4364,14025274,25/26,2026-01-03,17,769,Arsenal,Bournemouth,away,0.09416666666666666,0.11903118,0.024864516754945123
4365,14025284,25/26,2026-01-04,4546,1,Leeds United,Manchester United,home,0.08171818181818181,0.11639593,0.03467774614745921
4365,14025284,25/26,2026-01-04,1,4546,Manchester United,Leeds United,away,0.10566,0.11698958,0.011329582777023312
4366,14025290,25/26,2026-01-04,8,16,Tottenham Hotspur,Sunderland,home,0.09086153846153845,0.11819708,0.027335545011667114
4366,14025290,25/26,2026-01-04,16,8,Sunderland,Tottenham Hotspur,away,0.04363,0.11191321,0.06828321164369583
4367,14025288,25/26,2026-01-04,21,18,Newcastle United,Crystal Palace,home,0.18708333333333332,0.116048194,-0.07103513886531193
4367,14025288,25/26,2026-01-04,18,21,Crystal Palace,Newcastle United,away,0.06378181818181818,0.11708049,0.05329866912906821
4368,14025280,25/26,2026-01-04,10,5301,Everton,Brentford,home,0.06355,0.11095854,0.0474085389494896
4368,14025280,25/26,2026-01-04,5301,10,Brentford,Everton,away,0.24146363636363635,0.11672712,-0.12473651518930087
4369,14025282,25/26,2026-01-04,3027,19,Fulham,Liverpool FC,home,0.0922625,0.11548523,0.02322272859811783
4369,14025282,25/26,2026-01-04,19,3027,Liverpool FC,Fulham,away,0.13715,0.11660481,-0.020545187556743616
4370,14025286,25/26,2026-01-04,22,24,Manchester City,Chelsea,home,0.07267857142857143,0.12129599,0.048617417131151475
4370,14025286,25/26,2026-01-04,24,22,Chelsea,Manchester City,away,0.2313875,0.11922099,-0.11216651303768158
4371,14025055,25/26,2026-01-06,7,6072,West Ham United,Nottingham Forest,home,0.06807142857142857,0.110426925,0.04235549655130931
4371,14025055,25/26,2026-01-06,6072,7,Nottingham Forest,West Ham United,away,0.10580769230769231,0.113459416,0.007651723426121929
4372,14025061,25/26,2026-01-07,22,2275,Manchester City,Brighton & Hove Albion,home,0.1218047619047619,0.11837477,-0.003429989534900299
4372,14025061,25/26,2026-01-07,2275,22,Brighton & Hove Albion,Manchester City,away,0.19263333333333332,0.11617531,-0.07645802450974781
4373,14025049,25/26,2026-01-07,3027,24,Fulham,Chelsea,home,0.07476250000000001,0.12631944,0.051556938219070425
4373,14025049,25/26,2026-01-07,24,3027,Chelsea,Fulham,away,0.18030714285714286,0.12003167,-0.06027547312123435
4374,14025015,25/26,2026-01-07,769,8,Bournemouth,Tottenham Hotspur,home,0.1152,0.11886562,0.0036656166195869477
4374,14025015,25/26,2026-01-07,8,769,Tottenham Hotspur,Bournemouth,away,0.0778625,0.11282517,0.034962670159339904
4375,14025058,25/26,2026-01-07,18,12,Crystal Palace,Aston Villa,home,0.13705454545454546,0.120264545,-0.016790000371499497
4375,14025058,25/26,2026-01-07,12,18,Aston Villa,Crystal Palace,away,0.11596,0.12015417,0.004194172182083136
4376,14025046,25/26,2026-01-07,10,3033,Everton,Wolverhampton,home,0.06840769230769231,0.11095854,0.042550846641797285
4376,14025046,25/26,2026-01-07,3033,10,Wolverhampton,Everton,away,0.05579230769230769,0.119432524,0.06364021615431859
4377,14025027,25/26,2026-01-07,5301,16,Brentford,Sunderland,home,0.18017777777777777,0.11551448,-0.06466329820023642
4377,14025027,25/26,2026-01-07,16,5301,Sunderland,Brentford,away,0.15654545454545454,0.110117786,-0.04642766891284422
4378,14025037,25/26,2026-01-07,23,1,Burnley,Manchester United,home,0.03378571428571429,0.110791855,0.07700614027466093
4378,14025037,25/26,2026-01-07,1,23,Manchester United,Burnley,away,0.08488666666666667,0.11638694,0.031500275898774466
4379,14025052,25/26,2026-01-07,21,4546,Newcastle United,Leeds United,home,0.13637777777777776,0.11996274,-0.016415040813551995
4379,14025052,25/26,2026-01-07,4546,21,Leeds United,Newcastle United,away,0.13513571428571428,0.11473994,-0.020395774715287335
4380,14025019,25/26,2026-01-08,17,19,Arsenal,Liverpool FC,home,0.06376666666666667,0.12014894,0.05638227520783742
4380,14025019,25/26,2026-01-08,19,17,Liverpool FC,Arsenal,away,0.03955,0.11855783,0.07900783313512802
4381,14025079,25/26,2026-01-17,1,22,Manchester United,Manchester City,home,0.2081181818181818,0.117398605,-0.09071957706754857
4381,14025079,25/26,2026-01-17,22,1,Manchester City,Manchester United,away,0.06405714285714285,0.11781912,0.05376198011296136
4382,14025076,25/26,2026-01-17,19,23,Liverpool FC,Burnley,home,0.09946875,0.116540395,0.01707164472341538
4382,14025076,25/26,2026-01-17,23,19,Burnley,Liverpool FC,away,0.05665714285714286,0.110426925,0.05376978226559503
4383,14025070,25/26,2026-01-17,24,5301,Chelsea,Brentford,home,0.26525,0.11766045,-0.14758955204486846
4383,14025070,25/26,2026-01-17,5301,24,Brentford,Chelsea,away,0.10108,0.119600326,0.018520325822830197
4384,14025089,25/26,2026-01-17,8,7,Tottenham Hotspur,West Ham United,home,0.07027619047619048,0.11272435,0.04244815842651185
4384,14025089,25/26,2026-01-17,7,8,West Ham United,Tottenham Hotspur,away,0.16741176470588234,0.110426925,-0.05698483958314446
4385,14025085,25/26,2026-01-17,16,18,Sunderland,Crystal Palace,home,0.14154615384615385,0.110117786,-0.03142836821354353
4385,14025085,25/26,2026-01-17,18,16,Crystal Palace,Sunderland,away,0.10178333333333334,0.12049342,0.018710086135069526
4386,14025073,25/26,2026-01-17,4546,3027,Leeds United,Fulham,home,0.10218571428571428,0.117733374,0.015547659952299939
4386,14025073,25/26,2026-01-17,3027,4546,Fulham,Leeds United,away,0.048425,0.114564754,0.06613975406885148
4387,14025082,25/26,2026-01-17,6072,17,Nottingham Forest,Arsenal,home,0.05683333333333333,0.11319676,0.05636342708269755
4387,14025082,25/26,2026-01-17,17,6072,Arsenal,Nottingham Forest,away,0.13987333333333332,0.11868924,-0.021184094308217355
4388,14025092,25/26,2026-01-18,3033,21,Wolverhampton,Newcastle United,home,0.04753333333333333,0.11836176,0.07082843032280604
4388,14025092,25/26,2026-01-18,21,3033,Newcastle United,Wolverhampton,away,0.07913333333333333,0.11847771,0.03934437625805537
4389,14025064,25/26,2026-01-18,12,10,Aston Villa,Everton,home,0.0800388888888889,0.121050164,0.0410112752146191
4389,14025064,25/26,2026-01-18,10,12,Everton,Aston Villa,away,0.056822222222222225,0.112140514,0.05531829173432456
4390,15129445,25/26,2026-01-19,2275,769,Brighton & Hove Albion,Bournemouth,home,0.06025882352941176,0.11617531,0.05591648529417375
4390,15129445,25/26,2026-01-19,769,2275,Bournemouth,Brighton & Hove Albion,away,0.11696363636363637,0.11751047,0.0005468314040790873
4391,14025122,25/26,2026-01-24,7,16,West Ham United,Sunderland,home,0.11714615384615384,0.111561224,-0.005584929981598485
4391,14025122,25/26,2026-01-24,16,7,Sunderland,West Ham United,away,0.09567142857142857,0.1111852,0.015513771940980636
4392,14025116,25/26,2026-01-24,22,3033,Manchester City,Wolverhampton,home,0.07827272727272727,0.119516626,0.041243898727677086
4392,14025116,25/26,2026-01-24,3033,22,Wolverhampton,Manchester City,away,0.0552,0.112571396,0.05737139593362808
4393,14025104,25/26,2026-01-24,23,8,Burnley,Tottenham Hotspur,home,0.15977777777777777,0.110426925,-0.049350852655039884
4393,14025104,25/26,2026-01-24,8,23,Tottenham Hotspur,Burnley,away,0.11421666666666666,0.11517462,0.0009579546769460101
4394,14025113,25/26,2026-01-24,3027,2275,Fulham,Brighton & Hove Albion,home,0.08745,0.1167605,0.0293104997754097
4394,14025113,25/26,2026-01-24,2275,3027,Brighton & Hove Albion,Fulham,away,0.12879230769230768,0.11473994,-0.014052368121880737
4395,14025095,25/26,2026-01-24,769,19,Bournemouth,Liverpool FC,home,0.19544166666666668,0.11482976,-0.08061191034714382
4395,14025095,25/26,2026-01-24,19,769,Liverpool FC,Bournemouth,away,0.06638571428571428,0.116394594,0.05000888002599989
4396,14025107,25/26,2026-01-25,18,24,Crystal Palace,Chelsea,home,0.13714615384615383,0.11455665,-0.022589506008991816
4396,14025107,25/26,2026-01-25,24,18,Chelsea,Crystal Palace,away,0.22036,0.11693976,-0.10342023925542831
4397,14025119,25/26,2026-01-25,21,12,Newcastle United,Aston Villa,home,0.14503333333333332,0.11799504,-0.027038294704755134
4397,14025119,25/26,2026-01-25,12,21,Aston Villa,Newcastle United,away,0.08265,0.11765244,0.035002438580989836
4398,14025101,25/26,2026-01-25,5301,6072,Brentford,Nottingham Forest,home,0.18086,0.117165335,-0.06369466547727584
4398,14025101,25/26,2026-01-25,6072,5301,Nottingham Forest,Brentford,away,0.11132857142857143,0.11169357,0.00036499709912708733
4399,14025098,25/26,2026-01-25,17,1,Arsenal,Manchester United,home,0.07957333333333333,0.11868924,0.03911590569178264
4399,14025098,25/26,2026-01-25,1,17,Manchester United,Arsenal,away,0.07143,0.11685413,0.04542413122177125
4400,15129439,25/26,2026-01-26,10,4546,Everton,Leeds United,home,0.06962,0.112140514,0.04252051395654678
4400,15129439,25/26,2026-01-26,4546,10,Leeds United,Everton,away,0.09937857142857143,0.115389794,0.016011222682680404
4401,14025134,25/26,2026-01-31,17,4546,Arsenal,Leeds United,away,0.14624,0.11874491,-0.027495090236663827
4402,14025128,25/26,2026-01-31,2275,10,Brighton & Hove Albion,Everton,home,0.13084545454545454,0.11473994,-0.0161055149750276
4402,14025128,25/26,2026-01-31,10,2275,Everton,Brighton & Hove Albion,away,0.17825714285714286,0.112140514,-0.06611662890059608
4403,14025152,25/26,2026-01-31,3033,769,Wolverhampton,Bournemouth,home,0.0819235294117647,0.11444168,0.032518148516206186
4403,14025152,25/26,2026-01-31,769,3033,Bournemouth,Wolverhampton,away,0.15097777777777777,0.118193105,-0.03278467291461096
4404,14025131,25/26,2026-01-31,24,7,Chelsea,West Ham United,home,0.23150714285714286,0.11904081,-0.11246633328539984
4404,14025131,25/26,2026-01-31,7,24,West Ham United,Chelsea,away,0.10150909090909091,0.1148199,0.013310808292302218
4405,14025137,25/26,2026-01-31,19,21,Liverpool FC,Newcastle United,home,0.1342470588235294,0.1182991,-0.015947962000790766
4405,14025137,25/26,2026-01-31,21,19,Newcastle United,Liverpool FC,away,0.04485,0.11904156,0.0741915620803833
4406,14025140,25/26,2026-02-01,1,3027,Manchester United,Fulham,home,0.13799999999999998,0.11670273,-0.021297272026538833
4406,14025140,25/26,2026-02-01,3027,1,Fulham,Manchester United,away,0.13872142857142858,0.11398444,-0.02473698532411031
4407,14025125,25/26,2026-02-01,12,5301,Aston Villa,Brentford,home,0.08954074074074074,0.11758963,0.02804888944581703
4407,14025125,25/26,2026-02-01,5301,12,Brentford,Aston Villa,away,0.06271666666666667,0.11695064,0.054233971925576524
4408,14025143,25/26,2026-02-01,6072,18,Nottingham Forest,Crystal Palace,home,0.053955555555555555,0.111405484,0.057449928822782305
4408,14025143,25/26,2026-02-01,18,6072,Crystal Palace,Nottingham Forest,away,0.13565,0.115764454,-0.01988554599285125
4409,14025149,25/26,2026-02-01,8,22,Tottenham Hotspur,Manchester City,home,0.08755,0.11358027,0.026030271601676938
4409,14025149,25/26,2026-02-01,22,8,Manchester City,Tottenham Hotspur,away,0.13895333333333335,0.117191635,-0.021761698261102053
4410,15129444,25/26,2026-02-02,16,23,Sunderland,Burnley,home,0.11075,0.11229498,0.001544979393482207
4410,15129444,25/26,2026-02-02,23,16,Burnley,Sunderland,away,0.0116,0.110426925,0.09882692512273789
4411,14025170,25/26,2026-02-06,4546,6072,Leeds United,Nottingham Forest,home,0.18023571428571428,0.11320372,-0.06703199502740587
4411,14025170,25/26,2026-02-06,6072,4546,Nottingham Forest,Leeds United,away,0.0832,0.112140514,0.028940513956546787
4412,14025176,25/26,2026-02-07,1,8,Manchester United,Tottenham Hotspur,home,0.07721304347826087,0.11689697,0.03968392858194268
4412,14025176,25/26,2026-02-07,8,1,Tottenham Hotspur,Manchester United,away,0.06944285714285714,0.1136721,0.04422924286467689
4413,14025158,25/26,2026-02-07,17,16,Arsenal,Sunderland,home,0.0932625,0.11933414,0.026071638929843904
4413,14025158,25/26,2026-02-07,16,17,Sunderland,Arsenal,away,0.03752,0.11166371,0.07414370660066605
4414,14025182,25/26,2026-02-07,3033,24,Wolverhampton,Chelsea,home,0.0963,0.113894604,0.017594604146480564
4414,14025182,25/26,2026-02-07,24,3033,Chelsea,Wolverhampton,away,0.22924,0.11745846,-0.11178153728485107
4415,14025155,25/26,2026-02-07,769,12,Bournemouth,Aston Villa,home,0.104025,0.119053364,0.015028363800048822
4415,14025155,25/26,2026-02-07,12,769,Aston Villa,Bournemouth,away,0.0847,0.12063086,0.03593086032867432
4416,14025167,25/26,2026-02-07,3027,10,Fulham,Everton,home,0.15165384615384617,0.113285735,-0.03836811090432682
4416,14025167,25/26,2026-02-07,10,3027,Everton,Fulham,away,0.117575,0.112140514,-0.0054344860434532155
4417,14025164,25/26,2026-02-07,23,7,Burnley,West Ham United,home,0.07429444444444444,0.110426925,0.036132480678293444
4417,14025164,25/26,2026-02-07,7,23,West Ham United,Burnley,away,0.11576666666666667,0.112023406,-0.0037432609359423358
4418,14025179,25/26,2026-02-07,21,5301,Newcastle United,Brentford,home,0.14020625,0.115602694,-0.024603555548191075
4418,14025179,25/26,2026-02-07,5301,21,Brentford,Newcastle United,away,0.16254545454545455,0.117471874,-0.04507358078523116
4419,14025161,25/26,2026-02-08,2275,18,Brighton & Hove Albion,Crystal Palace,home,0.10632857142857143,0.11490381,0.008575236211504259
4419,14025161,25/26,2026-02-08,18,2275,Crystal Palace,Brighton & Hove Albion,away,0.16528571428571429,0.1162114,-0.04907431484971728
4420,14025173,25/26,2026-02-08,19,22,Liverpool FC,Manchester City,home,0.06691333333333334,0.117522165,0.050608831845919286
4420,14025173,25/26,2026-02-08,22,19,Manchester City,Liverpool FC,away,0.16165882352941177,0.11725804,-0.0444007814323201
4421,14025188,25/26,2026-02-10,24,4546,Chelsea,Leeds United,home,0.16472105263157893,0.11744441,-0.04727664171143581
4421,14025188,25/26,2026-02-10,4546,24,Leeds United,Chelsea,away,0.36025,0.115948096,-0.2443019040822983
4422,14025200,25/26,2026-02-10,8,21,Tottenham Hotspur,Newcastle United,home,0.1156375,0.11350289,-0.002134610128402714
4422,14025200,25/26,2026-02-10,21,8,Newcastle United,Tottenham Hotspur,away,0.11824761904761905,0.11609903,-0.0021485892681848417
4423,14025191,25/26,2026-02-10,10,769,Everton,Bournemouth,home,0.18519375,0.113153264,-0.07204048607349395
4423,14025191,25/26,2026-02-10,769,10,Bournemouth,Everton,away,0.12147272727272727,0.12076916,-0.0007035692670128574
4424,14025203,25/26,2026-02-10,7,1,West Ham United,Manchester United,home,0.15837142857142858,0.11166085,-0.046710575543131155
4424,14025203,25/26,2026-02-10,1,7,Manchester United,West Ham United,away,0.06385555555555555,0.1178903,0.05403474281099108
4425,14025212,25/26,2026-02-11,22,3027,Manchester City,Fulham,home,0.10523076923076922,0.1172266,0.011995831416203431
4425,14025212,25/26,2026-02-11,3027,22,Fulham,Manchester City,away,0.10127857142857143,0.114660755,0.013382183371271408
4426,14025206,25/26,2026-02-11,12,2275,Aston Villa,Brighton & Hove Albion,home,0.054246666666666665,0.1144477,0.060201031330426535
4426,14025206,25/26,2026-02-11,2275,12,Brighton & Hove Albion,Aston Villa,away,0.06238888888888889,0.11445614,0.052067250616020626
4427,14025194,25/26,2026-02-11,6072,3033,Nottingham Forest,Wolverhampton,home,0.07614571428571429,0.112140514,0.035994799670832495
4427,14025194,25/26,2026-02-11,3033,6072,Wolverhampton,Nottingham Forest,away,0.06194285714285714,0.110209994,0.04826713687522071
4428,14025209,25/26,2026-02-11,18,23,Crystal Palace,Burnley,home,0.08556666666666667,0.11606567,0.03049900686343511
4428,14025209,25/26,2026-02-11,23,18,Burnley,Crystal Palace,away,0.0656375,0.110117786,0.04448028563261032
4429,14025197,25/26,2026-02-11,16,19,Sunderland,Liverpool FC,home,0.057081818181818185,0.1117437,0.05466188530271703
4429,14025197,25/26,2026-02-11,19,16,Liverpool FC,Sunderland,away,0.10993913043478261,0.116394594,0.006455463876931564
4430,14025185,25/26,2026-02-12,5301,17,Brentford,Arsenal,home,0.125575,0.11672836,-0.008846642029285423
4430,14025185,25/26,2026-02-12,17,5301,Arsenal,Brentford,away,0.08574285714285715,0.12053049,0.03478763641459601
4431,14025018,25/26,2026-02-18,3033,17,Wolverhampton,Arsenal,home,0.05814,0.11125416,0.05311416308641434
4431,14025018,25/26,2026-02-18,17,3033,Arsenal,Wolverhampton,away,0.16097,0.11846585,-0.0425041517329216
4432,14024007,25/26,2026-02-21,24,23,Chelsea,Burnley,home,0.165625,0.117129,-0.04849600195884704
4432,14024007,25/26,2026-02-21,23,24,Burnley,Chelsea,away,0.07045,0.111370265,0.0409202654838562
4433,14025215,25/26,2026-02-21,12,4546,Aston Villa,Leeds United,home,0.0912625,0.114828795,0.023566295194625858
4433,14025215,25/26,2026-02-21,4546,12,Leeds United,Aston Villa,away,0.09671428571428571,0.115091816,0.01837752987657275
4434,14024006,25/26,2026-02-21,5301,2275,Brentford,Brighton & Hove Albion,home,0.12321538461538462,0.11763146,-0.005583926869355715
4434,14024006,25/26,2026-02-21,2275,5301,Brighton & Hove Albion,Brentford,away,0.09972727272727273,0.11419616,0.014468886218287721
4435,14023969,25/26,2026-02-21,7,769,West Ham United,Bournemouth,home,0.163705,0.11265418,-0.051050820665359486
4435,14023969,25/26,2026-02-21,769,7,Bournemouth,West Ham United,away,0.06516,0.11640455,0.05124454828739167
4436,14024010,25/26,2026-02-21,22,21,Manchester City,Newcastle United,home,0.09052,0.1172266,0.026706600646972653
4436,14024010,25/26,2026-02-21,21,22,Newcastle United,Manchester City,away,0.04794615384615385,0.1222279,0.07428174588405169
4437,14024013,25/26,2026-02-22,6072,19,Nottingham Forest,Liverpool FC,home,0.06613888888888889,0.11542241,0.04928352386421628
4437,14024013,25/26,2026-02-22,19,6072,Liverpool FC,Nottingham Forest,away,0.18058,0.117522165,-0.06305783482074737
4438,14024008,25/26,2026-02-22,18,3033,Crystal Palace,Wolverhampton,home,0.14268571428571428,0.11585952,-0.026826190870148786
4438,14024008,25/26,2026-02-22,3033,18,Wolverhampton,Crystal Palace,away,0.13606666666666667,0.11095704,-0.025109625283877057
4439,14024011,25/26,2026-02-22,16,3027,Sunderland,Fulham,home,0.15385,0.11206343,-0.04178656975030898
4439,14024011,25/26,2026-02-22,3027,16,Fulham,Sunderland,away,0.15668333333333334,0.1154076,-0.04127573233445486
4440,14024012,25/26,2026-02-22,8,17,Tottenham Hotspur,Arsenal,home,0.12718333333333334,0.114485644,-0.012697689529260009
4440,14024012,25/26,2026-02-22,17,8,Arsenal,Tottenham Hotspur,away,0.103335,0.11836508,0.015030079164505009
4441,15238290,25/26,2026-02-23,10,1,Everton,Manchester United,home,0.05288333333333333,0.11822769,0.06534435712496439
4441,15238290,25/26,2026-02-23,1,10,Manchester United,Everton,away,0.11505454545454545,0.11581348,0.0007589333729310505
4442,14023979,25/26,2026-02-27,3033,12,Wolverhampton,Aston Villa,home,0.09571111111111111,0.11116319,0.01545208038621479
4442,14023979,25/26,2026-02-27,12,3033,Aston Villa,Wolverhampton,away,0.07327857142857143,0.113885514,0.040606943009580884
4443,14023970,25/26,2026-02-28,769,16,Bournemouth,Sunderland,home,0.08191428571428572,0.11694902,0.035034736101967945
4443,14023970,25/26,2026-02-28,16,769,Sunderland,Bournemouth,away,0.180625,0.11096025,-0.06966474741697312
4444,14023976,25/26,2026-02-28,19,7,Liverpool FC,West Ham United,home,0.10195,0.116753675,0.014803675043582917
4444,14023976,25/26,2026-02-28,7,19,West Ham United,Liverpool FC,away,0.16866363636363638,0.112913325,-0.05575031093467367
4445,14023977,25/26,2026-02-28,21,10,Newcastle United,Everton,home,0.061517647058823524,0.120782696,0.0592650486518355
4445,14023977,25/26,2026-02-28,10,21,Everton,Newcastle United,away,0.2384777777777778,0.117783986,-0.12069379174576866
4446,14023975,25/26,2026-02-28,23,5301,Burnley,Brentford,home,0.08095833333333333,0.110117786,0.029159452299276994
4446,14023975,25/26,2026-02-28,5301,23,Brentford,Burnley,away,0.147325,0.11741825,-0.029906748068332684
4447,14023974,25/26,2026-02-28,4546,22,Leeds United,Manchester City,home,0.1064642857142857,0.11517873,0.00871444089923587
4447,14023974,25/26,2026-02-28,22,4546,Manchester City,Leeds United,away,0.14252857142857142,0.11765303,-0.024875544251714427
4448,14023978,25/26,2026-03-01,1,18,Manchester United,Crystal Palace,home,0.108065,0.11398479,0.005919793424606329
4448,14023978,25/26,2026-03-01,18,1,Crystal Palace,Manchester United,away,0.047925,0.11617531,0.06825030882358551
4449,14023973,25/26,2026-03-01,3027,8,Fulham,Tottenham Hotspur,home,0.12667777777777778,0.11622012,-0.010457661162482368
4449,14023973,25/26,2026-03-01,8,3027,Tottenham Hotspur,Fulham,away,0.06776923076923078,0.114930406,0.047161175443575926
4450,14023972,25/26,2026-03-01,2275,6072,Brighton & Hove Albion,Nottingham Forest,home,0.09419285714285715,0.11390636,0.01971350401980536
4450,14023972,25/26,2026-03-01,6072,2275,Nottingham Forest,Brighton & Hove Albion,away,0.06096923076923077,0.11683392,0.05586468702738102
4451,14023971,25/26,2026-03-01,17,24,Arsenal,Chelsea,home,0.09070833333333334,0.116270535,0.02556220136086146
4451,14023971,25/26,2026-03-01,24,17,Chelsea,Arsenal,away,0.11903333333333332,0.116996706,-0.0020366278012593497
4452,14023980,25/26,2026-03-03,769,5301,Bournemouth,Brentford,home,0.14804615384615386,0.113128655,-0.03491749918735945
4452,14023980,25/26,2026-03-03,5301,769,Brentford,Bournemouth,away,0.07962,0.11905585,0.039435852293968204
4453,14023941,25/26,2026-03-03,10,23,Everton,Burnley,home,0.09332142857142857,0.11780957,0.024488142754350392
4453,14023941,25/26,2026-03-03,23,10,Burnley,Everton,away,0.15794,0.110117786,-0.047822214367389676
4454,14023982,25/26,2026-03-03,4546,16,Leeds United,Sunderland,home,0.06390555555555556,0.115183644,0.05127808844115998
4455,14023985,25/26,2026-03-03,3033,19,Wolverhampton,Liverpool FC,home,0.109925,0.11146031,0.0015353132009506276
4455,14023985,25/26,2026-03-03,19,3033,Liverpool FC,Wolverhampton,away,0.12798,0.11989024,-0.00808975718498231
4456,14023984,25/26,2026-03-04,22,6072,Manchester City,Nottingham Forest,home,0.10109047619047619,0.11609903,0.015008553588958015
4456,14023984,25/26,2026-03-04,6072,22,Nottingham Forest,Manchester City,away,0.10782222222222222,0.116177134,0.008354911993609535
4457,14023933,25/26,2026-03-04,2275,17,Brighton & Hove Albion,Arsenal,home,0.07452727272727273,0.114310324,0.039783051464774385
4457,14023933,25/26,2026-03-04,17,2275,Arsenal,Brighton & Hove Albion,away,0.06692857142857143,0.11620475,0.04927618208953312
4458,14023986,25/26,2026-03-04,12,24,Aston Villa,Chelsea,home,0.08697777777777778,0.11639321,0.029415430725945366
4458,14023986,25/26,2026-03-04,24,12,Chelsea,Aston Villa,away,0.24005333333333334,0.11845464,-0.12159869073947271
4459,14023947,25/26,2026-03-04,3027,7,Fulham,West Ham United,home,0.06833846153846154,0.11550343,0.04716496882805457
4459,14023947,25/26,2026-03-04,7,3027,West Ham United,Fulham,away,0.12083333333333333,0.1128865,-0.007946829994519553
4460,14023983,25/26,2026-03-04,21,1,Newcastle United,Manchester United,home,0.20685,0.11788525,-0.08896475312709809
4460,14023983,25/26,2026-03-04,1,21,Manchester United,Newcastle United,away,0.10635,0.11625718,0.009907183253765106
4461,14023981,25/26,2026-03-05,8,18,Tottenham Hotspur,Crystal Palace,home,0.09065833333333333,0.113618284,0.02295995113054912
4461,14023981,25/26,2026-03-05,18,8,Crystal Palace,Tottenham Hotspur,away,0.19757777777777777,0.11585952,-0.08171825436221228
4462,14023996,25/26,2026-03-14,16,2275,Sunderland,Brighton & Hove Albion,home,0.06393571428571429,0.11061412,0.046678406674521306
4462,14023996,25/26,2026-03-14,2275,16,Brighton & Hove Albion,Sunderland,away,0.13979166666666668,0.11398428,-0.02580738733212154
4463,14023988,25/26,2026-03-14,23,769,Burnley,Bournemouth,home,0.09313333333333333,0.11791813,0.02478479295174281
4463,14023988,25/26,2026-03-14,769,23,Bournemouth,Burnley,away,0.11603636363636363,0.11473994,-0.001296424065936691
4464,14023987,25/26,2026-03-14,17,10,Arsenal,Everton,home,0.107932,0.11510047,0.007168473165512085
4464,14023987,25/26,2026-03-14,10,17,Everton,Arsenal,away,0.11843333333333333,0.11666177,-0.001771561201413474
4465,14023990,25/26,2026-03-14,24,21,Chelsea,Newcastle United,home,0.06301818181818182,0.11792422,0.054906039041822605
4465,14023990,25/26,2026-03-14,21,24,Newcastle United,Chelsea,away,0.20085714285714285,0.11630518,-0.08455196296317236
4466,14023993,25/26,2026-03-14,22,7,Manchester City,West Ham United,away,0.0845625,0.11743275,0.03287025076150894
4467,14023994,25/26,2026-03-15,1,12,Manchester United,Aston Villa,home,0.06899375,0.11581348,0.046819728827476495
4467,14023994,25/26,2026-03-15,12,1,Aston Villa,Manchester United,away,0.11081111111111111,0.11462577,0.00381465576224857
4468,14023995,25/26,2026-03-15,6072,3027,Nottingham Forest,Fulham,home,0.08609090909090909,0.11286496,0.026774054619398982
4468,14023995,25/26,2026-03-15,3027,6072,Fulham,Nottingham Forest,away,0.17228333333333334,0.11549943,-0.05678390392859778
4469,14023991,25/26,2026-03-15,18,4546,Crystal Palace,Leeds United,home,0.056133333333333334,0.11585952,0.05972619008223216
4469,14023991,25/26,2026-03-15,4546,18,Leeds United,Crystal Palace,away,0.11159,0.11473994,0.003149939570426946
4470,14023992,25/26,2026-03-15,19,8,Liverpool FC,Tottenham Hotspur,home,0.09980588235294117,0.12043472,0.020628833990938525
4470,14023992,25/26,2026-03-15,8,19,Tottenham Hotspur,Liverpool FC,away,0.09043076923076923,0.11312195,0.02269117990548794
4471,15408501,25/26,2026-03-16,5301,3033,Brentford,Wolverhampton,home,0.25609,0.11792828,-0.13816171857357024
4471,15408501,25/26,2026-03-16,3033,5301,Wolverhampton,Brentford,away,0.1026923076923077,0.11146031,0.008768005508642929
4472,14023997,25/26,2026-03-20,769,1,Bournemouth,Manchester United,home,0.11276875,0.1145828,0.0018140493750572195
4472,14023997,25/26,2026-03-20,1,769,Manchester United,Bournemouth,away,0.1263,0.11573893,-0.010561071681976314
4473,14024015,25/26,2026-03-21,2275,19,Brighton & Hove Albion,Liverpool FC,home,0.13608125000000001,0.1148064,-0.021274851250648513
4473,14024015,25/26,2026-03-21,19,2275,Liverpool FC,Brighton & Hove Albion,away,0.08544166666666667,0.11953162,0.0340899499018987
4474,14024016,25/26,2026-03-21,3027,23,Fulham,Burnley,home,0.14622272727272728,0.11727376,-0.028948964450576098
4474,14024016,25/26,2026-03-21,23,3027,Burnley,Fulham,away,0.1382888888888889,0.111172624,-0.027116264956527303
4475,14024017,25/26,2026-03-21,10,24,Everton,Chelsea,home,0.1176,0.11630518,-0.0012948201060295067
4475,14024017,25/26,2026-03-21,24,10,Chelsea,Everton,away,0.07755,0.11792422,0.04037422086000443
4476,14024018,25/26,2026-03-21,4546,5301,Leeds United,Brentford,home,0.03745,0.1154166,0.07796660130023957
4476,14024018,25/26,2026-03-21,5301,4546,Brentford,Leeds United,away,0.07695,0.1192137,0.042263700294494624
4477,14024021,25/26,2026-03-22,21,16,Newcastle United,Sunderland,home,0.08058125,0.117876455,0.03729520518779755
4477,14024021,25/26,2026-03-22,16,21,Sunderland,Newcastle United,away,0.1485,0.111496985,-0.03700301504135131
4478,14024020,25/26,2026-03-22,8,6072,Tottenham Hotspur,Nottingham Forest,home,0.09039285714285715,0.114930406,0.024537549069949552
4478,14024020,25/26,2026-03-22,6072,8,Nottingham Forest,Tottenham Hotspur,away,0.1673125,0.11489552,-0.0524169774055481
4479,14024014,25/26,2026-03-22,12,7,Aston Villa,West Ham United,home,0.07543478260869566,0.11456839,0.039133607343487115
4479,14024014,25/26,2026-03-22,7,12,West Ham United,Aston Villa,away,0.09445555555555556,0.1125735,0.01811794144180086
4480,14025029,25/26,2026-04-10,7,3033,West Ham United,Wolverhampton,home,0.1305888888888889,0.1123178,-0.018271088367038307
4480,14025029,25/26,2026-04-10,3033,7,Wolverhampton,West Ham United,away,0.04182857142857143,0.10973985,0.06791127605267933
4481,14025021,25/26,2026-04-11,17,769,Arsenal,Bournemouth,home,0.15495333333333333,0.11629658,-0.03865675140937169
4481,14025021,25/26,2026-04-11,769,17,Bournemouth,Arsenal,away,0.149225,0.11514554,-0.03407945827245712
4482,14025022,25/26,2026-04-11,5301,10,Brentford,Everton,home,0.16999411764705882,0.11607884,-0.05391527894104228
4482,14025022,25/26,2026-04-11,10,5301,Everton,Brentford,away,0.11072857142857143,0.11571224,0.004983668909754074
4483,14024002,25/26,2026-04-11,23,2275,Burnley,Brighton & Hove Albion,home,0.08767,0.111172624,0.023502623932361605
4483,14024002,25/26,2026-04-11,2275,23,Brighton & Hove Albion,Burnley,away,0.1487153846153846,0.11683637,-0.03187901557775644
4484,14024000,25/26,2026-04-11,19,3027,Liverpool FC,Fulham,home,0.08814444444444444,0.119519986,0.03137554176780913
4484,14024000,25/26,2026-04-11,3027,19,Fulham,Liverpool FC,away,0.05461052631578947,0.11531142,0.06070089513816332
4485,14025026,25/26,2026-04-12,16,8,Sunderland,Tottenham Hotspur,home,0.10326923076923077,0.11249443,0.009225200666831093
4485,14025026,25/26,2026-04-12,8,16,Tottenham Hotspur,Sunderland,away,0.076,0.11506181,0.03906181210279465
4486,14025025,25/26,2026-04-12,6072,12,Nottingham Forest,Aston Villa,home,0.07677333333333333,0.11395966,0.03718632928291957
4486,14025025,25/26,2026-04-12,12,6072,Aston Villa,Nottingham Forest,away,0.08540833333333334,0.11438651,0.02897817304531733
4487,14023999,25/26,2026-04-12,18,21,Crystal Palace,Newcastle United,home,0.23565454545454545,0.11435149,-0.12130305680470033
4487,14023999,25/26,2026-04-12,21,18,Newcastle United,Crystal Palace,away,0.1621142857142857,0.11733768,-0.04477660436119352
4488,14023998,25/26,2026-04-12,24,22,Chelsea,Manchester City,home,0.09511666666666667,0.11792422,0.022807554193337756
4488,14023998,25/26,2026-04-12,22,24,Manchester City,Chelsea,away,0.12724444444444444,0.11923479,-0.008009651556279918
4489,14025024,25/26,2026-04-13,1,4546,Manchester United,Leeds United,home,0.06344,0.11538705,0.05194705229759217
4489,14025024,25/26,2026-04-13,4546,1,Leeds United,Manchester United,away,0.17142,0.11734133,-0.0540786678624153
4490,14025031,25/26,2026-04-18,5301,3027,Brentford,Fulham,home,0.10992307692307693,0.1171312,0.007208126489932715
4490,14025031,25/26,2026-04-18,3027,5301,Fulham,Brentford,away,0.0704,0.11531142,0.044911421453952785
4491,14025040,25/26,2026-04-18,21,769,Newcastle United,Bournemouth,home,0.1326,0.116748884,-0.0158511156797409
4491,14025040,25/26,2026-04-18,769,21,Bournemouth,Newcastle United,away,0.248875,0.11577641,-0.1330985878109932
4492,14025036,25/26,2026-04-18,4546,3033,Leeds United,Wolverhampton,home,0.1659,0.11378832,-0.05211167838573455
4492,14025036,25/26,2026-04-18,3033,4546,Wolverhampton,Leeds United,away,0.08097142857142857,0.11047488,0.029503448488031117
4493,14025042,25/26,2026-04-18,8,2275,Tottenham Hotspur,Brighton & Hove Albion,home,0.08665384615384615,0.11314793,0.026494083156952494
4493,14025042,25/26,2026-04-18,2275,8,Brighton & Hove Albion,Tottenham Hotspur,away,0.08169,0.116151914,0.03446191400051117
4494,14025032,25/26,2026-04-18,24,1,Chelsea,Manchester United,home,0.07468095238095238,0.12020052,0.04551956986302422
4494,14025032,25/26,2026-04-18,1,24,Manchester United,Chelsea,away,0.072825,0.11491413,0.04208912669420242
4495,14025035,25/26,2026-04-19,10,19,Everton,Liverpool FC,home,0.07924,0.116748884,0.03750888432025909
4495,14025035,25/26,2026-04-19,19,10,Liverpool FC,Everton,away,0.10362142857142857,0.11609903,0.012477601208005631
4496,14025030,25/26,2026-04-19,12,16,Aston Villa,Sunderland,home,0.18940666666666667,0.114695646,-0.07471102079788844
4496,14025030,25/26,2026-04-19,16,12,Sunderland,Aston Villa,away,0.1728,0.11296496,-0.05983504204750062
4497,14025041,25/26,2026-04-19,6072,23,Nottingham Forest,Burnley,home,0.11910000000000001,0.113491885,-0.005608114635944378
4497,14025041,25/26,2026-04-19,23,6072,Burnley,Nottingham Forest,away,0.0888,0.11109742,0.02229741777181625
4498,14025039,25/26,2026-04-19,22,17,Manchester City,Arsenal,home,0.09170666666666667,0.11855617,0.026849504988988235
4498,14025039,25/26,2026-04-19,17,22,Arsenal,Manchester City,away,0.1981888888888889,0.11695123,-0.08123766170077854
4499,14025034,25/26,2026-04-20,18,7,Crystal Palace,West Ham United,home,0.08082222222222223,0.11617531,0.035353086601363284
4499,14025034,25/26,2026-04-20,7,18,West Ham United,Crystal Palace,away,0.06817777777777778,0.112814136,0.04463635807169808
4500,14024001,25/26,2026-04-21,2275,24,Brighton & Hove Albion,Chelsea,home,0.14250666666666667,0.11519319,-0.027313478476206465
4500,14024001,25/26,2026-04-21,24,2275,Chelsea,Brighton & Hove Albion,away,0.06161666666666667,0.11844973,0.05683306599458059
4501,14024003,25/26,2026-04-22,23,22,Burnley,Manchester City,home,0.06953333333333334,0.113747194,0.044213861076037086
4501,14024003,25/26,2026-04-22,22,23,Manchester City,Burnley,away,0.12105,0.11915378,-0.0018962172746658373
4502,14025044,25/26,2026-04-22,769,4546,Bournemouth,Leeds United,home,0.09708823529411766,0.11868964,0.021601406062350545
4502,14025044,25/26,2026-04-22,4546,769,Leeds United,Bournemouth,away,0.08097,0.115606986,0.03463698598623276
4503,14023932,25/26,2026-04-24,16,6072,Sunderland,Nottingham Forest,home,0.050042857142857146,0.11321665,0.06317379632336753
4503,14023932,25/26,2026-04-24,6072,16,Nottingham Forest,Sunderland,away,0.10964,0.11484835,0.005208352968692778
4504,14024004,25/26,2026-04-25,3027,12,Fulham,Aston Villa,home,0.0949076923076923,0.11531142,0.020403729146260485
4504,14024004,25/26,2026-04-25,12,3027,Aston Villa,Fulham,away,0.09321,0.117990136,0.02478013614654541
4505,14024005,25/26,2026-04-25,19,18,Liverpool FC,Crystal Palace,home,0.1272111111111111,0.117411345,-0.009799765867657129
4505,14024005,25/26,2026-04-25,18,19,Crystal Palace,Liverpool FC,away,0.16235,0.114663415,-0.04768658534288406
4506,14024022,25/26,2026-04-25,3033,8,Wolverhampton,Tottenham Hotspur,home,0.06408181818181818,0.11026873,0.04618690876310522
4506,14024022,25/26,2026-04-25,8,3033,Tottenham Hotspur,Wolverhampton,away,0.0836909090909091,0.11329249,0.029601583835211664
4507,14023934,25/26,2026-04-25,7,10,West Ham United,Everton,home,0.11746,0.11282745,-0.0046325499629974315
4507,14023934,25/26,2026-04-25,10,7,Everton,West Ham United,away,0.14145454545454544,0.11518707,-0.026267474190755313
4508,14025045,25/26,2026-04-25,17,21,Arsenal,Newcastle United,home,0.04461818181818182,0.1172266,0.07260841882879084
4508,14025045,25/26,2026-04-25,21,17,Newcastle United,Arsenal,away,0.07692307692307693,0.116748884,0.03982580739718217
4509,14023926,25/26,2026-04-27,1,5301,Manchester United,Brentford,home,0.12376363636363637,0.1137976,-0.009966038776527755
4509,14023926,25/26,2026-04-27,5301,1,Brentford,Manchester United,away,0.09785,0.11686752,0.019017519915103906
4510,14023940,25/26,2026-05-01,4546,23,Leeds United,Burnley,home,0.09182222222222222,0.11573785,0.023915625761614906
4510,14023940,25/26,2026-05-01,23,4546,Burnley,Leeds United,away,0.0632111111111111,0.110323936,0.0471128246360355
4511,14023949,25/26,2026-05-02,21,2275,Newcastle United,Brighton & Hove Albion,home,0.2429076923076923,0.12522592,-0.11768177580283237
4511,14023949,25/26,2026-05-02,2275,21,Brighton & Hove Albion,Newcastle United,away,0.11767692307692308,0.1162121,-0.0014648232863499616
4512,14023945,25/26,2026-05-02,5301,7,Brentford,West Ham United,home,0.16245714285714286,0.11799509,-0.04446205207450049
4512,14023945,25/26,2026-05-02,7,5301,West Ham United,Brentford,away,0.07096153846153846,0.112963505,0.042001966627744525
4513,14023951,25/26,2026-05-02,3033,16,Wolverhampton,Sunderland,home,0.08611,0.11026873,0.024158726944923395
4513,14023951,25/26,2026-05-02,16,3033,Sunderland,Wolverhampton,away,0.06585,0.112922505,0.04707250454425811
4514,14023931,25/26,2026-05-02,17,3027,Arsenal,Fulham,home,0.1812777777777778,0.11609903,-0.06517874799834358
4514,14023931,25/26,2026-05-02,3027,17,Fulham,Arsenal,away,0.037,0.12412878,0.0871287812590599
4515,14024023,25/26,2026-05-03,769,18,Bournemouth,Crystal Palace,home,0.12981875,0.11687069,-0.012948063588142406
4515,14024023,25/26,2026-05-03,18,769,Crystal Palace,Bournemouth,away,0.12747142857142857,0.11704544,-0.010425988791670115
4516,14023939,25/26,2026-05-03,1,19,Manchester United,Liverpool FC,home,0.13005555555555556,0.11377487,-0.01628068223926757
4516,14023939,25/26,2026-05-03,19,1,Liverpool FC,Manchester United,away,0.06807692307692308,0.11677569,0.04869876843232375
4517,14023927,25/26,2026-05-03,12,8,Aston Villa,Tottenham Hotspur,home,0.06416,0.11523514,0.05107514240980149
4517,14023927,25/26,2026-05-03,8,12,Tottenham Hotspur,Aston Villa,away,0.0989,0.11303132,0.014131320273876188
4518,14023925,25/26,2026-05-04,24,6072,Chelsea,Nottingham Forest,home,0.0918047619047619,0.12041407,0.02860930888028372
4518,14023925,25/26,2026-05-04,6072,24,Nottingham Forest,Chelsea,away,0.3450666666666667,0.1143315,-0.2307351679245631
