match_id,sofascore_event_id,season_year,match_date,team_id,opponent_id,team_name,opponent_name,side,target_fragility,fragility_hat,prediction_error
3031,10385741,22/23,2022-08-05,18,17,Crystal Palace,Arsenal,home,0.09968,0.11150538,0.01182538176298141
3031,10385741,22/23,2022-08-05,17,18,Arsenal,Crystal Palace,away,0.12118,0.11150538,-0.009674618237018581
3032,10385502,22/23,2022-08-06,3027,19,Fulham,Liverpool FC,home,0.11176363636363637,0.11150538,-0.00025825460065495576
3032,10385502,22/23,2022-08-06,19,3027,Liverpool FC,Fulham,away,0.1391888888888889,0.11150538,-0.027683507125907475
3033,10385518,22/23,2022-08-06,8,20,Tottenham Hotspur,Southampton,home,0.04778,0.11150538,0.06372538176298141
3033,10385518,22/23,2022-08-06,20,8,Southampton,Tottenham Hotspur,away,0.08696111111111111,0.11150538,0.0245442706518703
3034,10385501,22/23,2022-08-06,4546,3033,Leeds United,Wolverhampton,home,0.12236666666666667,0.11150538,-0.01086128490368525
3034,10385501,22/23,2022-08-06,3033,4546,Wolverhampton,Leeds United,away,0.066375,0.11150538,0.04513038176298141
3035,10385483,22/23,2022-08-06,769,12,Bournemouth,Aston Villa,home,0.04382,0.11150538,0.06768538176298142
3035,10385483,22/23,2022-08-06,12,769,Aston Villa,Bournemouth,away,0.08427142857142857,0.11150538,0.027233953191552848
3036,10385498,22/23,2022-08-06,21,6072,Newcastle United,Nottingham Forest,home,0.05512,0.11150538,0.05638538176298141
3036,10385498,22/23,2022-08-06,6072,21,Nottingham Forest,Newcastle United,away,0.07566086956521739,0.11150538,0.03584451219776402
3037,10385509,22/23,2022-08-06,10,24,Everton,Chelsea,home,0.1096,0.11150538,0.0019053817629814118
3037,10385509,22/23,2022-08-06,24,10,Chelsea,Everton,away,0.086875,0.11150538,0.02463038176298142
3038,10385511,22/23,2022-08-07,1,2275,Manchester United,Brighton & Hove Albion,home,0.10043333333333333,0.11150538,0.011072048429648082
3038,10385511,22/23,2022-08-07,2275,1,Brighton & Hove Albion,Manchester United,away,0.08135882352941176,0.11150538,0.030146558233569654
3039,10385491,22/23,2022-08-07,9,5301,Leicester City,Brentford,home,0.095625,0.11150538,0.015880381762981413
3039,10385491,22/23,2022-08-07,5301,9,Brentford,Leicester City,away,0.04434285714285714,0.11150538,0.06716252462012427
3040,10385514,22/23,2022-08-07,7,22,West Ham United,Manchester City,home,0.15923571428571429,0.11150538,-0.04773033252273287
3040,10385514,22/23,2022-08-07,22,7,Manchester City,West Ham United,away,0.08121666666666667,0.11150538,0.03028871509631474
3041,10385503,22/23,2022-08-13,12,10,Aston Villa,Everton,home,0.10804,0.11267283,0.004632828137874606
3041,10385503,22/23,2022-08-13,10,12,Everton,Aston Villa,away,0.19264166666666666,0.11415585,-0.07848581536213556
3042,10385530,22/23,2022-08-13,22,769,Manchester City,Bournemouth,home,0.044066666666666664,0.11448849,0.07042182325919469
3042,10385530,22/23,2022-08-13,769,22,Bournemouth,Manchester City,away,0.09201578947368422,0.11554023,0.023524439310400103
3043,10385500,22/23,2022-08-13,17,9,Arsenal,Leicester City,home,0.07666666666666666,0.11235389,0.035687224467595424
3043,10385500,22/23,2022-08-13,9,17,Leicester City,Arsenal,away,0.15643684210526315,0.11414093,-0.04229591431366769
3044,10385527,22/23,2022-08-13,3033,3027,Wolverhampton,Fulham,home,0.16597777777777778,0.11268248,-0.05329530113803016
3044,10385527,22/23,2022-08-13,3027,3033,Fulham,Wolverhampton,away,0.12712857142857142,0.11516384,-0.011964731075082502
3045,10385743,22/23,2022-08-13,2275,21,Brighton & Hove Albion,Newcastle United,home,0.05545,0.11180594,0.05635593818426132
3045,10385743,22/23,2022-08-13,21,2275,Newcastle United,Brighton & Hove Albion,away,0.1152,0.11360983,-0.001590171945095059
3046,10385737,22/23,2022-08-13,20,4546,Southampton,Leeds United,home,0.14876153846153847,0.11410159,-0.03465994973549477
3046,10385737,22/23,2022-08-13,4546,20,Leeds United,Southampton,away,0.08717142857142857,0.11415585,0.02698442273310253
3047,10385510,22/23,2022-08-13,5301,1,Brentford,Manchester United,home,0.06144666666666667,0.11356345,0.05211678152402242
3047,10385510,22/23,2022-08-13,1,5301,Manchester United,Brentford,away,0.12393076923076923,0.11235389,-0.011576878096507148
3048,10385528,22/23,2022-08-14,6072,7,Nottingham Forest,West Ham United,home,0.1191578947368421,0.116607524,-0.002550370282248443
3048,10385528,22/23,2022-08-14,7,6072,West Ham United,Nottingham Forest,away,0.10457692307692308,0.11516384,0.010586917276565841
3049,10385525,22/23,2022-08-14,24,8,Chelsea,Tottenham Hotspur,home,0.10077,0.11237748,0.011607479672431947
3049,10385525,22/23,2022-08-14,8,24,Tottenham Hotspur,Chelsea,away,0.09896875,0.11331698,0.014348232984542852
3050,10385740,22/23,2022-08-15,19,18,Liverpool FC,Crystal Palace,home,0.14871428571428572,0.11356345,-0.03515083752359663
3050,10385740,22/23,2022-08-15,18,19,Crystal Palace,Liverpool FC,away,0.0861625,0.11269835,0.026535846376419064
3051,10385739,22/23,2022-08-20,8,3033,Tottenham Hotspur,Wolverhampton,home,0.0357,0.11235389,0.07665389113426208
3051,10385739,22/23,2022-08-20,3033,8,Wolverhampton,Tottenham Hotspur,away,0.1529909090909091,0.11237748,-0.04061342941847715
3052,10385738,22/23,2022-08-20,9,20,Leicester City,Southampton,home,0.10262222222222223,0.11516384,0.012541618131266696
3052,10385738,22/23,2022-08-20,20,9,Southampton,Leicester City,away,0.04808333333333333,0.11554023,0.06745689545075098
3053,10385537,22/23,2022-08-20,10,6072,Everton,Nottingham Forest,home,0.07133571428571428,0.114517316,0.04318160193647658
3053,10385537,22/23,2022-08-20,6072,10,Nottingham Forest,Everton,away,0.0795157894736842,0.11441344,0.03489765075382434
3054,10385520,22/23,2022-08-20,18,12,Crystal Palace,Aston Villa,home,0.06897692307692307,0.11235389,0.04337696805733901
3054,10385520,22/23,2022-08-20,12,18,Aston Villa,Crystal Palace,away,0.15810588235294118,0.11331698,-0.04478889936839833
3055,10385539,22/23,2022-08-20,3027,5301,Fulham,Brentford,home,0.13826923076923078,0.11516384,-0.02310539041574186
3055,10385539,22/23,2022-08-20,5301,3027,Brentford,Fulham,away,0.1429777777777778,0.11358704,-0.02939074104891884
3056,10385519,22/23,2022-08-20,769,17,Bournemouth,Arsenal,home,0.10012142857142857,0.11696899,0.01684756080082485
3056,10385519,22/23,2022-08-20,17,769,Arsenal,Bournemouth,away,0.046816666666666666,0.11233802,0.06552135473092396
3057,10385543,22/23,2022-08-21,4546,24,Leeds United,Chelsea,home,0.06292142857142857,0.114517316,0.051595887650762284
3057,10385543,22/23,2022-08-21,24,4546,Chelsea,Leeds United,away,0.184875,0.11331698,-0.07155801701545716
3058,10385538,22/23,2022-08-21,7,2275,West Ham United,Brighton & Hove Albion,home,0.15525454545454545,0.11380305,-0.04145149404243989
3058,10385538,22/23,2022-08-21,2275,7,Brighton & Hove Albion,West Ham United,away,0.06845384615384616,0.112721935,0.04426808876074277
3059,10385532,22/23,2022-08-21,21,22,Newcastle United,Manchester City,home,0.10115238095238095,0.11237748,0.011225098720050994
3059,10385532,22/23,2022-08-21,22,21,Manchester City,Newcastle United,away,0.150775,0.12072582,-0.030049182021617882
3060,10385531,22/23,2022-08-22,1,19,Manchester United,Liverpool FC,home,0.07987058823529411,0.11235389,0.032483302898967975
3060,10385531,22/23,2022-08-22,19,1,Liverpool FC,Manchester United,away,0.13796923076923076,0.11275066,-0.02521857386644069
3061,10385567,22/23,2022-08-27,20,1,Southampton,Manchester United,home,0.15124545454545454,0.11544165,-0.03580380439324812
3061,10385567,22/23,2022-08-27,1,20,Manchester United,Southampton,away,0.08695294117647058,0.112784594,0.025831653120938478
3062,10385547,22/23,2022-08-27,19,769,Liverpool FC,Bournemouth,home,0.06598,0.11368836,0.04770835717439652
3062,10385547,22/23,2022-08-27,769,19,Bournemouth,Liverpool FC,away,0.17466842105263158,0.11983539,-0.05483302941196844
3063,10385554,22/23,2022-08-27,18,22,Crystal Palace,Manchester City,away,0.13468888888888889,0.11307994,-0.02160894612603717
3064,10385552,22/23,2022-08-27,24,9,Chelsea,Leicester City,home,0.14803529411764707,0.112784594,-0.03525069982023801
3064,10385552,22/23,2022-08-27,9,24,Leicester City,Chelsea,away,0.2502285714285714,0.118759364,-0.1314692075388772
3065,10385556,22/23,2022-08-27,5301,10,Brentford,Everton,home,0.07668571428571429,0.11310353,0.03641781701530729
3065,10385556,22/23,2022-08-27,10,5301,Everton,Brentford,away,0.11008,0.11457163,0.004491630954742434
3066,10385557,22/23,2022-08-27,2275,4546,Brighton & Hove Albion,Leeds United,home,0.18437,0.112784594,-0.07158540570259095
3066,10385557,22/23,2022-08-27,4546,2275,Leeds United,Brighton & Hove Albion,away,0.15541538461538462,0.11457163,-0.04084375366064219
3067,10385742,22/23,2022-08-27,17,3027,Arsenal,Fulham,home,0.07668181818181818,0.11265696,0.03597514021938497
3067,10385742,22/23,2022-08-27,3027,17,Fulham,Arsenal,away,0.12436818181818182,0.11516384,-0.0092043414646929
3068,10385563,22/23,2022-08-28,12,7,Aston Villa,West Ham United,home,0.08067142857142857,0.112784594,0.03211316572598048
3068,10385563,22/23,2022-08-28,7,12,West Ham United,Aston Villa,away,0.05485555555555555,0.11371415,0.05885859552886751
3069,10385568,22/23,2022-08-28,3033,21,Wolverhampton,Newcastle United,home,0.08440952380952381,0.11345521,0.029045689796833765
3069,10385568,22/23,2022-08-28,21,3033,Newcastle United,Wolverhampton,away,0.07091,0.1118686,0.04095859756708145
3070,10385551,22/23,2022-08-28,6072,8,Nottingham Forest,Tottenham Hotspur,home,0.1341111111111111,0.11734553,-0.016765584296650343
3070,10385551,22/23,2022-08-28,8,6072,Tottenham Hotspur,Nottingham Forest,away,0.05574705882352941,0.11307994,0.0573328839393223
3071,10385559,22/23,2022-08-30,3027,2275,Fulham,Brighton & Hove Albion,home,0.2087857142857143,0.116813384,-0.09197233028922763
3071,10385559,22/23,2022-08-30,2275,3027,Brighton & Hove Albion,Fulham,away,0.06787,0.112768725,0.04489872456073761
3072,10385588,22/23,2022-08-30,18,5301,Crystal Palace,Brentford,home,0.1587888888888889,0.11397056,-0.0448183260732227
3072,10385588,22/23,2022-08-30,5301,18,Brentford,Crystal Palace,away,0.07523846153846153,0.11322557,0.037987110272737656
3073,10385585,22/23,2022-08-30,20,24,Southampton,Chelsea,home,0.1097,0.11338866,0.003688657569885248
3073,10385585,22/23,2022-08-30,24,20,Chelsea,Southampton,away,0.12217777777777777,0.112784594,-0.009393183480368716
3074,10385758,22/23,2022-08-30,4546,10,Leeds United,Everton,home,0.14264285714285715,0.114517316,-0.028125540920666298
3074,10385758,22/23,2022-08-30,10,4546,Everton,Leeds United,away,0.07241428571428571,0.11399415,0.04157986563955035
3075,10385590,22/23,2022-08-31,22,6072,Manchester City,Nottingham Forest,home,0.0828875,0.11275066,0.029863156902790067
3075,10385590,22/23,2022-08-31,6072,22,Nottingham Forest,Manchester City,away,0.19517058823529412,0.115233585,-0.0799370029968374
3076,10385574,22/23,2022-08-31,17,12,Arsenal,Aston Villa,home,0.11285,0.113160945,0.0003109454751014651
3076,10385574,22/23,2022-08-31,12,17,Aston Villa,Arsenal,away,0.1166909090909091,0.112784594,-0.0039063147935000375
3077,10385759,22/23,2022-08-31,769,3033,Bournemouth,Wolverhampton,home,0.08881764705882353,0.11983539,0.031017744581839618
3077,10385759,22/23,2022-08-31,3033,769,Wolverhampton,Bournemouth,away,0.08304,0.11488776,0.03184775908946991
3078,10385564,22/23,2022-08-31,7,8,West Ham United,Tottenham Hotspur,home,0.052533333333333335,0.114373975,0.061840641168753305
3078,10385564,22/23,2022-08-31,8,7,Tottenham Hotspur,West Ham United,away,0.08858571428571428,0.11306972,0.024484006280558454
3079,10385582,22/23,2022-08-31,19,21,Liverpool FC,Newcastle United,home,0.14318,0.11412404,-0.02905596267461777
3079,10385582,22/23,2022-08-31,21,19,Newcastle United,Liverpool FC,away,0.06523043478260869,0.112784594,0.04755415951480037
3080,10385573,22/23,2022-09-01,9,1,Leicester City,Manchester United,home,0.17202222222222222,0.11375056,-0.05827166015042198
3080,10385573,22/23,2022-09-01,1,9,Manchester United,Leicester City,away,0.07321,0.112784594,0.03957459429740906
3081,10385599,22/23,2022-09-03,10,19,Everton,Liverpool FC,home,0.09703478260869565,0.11820079,0.021166003803066588
3081,10385599,22/23,2022-09-03,19,10,Liverpool FC,Everton,away,0.12261428571428572,0.11401201,-0.008602275318758831
3082,10385757,22/23,2022-09-03,24,7,Chelsea,West Ham United,home,0.20873333333333333,0.12325418,-0.08547915337880452
3082,10385757,22/23,2022-09-03,7,24,West Ham United,Chelsea,away,0.10815,0.11482472,0.006674719727039341
3083,10385744,22/23,2022-09-03,8,3027,Tottenham Hotspur,Fulham,home,0.08072222222222222,0.11459299,0.03387076954709159
3083,10385744,22/23,2022-09-03,3027,8,Fulham,Tottenham Hotspur,away,0.13632173913043477,0.1180943,-0.01822743641656377
3084,10385608,22/23,2022-09-03,21,18,Newcastle United,Crystal Palace,home,0.0531,0.11049939,0.057399389469623564
3084,10385608,22/23,2022-09-03,18,21,Crystal Palace,Newcastle United,away,0.1286,0.11298583,-0.015614172971248619
3085,10385577,22/23,2022-09-03,5301,4546,Brentford,Leeds United,home,0.11271764705882353,0.1155924,0.002874750690600447
3085,10385577,22/23,2022-09-03,4546,5301,Leeds United,Brentford,away,0.17607142857142857,0.119505286,-0.05656614235469273
3086,10385595,22/23,2022-09-03,3033,20,Wolverhampton,Southampton,home,0.09969166666666666,0.113940515,0.01424884795745214
3086,10385595,22/23,2022-09-03,20,3033,Southampton,Wolverhampton,away,0.11428571428571428,0.11530767,0.0010219520756176576
3087,10385600,22/23,2022-09-03,6072,769,Nottingham Forest,Bournemouth,home,0.0971375,0.10996022,0.012822720754146574
3087,10385600,22/23,2022-09-03,769,6072,Bournemouth,Nottingham Forest,away,0.1728818181818182,0.11809532,-0.05478649473840541
3088,10385569,22/23,2022-09-03,12,22,Aston Villa,Manchester City,home,0.16182307692307693,0.12403605,-0.03778702559012634
3088,10385569,22/23,2022-09-03,22,12,Manchester City,Aston Villa,away,0.11456666666666666,0.10754689,-0.007019778374830879
3089,10385576,22/23,2022-09-04,2275,9,Brighton & Hove Albion,Leicester City,home,0.24138333333333334,0.12726863,-0.114114706047376
3089,10385576,22/23,2022-09-04,9,2275,Leicester City,Brighton & Hove Albion,away,0.12010434782608696,0.12283097,0.0027266242493753784
3090,10385750,22/23,2022-09-04,1,17,Manchester United,Arsenal,home,0.0822625,0.11925768,0.03699518107175827
3090,10385750,22/23,2022-09-04,17,1,Arsenal,Manchester United,away,0.1552,0.11951454,-0.035685460162162785
3091,10385745,22/23,2022-09-16,12,20,Aston Villa,Southampton,home,0.04815714285714286,0.111118264,0.06296112163918359
3091,10385745,22/23,2022-09-16,20,12,Southampton,Aston Villa,away,0.1392909090909091,0.112110555,-0.02718035391894255
3092,10385627,22/23,2022-09-16,6072,3027,Nottingham Forest,Fulham,home,0.06253333333333333,0.112764776,0.05023144241968791
3092,10385627,22/23,2022-09-16,3027,6072,Fulham,Nottingham Forest,away,0.12853636363636364,0.11593993,-0.01259643355499615
3093,10385639,22/23,2022-09-17,3033,22,Wolverhampton,Manchester City,home,0.06650625,0.116642505,0.05013625493049621
3093,10385639,22/23,2022-09-17,22,3033,Manchester City,Wolverhampton,away,0.06835,0.11701798,0.0486679769396782
3094,10385624,22/23,2022-09-17,21,769,Newcastle United,Bournemouth,home,0.07479,0.10738027,0.03259027095794678
3094,10385624,22/23,2022-09-17,769,21,Bournemouth,Newcastle United,away,0.095915,0.11609207,0.020177070937156677
3095,10385641,22/23,2022-09-17,8,9,Tottenham Hotspur,Leicester City,home,0.0933578947368421,0.1120999,0.018742006104870854
3095,10385641,22/23,2022-09-17,9,8,Leicester City,Tottenham Hotspur,away,0.136775,0.12192349,-0.014851508641242989
3096,10385635,22/23,2022-09-18,5301,17,Brentford,Arsenal,home,0.11683076923076922,0.11678531,-4.545902197176932e-05
3096,10385635,22/23,2022-09-18,17,5301,Arsenal,Brentford,away,0.10654,0.12006278,0.013522783360481266
3097,10385623,22/23,2022-09-18,10,7,Everton,West Ham United,home,0.07421428571428572,0.11090122,0.03668693591867174
3097,10385623,22/23,2022-09-18,7,10,West Ham United,Everton,away,0.05154285714285714,0.11268165,0.06113879248244422
3098,10385648,22/23,2022-10-01,17,8,Arsenal,Tottenham Hotspur,home,0.2249,0.11962488,-0.10527511706352233
3098,10385648,22/23,2022-10-01,8,17,Tottenham Hotspur,Arsenal,away,0.11145454545454546,0.117088445,0.005633899076418439
3099,10385659,22/23,2022-10-01,19,2275,Liverpool FC,Brighton & Hove Albion,home,0.22825,0.12437918,-0.10387081962823869
3099,10385659,22/23,2022-10-01,2275,19,Brighton & Hove Albion,Liverpool FC,away,0.09809333333333334,0.11549169,0.017398354918162023
3100,10385629,22/23,2022-10-01,18,24,Crystal Palace,Chelsea,home,0.08759230769230769,0.111719936,0.02412762844012334
3100,10385629,22/23,2022-10-01,24,18,Chelsea,Crystal Palace,away,0.062157142857142855,0.11283882,0.050681676765850614
3101,10385657,22/23,2022-10-01,20,10,Southampton,Everton,home,0.165675,0.11120172,-0.0544732815504074
3101,10385657,22/23,2022-10-01,10,20,Everton,Southampton,away,0.07988636363636363,0.11090435,0.031017987240444536
3102,10385749,22/23,2022-10-01,3027,21,Fulham,Newcastle United,home,0.1880421052631579,0.11706102,-0.07098108631937128
3102,10385749,22/23,2022-10-01,21,3027,Newcastle United,Fulham,away,0.15593333333333334,0.111044966,-0.04488836764891943
3103,10385748,22/23,2022-10-01,769,5301,Bournemouth,Brentford,home,0.06676923076923078,0.11803843,0.051269200040743895
3103,10385748,22/23,2022-10-01,5301,769,Brentford,Bournemouth,away,0.05447142857142857,0.10354062,0.049069193126474106
3104,10385661,22/23,2022-10-01,7,3033,West Ham United,Wolverhampton,home,0.04934,0.115309484,0.0659694843029976
3104,10385661,22/23,2022-10-01,3033,7,Wolverhampton,West Ham United,away,0.05087222222222222,0.11247923,0.06160701002942191
3105,10385656,22/23,2022-10-02,22,1,Manchester City,Manchester United,home,0.14319166666666666,0.118512794,-0.024678872291247045
3105,10385656,22/23,2022-10-02,1,22,Manchester United,Manchester City,away,0.15499545454545455,0.12088,-0.034115454252199695
3106,10385642,22/23,2022-10-02,4546,12,Leeds United,Aston Villa,home,0.12097368421052632,0.113513485,-0.007460199613320201
3106,10385642,22/23,2022-10-02,12,4546,Aston Villa,Leeds United,away,0.061649999999999996,0.11639242,0.054742418742179874
3107,10385631,22/23,2022-10-03,9,6072,Leicester City,Nottingham Forest,home,0.11613,0.117903195,0.0017731953215599089
3107,10385631,22/23,2022-10-03,6072,9,Nottingham Forest,Leicester City,away,0.07791764705882352,0.11245694,0.034539293055674616
3108,10385695,22/23,2022-10-08,22,20,Manchester City,Southampton,home,0.03122,0.10726812,0.07604811736822129
3108,10385695,22/23,2022-10-08,20,22,Southampton,Manchester City,away,0.1186095238095238,0.12307917,0.004469649457363861
3109,10385760,22/23,2022-10-08,24,3033,Chelsea,Wolverhampton,home,0.1393375,0.120245405,-0.01909209545850754
3109,10385760,22/23,2022-10-08,3033,24,Wolverhampton,Chelsea,away,0.095255,0.11332941,0.01807441055297851
3110,10385649,22/23,2022-10-08,769,9,Bournemouth,Leicester City,home,0.11964444444444444,0.11669494,-0.0029495023277070764
3110,10385649,22/23,2022-10-08,9,769,Leicester City,Bournemouth,away,0.11358,0.114401646,0.0008216459584236141
3111,10385689,22/23,2022-10-08,21,5301,Newcastle United,Brentford,home,0.19791666666666666,0.1160191,-0.08189756671587625
3111,10385689,22/23,2022-10-08,5301,21,Brentford,Newcastle United,away,0.09565625,0.11950559,0.023849341690540315
3112,10385653,22/23,2022-10-08,2275,8,Brighton & Hove Albion,Tottenham Hotspur,home,0.0988625,0.11635948,0.017496979725360864
3112,10385653,22/23,2022-10-08,8,2275,Tottenham Hotspur,Brighton & Hove Albion,away,0.05122142857142857,0.115434036,0.0642126070874078
3113,10385687,22/23,2022-10-09,7,3027,West Ham United,Fulham,home,0.0872125,0.11130472,0.024092222726345064
3113,10385687,22/23,2022-10-09,3027,7,Fulham,West Ham United,away,0.1828,0.11522535,-0.06757464765310287
3114,10385686,22/23,2022-10-09,18,4546,Crystal Palace,Leeds United,home,0.09808,0.113299176,0.015219176096916198
3114,10385686,22/23,2022-10-09,4546,18,Leeds United,Crystal Palace,away,0.0829923076923077,0.11429654,0.03130423292563511
3115,10385644,22/23,2022-10-09,17,19,Arsenal,Liverpool FC,home,0.1412125,0.11919265,-0.02201984759569167
3115,10385644,22/23,2022-10-09,19,17,Liverpool FC,Arsenal,away,0.2873545454545455,0.12624244,-0.16111210153536365
3116,10385762,22/23,2022-10-09,10,1,Everton,Manchester United,home,0.12090833333333334,0.11527896,-0.005629374059041348
3116,10385762,22/23,2022-10-09,1,10,Manchester United,Everton,away,0.05882727272727273,0.10612922,0.04730194889090278
3117,10385761,22/23,2022-10-10,6072,12,Nottingham Forest,Aston Villa,home,0.057625,0.11076073,0.05313573348522186
3117,10385761,22/23,2022-10-10,12,6072,Aston Villa,Nottingham Forest,away,0.050916666666666666,0.11204272,0.061126050968964896
3118,10385682,22/23,2022-10-14,5301,2275,Brentford,Brighton & Hove Albion,home,0.09281428571428571,0.11634837,0.023534085195405147
3118,10385682,22/23,2022-10-14,2275,5301,Brighton & Hove Albion,Brentford,away,0.2094,0.11815887,-0.09124113055467606
3119,10385704,22/23,2022-10-15,9,18,Leicester City,Crystal Palace,home,0.0491125,0.11411091,0.06499840940237045
3119,10385704,22/23,2022-10-15,18,9,Crystal Palace,Leicester City,away,0.07360714285714286,0.11452404,0.040916893788746425
3120,10385705,22/23,2022-10-15,3033,6072,Wolverhampton,Nottingham Forest,home,0.14851,0.11149312,-0.037016881892681125
3120,10385705,22/23,2022-10-15,6072,3033,Nottingham Forest,Wolverhampton,away,0.14665555555555557,0.11570884,-0.030946712681982264
3121,10385696,22/23,2022-10-15,3027,769,Fulham,Bournemouth,home,0.10819,0.11428517,0.00609517103195191
3121,10385696,22/23,2022-10-15,769,3027,Bournemouth,Fulham,away,0.11190526315789473,0.11340781,0.0015025498547052152
3122,10385753,22/23,2022-10-15,8,10,Tottenham Hotspur,Everton,home,0.10675,0.11486436,0.008114356815814974
3122,10385753,22/23,2022-10-15,10,8,Everton,Tottenham Hotspur,away,0.10874761904761905,0.116242066,0.0074944469781148965
3123,10385693,22/23,2022-10-16,1,21,Manchester United,Newcastle United,home,0.10087777777777777,0.11734724,0.016469462670220272
3123,10385693,22/23,2022-10-16,21,1,Newcastle United,Manchester United,away,0.05469333333333333,0.114774995,0.06008166121880214
3124,10385680,22/23,2022-10-16,12,24,Aston Villa,Chelsea,home,0.1082375,0.11453274,0.006295238924026489
3124,10385680,22/23,2022-10-16,24,12,Chelsea,Aston Villa,away,0.09983333333333333,0.113972254,0.014138920764128371
3125,10385700,22/23,2022-10-16,4546,17,Leeds United,Arsenal,home,0.06105555555555556,0.11613017,0.05507461765077379
3125,10385700,22/23,2022-10-16,17,4546,Arsenal,Leeds United,away,0.11594375,0.110354275,-0.005589475488662718
3126,10385692,22/23,2022-10-16,20,7,Southampton,West Ham United,home,0.067208,0.11600128,0.04879327816200256
3126,10385692,22/23,2022-10-16,7,20,West Ham United,Southampton,away,0.04565,0.112827495,0.06717749474048615
3127,10385752,22/23,2022-10-16,19,22,Liverpool FC,Manchester City,home,0.061275,0.1254884,0.06421340045928955
3127,10385752,22/23,2022-10-16,22,19,Manchester City,Liverpool FC,away,0.15923076923076923,0.1205583,-0.038672470106528356
3128,10385713,22/23,2022-10-18,6072,2275,Nottingham Forest,Brighton & Hove Albion,away,0.08927368421052631,0.11559251,0.026318825297606624
3129,10385707,22/23,2022-10-18,18,3033,Crystal Palace,Wolverhampton,home,0.0843,0.12063407,0.03633407152891159
3129,10385707,22/23,2022-10-18,3033,18,Wolverhampton,Crystal Palace,away,0.08571428571428572,0.112243295,0.026529009001595633
3130,10385729,22/23,2022-10-19,19,7,Liverpool FC,West Ham United,home,0.2302,0.12464557,-0.10555443156957625
3130,10385729,22/23,2022-10-19,7,19,West Ham United,Liverpool FC,away,0.07964545454545455,0.11883603,0.03919057581858201
3131,10385718,22/23,2022-10-19,5301,24,Brentford,Chelsea,home,0.06172142857142857,0.110559136,0.048837707104001725
3131,10385718,22/23,2022-10-19,24,5301,Chelsea,Brentford,away,0.1566375,0.117020786,-0.03961671419143678
3132,10385715,22/23,2022-10-19,10,21,Everton,Newcastle United,away,0.091275,0.116763264,0.025488263940811162
3133,10385755,22/23,2022-10-19,769,20,Bournemouth,Southampton,home,0.11477777777777777,0.11476488,-1.290111409292527e-05
3133,10385755,22/23,2022-10-19,20,769,Southampton,Bournemouth,away,0.06949999999999999,0.11065823,0.04115822839736939
3134,10385725,22/23,2022-10-19,1,8,Manchester United,Tottenham Hotspur,home,0.0713,0.11948967,0.048189669799804685
3134,10385725,22/23,2022-10-19,8,1,Tottenham Hotspur,Manchester United,away,0.05752857142857143,0.11321651,0.0556879404766219
3135,10385708,22/23,2022-10-20,3027,12,Fulham,Aston Villa,home,0.09664166666666667,0.11603494,0.019393273218472798
3135,10385708,22/23,2022-10-20,12,3027,Aston Villa,Fulham,away,0.12158888888888889,0.11046592,-0.011122967427306701
3136,10385706,22/23,2022-10-20,9,4546,Leicester City,Leeds United,home,0.09507142857142857,0.11241348,0.01734205230644771
3136,10385706,22/23,2022-10-20,4546,9,Leeds United,Leicester City,away,0.15798,0.11530837,-0.04267163328409196
3137,10385728,22/23,2022-10-22,6072,19,Nottingham Forest,Liverpool FC,home,0.11068666666666667,0.11775716,0.007070489824612933
3137,10385728,22/23,2022-10-22,19,6072,Liverpool FC,Nottingham Forest,away,0.18523,0.114856645,-0.07037335453510285
3138,10385730,22/23,2022-10-22,22,2275,Manchester City,Brighton & Hove Albion,home,0.0660125,0.12034198,0.05432947896718979
3138,10385730,22/23,2022-10-22,2275,22,Brighton & Hove Albion,Manchester City,away,0.16268,0.12297698,-0.039703018896579734
3139,10385721,22/23,2022-10-22,10,18,Everton,Crystal Palace,home,0.10511111111111111,0.11217054,0.007059428685241273
3139,10385721,22/23,2022-10-22,18,10,Crystal Palace,Everton,away,0.17327777777777778,0.11494861,-0.058329169796572794
3140,10385751,22/23,2022-10-22,24,1,Chelsea,Manchester United,home,0.06450769230769231,0.11873356,0.05422587022139476
3140,10385751,22/23,2022-10-22,1,24,Manchester United,Chelsea,away,0.17735,0.113465495,-0.06388450459241868
3141,10385368,22/23,2022-10-23,20,17,Southampton,Arsenal,home,0.08288333333333334,0.11823999,0.035356658033529914
3141,10385368,22/23,2022-10-23,17,20,Arsenal,Southampton,away,0.06738,0.11450056,0.04712055986642838
3142,10385361,22/23,2022-10-23,3033,9,Wolverhampton,Leicester City,home,0.1783,0.11525189,-0.06304810868501662
3142,10385361,22/23,2022-10-23,9,3033,Leicester City,Wolverhampton,away,0.10279523809523809,0.12658659,0.023791348141715643
3143,10385754,22/23,2022-10-23,4546,3027,Leeds United,Fulham,home,0.16812727272727274,0.11406558,-0.05406169265725397
3143,10385754,22/23,2022-10-23,3027,4546,Fulham,Leeds United,away,0.12215714285714285,0.12466269,0.0025055470074926145
3144,10385732,22/23,2022-10-23,12,5301,Aston Villa,Brentford,home,0.07933333333333334,0.11276327,0.03342993740240732
3144,10385732,22/23,2022-10-23,5301,12,Brentford,Aston Villa,away,0.1524578947368421,0.11547514,-0.036982754224852504
3145,10385365,22/23,2022-10-23,8,21,Tottenham Hotspur,Newcastle United,home,0.09267692307692307,0.11884173,0.026164806981270133
3145,10385365,22/23,2022-10-23,21,8,Newcastle United,Tottenham Hotspur,away,0.0971529411764706,0.11571407,0.01856113200468175
3146,10385359,22/23,2022-10-24,7,769,West Ham United,Bournemouth,home,0.07732,0.11191759,0.03459759258508682
3146,10385359,22/23,2022-10-24,769,7,Bournemouth,West Ham United,away,0.095095,0.11725161,0.02215661224603653
3147,10385380,22/23,2022-10-29,9,22,Leicester City,Manchester City,home,0.06854,0.12042822,0.05188821943759918
3147,10385380,22/23,2022-10-29,22,9,Manchester City,Leicester City,away,0.07054,0.10955374,0.0390137394285202
3148,10385363,22/23,2022-10-29,2275,24,Brighton & Hove Albion,Chelsea,home,0.09287333333333334,0.11366761,0.020794273974100747
3148,10385363,22/23,2022-10-29,24,2275,Chelsea,Brighton & Hove Albion,away,0.13117894736842106,0.11697637,-0.014202574470796092
3149,10385366,22/23,2022-10-29,769,8,Bournemouth,Tottenham Hotspur,home,0.0929695652173913,0.114919044,0.02194947886000509
3149,10385366,22/23,2022-10-29,8,769,Tottenham Hotspur,Bournemouth,away,0.08935,0.1121388,0.022788800323009492
3150,10385362,22/23,2022-10-29,21,12,Newcastle United,Aston Villa,home,0.12226666666666666,0.116443604,-0.005823062435785925
3150,10385362,22/23,2022-10-29,12,21,Aston Villa,Newcastle United,away,0.17495,0.11707182,-0.057878177714347834
3151,10385367,22/23,2022-10-29,5301,3033,Brentford,Wolverhampton,home,0.046823076923076926,0.10806637,0.061243295650298776
3151,10385367,22/23,2022-10-29,3033,5301,Wolverhampton,Brentford,away,0.117825,0.11290918,-0.004915817093849181
3152,10385377,22/23,2022-10-29,18,20,Crystal Palace,Southampton,home,0.09393571428571429,0.11512641,0.021190694350855688
3152,10385377,22/23,2022-10-29,20,18,Southampton,Crystal Palace,away,0.0743,0.110690445,0.03639044470787048
3153,10385378,22/23,2022-10-29,3027,10,Fulham,Everton,home,0.10416666666666667,0.11373926,0.009572592874368027
3153,10385378,22/23,2022-10-29,10,3027,Everton,Fulham,away,0.080575,0.11346014,0.03288513844013215
3154,10385373,22/23,2022-10-29,19,4546,Liverpool FC,Leeds United,home,0.12660714285714286,0.12489305,-0.001714095941611704
3154,10385373,22/23,2022-10-29,4546,19,Leeds United,Liverpool FC,away,0.07904545454545454,0.11741397,0.03836851330236955
3155,10385364,22/23,2022-10-30,17,6072,Arsenal,Nottingham Forest,home,0.08626,0.11243295,0.02617294924497604
3155,10385364,22/23,2022-10-30,6072,17,Nottingham Forest,Arsenal,away,0.09705,0.11638565,0.019335653614997866
3156,10385360,22/23,2022-10-30,1,7,Manchester United,West Ham United,home,0.08309230769230769,0.12053173,0.03743942266152456
3156,10385360,22/23,2022-10-30,7,1,West Ham United,Manchester United,away,0.07724375,0.116568334,0.03932458440065384
3157,10385385,22/23,2022-11-05,22,3027,Manchester City,Fulham,home,0.237925,0.11699953,-0.12092547069787979
3157,10385385,22/23,2022-11-05,3027,22,Fulham,Manchester City,away,0.13005624999999998,0.12659925,-0.0034569977760314785
3158,10385374,22/23,2022-11-05,3033,2275,Wolverhampton,Brighton & Hove Albion,home,0.08239473684210526,0.11633331,0.03393857644419922
3158,10385374,22/23,2022-11-05,2275,3033,Brighton & Hove Albion,Wolverhampton,away,0.1533875,0.117141016,-0.03624648417234422
3159,10385384,22/23,2022-11-05,4546,769,Leeds United,Bournemouth,home,0.16432222222222223,0.114809394,-0.049512828339470766
3159,10385384,22/23,2022-11-05,769,4546,Bournemouth,Leeds United,away,0.12005,0.11509807,-0.004951933372020725
3160,10385388,22/23,2022-11-05,6072,5301,Nottingham Forest,Brentford,home,0.2427,0.11559519,-0.12710480828285217
3160,10385388,22/23,2022-11-05,5301,6072,Brentford,Nottingham Forest,away,0.09851333333333333,0.109244,0.01073066310803096
3161,10385390,22/23,2022-11-05,10,9,Everton,Leicester City,home,0.10744090909090909,0.110962406,0.00352149670991031
3161,10385390,22/23,2022-11-05,9,10,Leicester City,Everton,away,0.10326666666666667,0.11182109,0.008554425998528792
3162,10385376,22/23,2022-11-06,24,17,Chelsea,Arsenal,home,0.16097142857142857,0.122375995,-0.03859543365069798
3162,10385376,22/23,2022-11-06,17,24,Arsenal,Chelsea,away,0.0583,0.11242836,0.05412835968732834
3163,10385379,22/23,2022-11-06,12,1,Aston Villa,Manchester United,home,0.06475,0.10994933,0.04519932800531387
3163,10385379,22/23,2022-11-06,1,12,Manchester United,Aston Villa,away,0.11018333333333333,0.11844028,0.00825694454113643
3164,10385372,22/23,2022-11-06,7,18,West Ham United,Crystal Palace,home,0.06810666666666666,0.117802784,0.0496961171801885
3164,10385372,22/23,2022-11-06,18,7,Crystal Palace,West Ham United,away,0.05236,0.117033646,0.06467364551067353
3165,10385371,22/23,2022-11-06,20,21,Southampton,Newcastle United,home,0.12281428571428571,0.11653421,-0.006280074972765781
3165,10385371,22/23,2022-11-06,21,20,Newcastle United,Southampton,away,0.10904375,0.11202092,0.0029771672368049673
3166,10385375,22/23,2022-11-06,8,19,Tottenham Hotspur,Liverpool FC,home,0.0911,0.1215442,0.03044419720172882
3166,10385375,22/23,2022-11-06,19,8,Liverpool FC,Tottenham Hotspur,away,0.0861,0.120317735,0.0342177347779274
3167,10385383,22/23,2022-11-12,22,5301,Manchester City,Brentford,home,0.12861999999999998,0.11425832,-0.014361680860519394
3167,10385383,22/23,2022-11-12,5301,22,Brentford,Manchester City,away,0.055441379310344825,0.1164918,0.06105042272641741
3168,10385400,22/23,2022-11-12,19,20,Liverpool FC,Southampton,home,0.11702222222222222,0.112707645,-0.004314577521218194
3168,10385400,22/23,2022-11-12,20,19,Southampton,Liverpool FC,away,0.1298,0.117187954,-0.012612045514583586
3169,10385387,22/23,2022-11-12,8,4546,Tottenham Hotspur,Leeds United,home,0.093125,0.11903712,0.025912121534347535
3169,10385387,22/23,2022-11-12,4546,8,Leeds United,Tottenham Hotspur,away,0.12935,0.11626237,-0.013087631142139428
3170,10385395,22/23,2022-11-12,7,9,West Ham United,Leicester City,home,0.19733333333333333,0.11465113,-0.08268220468362172
3170,10385395,22/23,2022-11-12,9,7,Leicester City,West Ham United,away,0.07779444444444444,0.1138671,0.036072652158472274
3171,10385386,22/23,2022-11-12,769,10,Bournemouth,Everton,home,0.05516666666666667,0.111484095,0.056317428787549334
3171,10385386,22/23,2022-11-12,10,769,Everton,Bournemouth,away,0.158375,0.11172677,-0.04664823168516158
3172,10385382,22/23,2022-11-12,6072,18,Nottingham Forest,Crystal Palace,home,0.1538375,0.114969544,-0.038867955887317646
3172,10385382,22/23,2022-11-12,18,6072,Crystal Palace,Nottingham Forest,away,0.12752222222222223,0.11407898,-0.013443238557709597
3173,10385381,22/23,2022-11-12,21,24,Newcastle United,Chelsea,home,0.05916,0.10797527,0.04881526687383652
3173,10385381,22/23,2022-11-12,24,21,Chelsea,Newcastle United,away,0.10677,0.11874716,0.011977159838676449
3174,10385393,22/23,2022-11-12,3033,17,Wolverhampton,Arsenal,home,0.1521357142857143,0.118790895,-0.033344819538933895
3174,10385393,22/23,2022-11-12,17,3033,Arsenal,Wolverhampton,away,0.06174545454545455,0.11428383,0.05253837538198991
3175,10385389,22/23,2022-11-13,2275,12,Brighton & Hove Albion,Aston Villa,home,0.186025,0.12141058,-0.06461442151069641
3175,10385389,22/23,2022-11-13,12,2275,Aston Villa,Brighton & Hove Albion,away,0.09372857142857142,0.11605283,0.022324257300581254
3176,10385399,22/23,2022-11-13,3027,1,Fulham,Manchester United,home,0.18544285714285713,0.11355241,-0.07189045071261269
3176,10385399,22/23,2022-11-13,1,3027,Manchester United,Fulham,away,0.09795,0.1172908,0.019340802299976353
3177,10385397,22/23,2022-12-26,5301,8,Brentford,Tottenham Hotspur,home,0.07124666666666667,0.11357329,0.04232662374099096
3177,10385397,22/23,2022-12-26,8,5301,Tottenham Hotspur,Brentford,away,0.24172222222222223,0.11927943,-0.12244279290570154
3178,10385406,22/23,2022-12-26,9,21,Leicester City,Newcastle United,home,0.15849166666666667,0.117776744,-0.040714922598997755
3178,10385406,22/23,2022-12-26,21,9,Newcastle United,Leicester City,away,0.0645125,0.11316318,0.04865068064928055
3179,10385391,22/23,2022-12-26,10,3033,Everton,Wolverhampton,home,0.11204285714285714,0.112046875,4.017916747506289e-06
3179,10385391,22/23,2022-12-26,3033,10,Wolverhampton,Everton,away,0.14493333333333333,0.11243269,-0.03250064485867818
3180,10385394,22/23,2022-12-26,18,3027,Crystal Palace,Fulham,home,0.11515217391304348,0.118313804,0.0031616303557934905
3180,10385394,22/23,2022-12-26,3027,18,Fulham,Crystal Palace,away,0.09995,0.11297411,0.013024107265472415
3181,10385404,22/23,2022-12-26,20,2275,Southampton,Brighton & Hove Albion,home,0.09155714285714285,0.11397596,0.02241881417887552
3181,10385404,22/23,2022-12-26,2275,20,Brighton & Hove Albion,Southampton,away,0.13672142857142858,0.11463922,-0.022082205949510852
3182,10385398,22/23,2022-12-26,12,19,Aston Villa,Liverpool FC,home,0.16915625,0.1175897,-0.051566552758216866
3182,10385398,22/23,2022-12-26,19,12,Liverpool FC,Aston Villa,away,0.11963333333333333,0.11804972,-0.0015836148937543176
3183,10385396,22/23,2022-12-26,17,7,Arsenal,West Ham United,home,0.1297625,0.11559652,-0.014165982079505923
3183,10385396,22/23,2022-12-26,7,17,West Ham United,Arsenal,away,0.13760625,0.11774551,-0.019860738766193403
3184,10385392,22/23,2022-12-27,24,769,Chelsea,Bournemouth,home,0.05967777777777778,0.11415596,0.05447818528546227
3184,10385392,22/23,2022-12-27,769,24,Bournemouth,Chelsea,away,0.12275333333333334,0.10865422,-0.014099109950860347
3185,10385401,22/23,2022-12-27,1,6072,Manchester United,Nottingham Forest,home,0.0941375,0.110482976,0.016345475840568544
3185,10385401,22/23,2022-12-27,6072,1,Nottingham Forest,Manchester United,away,0.1468529411764706,0.11502176,-0.03183118339496502
3186,10385403,22/23,2022-12-28,4546,22,Leeds United,Manchester City,home,0.17249615384615385,0.11657212,-0.05592403455055678
3186,10385403,22/23,2022-12-28,22,4546,Manchester City,Leeds United,away,0.06493333333333333,0.113087974,0.04815464115540187
3187,10385402,22/23,2022-12-30,7,5301,West Ham United,Brentford,home,0.19957777777777777,0.116220705,-0.0833570725666152
3187,10385402,22/23,2022-12-30,5301,7,Brentford,West Ham United,away,0.06475,0.107654706,0.04290470564365387
3188,10385405,22/23,2022-12-30,19,9,Liverpool FC,Leicester City,home,0.1417,0.1156713,-0.02602870060205459
3188,10385405,22/23,2022-12-30,9,19,Leicester City,Liverpool FC,away,0.1069952380952381,0.11827043,0.011275188893363583
3189,10385408,22/23,2022-12-31,3033,1,Wolverhampton,Manchester United,home,0.1233125,0.11599438,-0.007318121075630193
3189,10385408,22/23,2022-12-31,1,3033,Manchester United,Wolverhampton,away,0.06676,0.11031152,0.04355152307987213
3190,10385418,22/23,2022-12-31,10,22,Everton,Manchester City,away,0.1137875,0.11863696,0.0048494583010673525
3191,10385413,22/23,2022-12-31,21,4546,Newcastle United,Leeds United,home,0.04785,0.1126631,0.06481309767961502
3191,10385413,22/23,2022-12-31,4546,21,Leeds United,Newcastle United,away,0.13606875,0.12090116,-0.015167590057849872
3192,10385407,22/23,2022-12-31,3027,20,Fulham,Southampton,home,0.09582222222222223,0.112574555,0.016752332757578953
3192,10385407,22/23,2022-12-31,20,3027,Southampton,Fulham,away,0.189925,0.117187954,-0.0727370455145836
3193,10385410,22/23,2022-12-31,769,18,Bournemouth,Crystal Palace,home,0.11058,0.113064535,0.002484534962177279
3193,10385410,22/23,2022-12-31,18,769,Crystal Palace,Bournemouth,away,0.09873333333333334,0.112453565,0.013720231668154392
3194,10385409,22/23,2022-12-31,2275,17,Brighton & Hove Albion,Arsenal,home,0.2156857142857143,0.12382412,-0.09186159471784319
3194,10385409,22/23,2022-12-31,17,2275,Arsenal,Brighton & Hove Albion,away,0.13002222222222223,0.1121908,-0.01783142429722681
3195,10385414,22/23,2023-01-01,8,12,Tottenham Hotspur,Aston Villa,home,0.08020769230769231,0.11667857,0.03647088088347361
3195,10385414,22/23,2023-01-01,12,8,Aston Villa,Tottenham Hotspur,away,0.10971666666666667,0.115253985,0.005537318261464433
3196,10385412,22/23,2023-01-01,6072,24,Nottingham Forest,Chelsea,home,0.135,0.11127761,-0.023722389936447152
3196,10385412,22/23,2023-01-01,24,6072,Chelsea,Nottingham Forest,away,0.11924166666666666,0.113397464,-0.005844202510515845
3197,10385428,22/23,2023-01-02,5301,19,Brentford,Liverpool FC,home,0.124725,0.1135244,-0.011200600302219393
3197,10385428,22/23,2023-01-02,19,5301,Liverpool FC,Brentford,away,0.23117000000000001,0.1259386,-0.10523140565872194
3198,10385416,22/23,2023-01-03,17,21,Arsenal,Newcastle United,home,0.13272499999999998,0.12039813,-0.012326873457431775
3198,10385416,22/23,2023-01-03,21,17,Newcastle United,Arsenal,away,0.06573529411764706,0.11532968,0.04959438870934879
3199,10385419,22/23,2023-01-03,9,3027,Leicester City,Fulham,home,0.15316363636363636,0.11841454,-0.03474909279454838
3199,10385419,22/23,2023-01-03,3027,9,Fulham,Leicester City,away,0.11334,0.11559618,0.0022561826443672217
3200,10385421,22/23,2023-01-03,10,2275,Everton,Brighton & Hove Albion,home,0.11434736842105263,0.11503853,0.0006911606173766321
3200,10385421,22/23,2023-01-03,2275,10,Brighton & Hove Albion,Everton,away,0.12871,0.11383946,-0.014870537600517264
3201,10385415,22/23,2023-01-03,1,769,Manchester United,Bournemouth,home,0.08222857142857143,0.1115973,0.029368728147234235
3201,10385415,22/23,2023-01-03,769,1,Bournemouth,Manchester United,away,0.12540555555555555,0.11907275,-0.006332805344793524
3202,10385411,22/23,2023-01-04,20,6072,Southampton,Nottingham Forest,home,0.12702727272727274,0.11180903,-0.015218242552063693
3202,10385411,22/23,2023-01-04,6072,20,Nottingham Forest,Southampton,away,0.0611625,0.11365239,0.05248989322185516
3203,10385417,22/23,2023-01-04,4546,7,Leeds United,West Ham United,home,0.09508666666666667,0.11301235,0.017925684429009756
3203,10385417,22/23,2023-01-04,7,4546,West Ham United,Leeds United,away,0.11582857142857143,0.116250165,0.00042159337827137044
3204,10385424,22/23,2023-01-04,18,8,Crystal Palace,Tottenham Hotspur,home,0.09905714285714286,0.11570619,0.01664904760973794
3204,10385424,22/23,2023-01-04,8,18,Tottenham Hotspur,Crystal Palace,away,0.04346315789473684,0.112698115,0.06923495751368372
3205,10385420,22/23,2023-01-04,12,3033,Aston Villa,Wolverhampton,home,0.10069,0.10854491,0.007854908463954924
3205,10385420,22/23,2023-01-04,3033,12,Wolverhampton,Aston Villa,away,0.13783076923076923,0.115074,-0.022756767978118014
3206,10385429,22/23,2023-01-05,24,22,Chelsea,Manchester City,home,0.16705833333333334,0.12607527,-0.04098306554158529
3206,10385429,22/23,2023-01-05,22,24,Manchester City,Chelsea,away,0.051425,0.112783015,0.06135801477432251
3207,10913240,22/23,2023-01-12,3027,24,Fulham,Chelsea,home,0.109455,0.11182547,0.0023704736065864596
3207,10913240,22/23,2023-01-12,24,3027,Chelsea,Fulham,away,0.1228625,0.12095914,-0.0019033596396446223
3208,10385423,22/23,2023-01-13,12,4546,Aston Villa,Leeds United,home,0.15725,0.11501419,-0.04223581200838089
3208,10385423,22/23,2023-01-13,4546,12,Leeds United,Aston Villa,away,0.11410909090909091,0.11420334,9.425039616497988e-05
3209,10385426,22/23,2023-01-14,1,22,Manchester United,Manchester City,home,0.13,0.12368201,-0.006317992806434636
3209,10385426,22/23,2023-01-14,22,1,Manchester City,Manchester United,away,0.2146625,0.12800725,-0.08665525195598603
3210,10385436,22/23,2023-01-14,2275,19,Brighton & Hove Albion,Liverpool FC,home,0.17431666666666668,0.123127,-0.051189668122927356
3210,10385436,22/23,2023-01-14,19,2275,Liverpool FC,Brighton & Hove Albion,away,0.12105,0.11037683,-0.010673172581195836
3211,10385425,22/23,2023-01-14,6072,9,Nottingham Forest,Leicester City,home,0.17003333333333334,0.115858376,-0.05417495730717978
3211,10385425,22/23,2023-01-14,9,6072,Leicester City,Nottingham Forest,away,0.15738,0.11616041,-0.04121959233760833
3212,10385438,22/23,2023-01-14,3033,7,Wolverhampton,West Ham United,home,0.067525,0.11213364,0.04460863707065582
3212,10385438,22/23,2023-01-14,7,3033,West Ham United,Wolverhampton,away,0.05173529411764706,0.11197772,0.06024242465285694
3213,10385422,22/23,2023-01-14,10,20,Everton,Southampton,home,0.09183846153846154,0.1152531,0.023414636770578534
3213,10385422,22/23,2023-01-14,20,10,Southampton,Everton,away,0.114475,0.111086264,-0.0033887357473373347
3214,10385439,22/23,2023-01-14,5301,769,Brentford,Bournemouth,home,0.08554285714285714,0.10513488,0.019592024890014104
3214,10385439,22/23,2023-01-14,769,5301,Bournemouth,Brentford,away,0.116325,0.11807342,0.0017484187364578269
3215,10385435,22/23,2023-01-15,24,18,Chelsea,Crystal Palace,home,0.067,0.11477575,0.04777574706077575
3215,10385435,22/23,2023-01-15,18,24,Crystal Palace,Chelsea,away,0.10116666666666667,0.11349041,0.012323743482430774
3216,10385427,22/23,2023-01-15,21,3027,Newcastle United,Fulham,home,0.22288,0.11434106,-0.10853894216299056
3216,10385427,22/23,2023-01-15,3027,21,Fulham,Newcastle United,away,0.11796,0.11757867,-0.0003813296175003006
3217,10385433,22/23,2023-01-15,8,17,Tottenham Hotspur,Arsenal,home,0.13210714285714287,0.12278434,-0.009322803965636672
3217,10385433,22/23,2023-01-15,17,8,Arsenal,Tottenham Hotspur,away,0.09434705882352941,0.11310388,0.018756822654780222
3218,10979293,22/23,2023-01-18,18,1,Crystal Palace,Manchester United,home,0.13888,0.119017765,-0.019862235074043277
3218,10979293,22/23,2023-01-18,1,18,Manchester United,Crystal Palace,away,0.05295,0.10774257,0.054792570340633395
3219,10913242,22/23,2023-01-19,22,8,Manchester City,Tottenham Hotspur,home,0.09002222222222223,0.12121447,0.03119224953518973
3219,10913242,22/23,2023-01-19,8,22,Tottenham Hotspur,Manchester City,away,0.1481125,0.12415045,-0.023962052452564248
3220,10385443,22/23,2023-01-21,19,24,Liverpool FC,Chelsea,home,0.15043636363636365,0.12378536,-0.02665100198875775
3220,10385443,22/23,2023-01-21,24,19,Chelsea,Liverpool FC,away,0.09344666666666666,0.11907356,0.025626895657380425
3221,10385434,22/23,2023-01-21,9,2275,Leicester City,Brighton & Hove Albion,home,0.16455384615384616,0.11706819,-0.0474856597515253
3221,10385434,22/23,2023-01-21,2275,9,Brighton & Hove Albion,Leicester City,away,0.11041111111111111,0.11379727,0.0033861586504512348
3222,10385444,22/23,2023-01-21,7,10,West Ham United,Everton,home,0.1103,0.11211864,0.0018186390519142198
3222,10385444,22/23,2023-01-21,10,7,Everton,West Ham United,away,0.20671818181818183,0.11428087,-0.09243730977123435
3223,10385449,22/23,2023-01-21,20,12,Southampton,Aston Villa,home,0.08615625,0.1144296,0.02827335053682327
3223,10385449,22/23,2023-01-21,12,20,Aston Villa,Southampton,away,0.0719125,0.11199196,0.040079456830024715
3224,10385431,22/23,2023-01-21,769,6072,Bournemouth,Nottingham Forest,home,0.096715,0.11403631,0.01732130673885346
3224,10385431,22/23,2023-01-21,6072,769,Nottingham Forest,Bournemouth,away,0.08844375,0.1123079,0.023864148700237273
3225,10385430,22/23,2023-01-21,18,21,Crystal Palace,Newcastle United,home,0.078325,0.116999574,0.038674574005603785
3225,10385430,22/23,2023-01-21,21,18,Newcastle United,Crystal Palace,away,0.05001666666666667,0.10387467,0.05385800181229909
3226,10385445,22/23,2023-01-22,22,3033,Manchester City,Wolverhampton,home,0.07923,0.10862114,0.029391142804622655
3226,10385445,22/23,2023-01-22,3033,22,Wolverhampton,Manchester City,away,0.21363076923076924,0.11865222,-0.09497855214063938
3227,10385432,22/23,2023-01-22,4546,5301,Leeds United,Brentford,home,0.06673333333333334,0.11607456,0.04934122873942057
3227,10385432,22/23,2023-01-22,5301,4546,Brentford,Leeds United,away,0.05494444444444444,0.108818255,0.053873810920450425
3228,10652685,22/23,2023-01-22,17,1,Arsenal,Manchester United,home,0.059583333333333335,0.11734883,0.057765494088331856
3228,10652685,22/23,2023-01-22,1,17,Manchester United,Arsenal,away,0.129972,0.12215173,-0.00782026755523682
3229,10385437,22/23,2023-01-23,3027,8,Fulham,Tottenham Hotspur,home,0.09111,0.111661606,0.020551605536937717
3229,10385437,22/23,2023-01-23,8,3027,Tottenham Hotspur,Fulham,away,0.09931,0.117011525,0.01770152473688126
3230,10385441,22/23,2023-02-03,24,3027,Chelsea,Fulham,home,0.06475,0.11763061,0.05288060837984085
3230,10385441,22/23,2023-02-03,3027,24,Fulham,Chelsea,away,0.11116666666666666,0.11394034,0.002773676594098412
3231,10385450,22/23,2023-02-04,10,17,Everton,Arsenal,home,0.06102,0.11915679,0.05813679275989533
3231,10385450,22/23,2023-02-04,17,10,Arsenal,Everton,away,0.13919166666666666,0.112712264,-0.026479402605692537
3232,10688772,22/23,2023-02-04,1,18,Manchester United,Crystal Palace,home,0.13644,0.11115702,-0.02528297758340836
3232,10688772,22/23,2023-02-04,18,1,Crystal Palace,Manchester United,away,0.14732142857142858,0.11749137,-0.029830056641783037
3233,10385454,22/23,2023-02-04,3033,19,Wolverhampton,Liverpool FC,home,0.08887272727272727,0.11799139,0.029118660571358423
3233,10385454,22/23,2023-02-04,19,3033,Liverpool FC,Wolverhampton,away,0.17084166666666667,0.11291999,-0.057921672968069715
3234,10385448,22/23,2023-02-04,12,9,Aston Villa,Leicester City,home,0.28515555555555555,0.13115078,-0.15400477344724867
3234,10385448,22/23,2023-02-04,9,12,Leicester City,Aston Villa,away,0.09051052631578947,0.11656042,0.026049895568270434
3235,10385440,22/23,2023-02-04,2275,769,Brighton & Hove Albion,Bournemouth,home,0.09850833333333334,0.11354202,0.015033686987558997
3235,10385440,22/23,2023-02-04,769,2275,Bournemouth,Brighton & Hove Albion,away,0.126015,0.1194908,-0.006524197711944568
3236,10385446,22/23,2023-02-04,5301,20,Brentford,Southampton,home,0.04743571428571428,0.10925945,0.061823734659808026
3236,10385446,22/23,2023-02-04,20,5301,Southampton,Brentford,away,0.15550714285714284,0.115903534,-0.039603608861991324
3237,10385458,22/23,2023-02-04,21,7,Newcastle United,West Ham United,home,0.10079,0.115401156,0.014611156246662135
3237,10385458,22/23,2023-02-04,7,21,West Ham United,Newcastle United,away,0.1257,0.11698331,-0.0087166906118393
3238,10385459,22/23,2023-02-05,6072,4546,Nottingham Forest,Leeds United,home,0.08899,0.10911895,0.020128953347206116
3238,10385459,22/23,2023-02-05,4546,6072,Leeds United,Nottingham Forest,away,0.06506666666666666,0.11474053,0.049673861499627436
3239,10385442,22/23,2023-02-05,8,22,Tottenham Hotspur,Manchester City,home,0.08812,0.1176457,0.029525703256130215
3239,10385442,22/23,2023-02-05,22,8,Manchester City,Tottenham Hotspur,away,0.1217,0.10925936,-0.012440640461444857
3240,11007089,22/23,2023-02-08,1,4546,Manchester United,Leeds United,home,0.0792625,0.111253485,0.03199098508358002
3240,11007089,22/23,2023-02-08,4546,1,Leeds United,Manchester United,away,0.08514166666666667,0.118114755,0.03297308789094289
3241,10385467,22/23,2023-02-11,7,24,West Ham United,Chelsea,home,0.09546666666666667,0.11335997,0.017893306167920425
3241,10385467,22/23,2023-02-11,24,7,Chelsea,West Ham United,away,0.12927,0.121521235,-0.0077487654876708945
3242,10385451,22/23,2023-02-11,17,5301,Arsenal,Brentford,home,0.22325555555555557,0.11694266,-0.10631289653513168
3242,10385451,22/23,2023-02-11,5301,17,Brentford,Arsenal,away,0.06755217391304348,0.11327224,0.04572006833501484
3243,10385466,22/23,2023-02-11,9,8,Leicester City,Tottenham Hotspur,home,0.12403636363636364,0.11196447,-0.012071891998160972
3243,10385466,22/23,2023-02-11,8,9,Tottenham Hotspur,Leicester City,away,0.11212666666666667,0.11524356,0.003116894899209341
3244,10385468,22/23,2023-02-11,18,2275,Crystal Palace,Brighton & Hove Albion,home,0.14679411764705882,0.117388315,-0.029405802148229937
3244,10385468,22/23,2023-02-11,2275,18,Brighton & Hove Albion,Crystal Palace,away,0.18080000000000002,0.112770736,-0.06802926378250124
3245,10385461,22/23,2023-02-11,3027,6072,Fulham,Nottingham Forest,home,0.0658,0.11586368,0.05006368083953858
3245,10385461,22/23,2023-02-11,6072,3027,Nottingham Forest,Fulham,away,0.0973375,0.11040796,0.01307046339511872
3246,10385457,22/23,2023-02-11,20,3033,Southampton,Wolverhampton,home,0.07574545454545455,0.11074053,0.03499507296518846
3246,10385457,22/23,2023-02-11,3033,20,Wolverhampton,Southampton,away,0.06836470588235294,0.11248377,0.04411906377287472
3247,10385460,22/23,2023-02-11,769,21,Bournemouth,Newcastle United,home,0.09645333333333334,0.11626445,0.01981111423651377
3247,10385460,22/23,2023-02-11,21,769,Newcastle United,Bournemouth,away,0.1421818181818182,0.107341684,-0.03484013378078288
3248,10385464,22/23,2023-02-12,4546,1,Leeds United,Manchester United,home,0.10162727272727273,0.11842344,0.016796166835047976
3248,10385464,22/23,2023-02-12,1,4546,Manchester United,Leeds United,away,0.11465625,0.112841144,-0.0018151057958602917
3249,10385452,22/23,2023-02-12,22,12,Manchester City,Aston Villa,home,0.04566666666666667,0.11599046,0.07032379325230917
3249,10385452,22/23,2023-02-12,12,22,Aston Villa,Manchester City,away,0.19787058823529413,0.11846862,-0.07940196835223368
3250,10385456,22/23,2023-02-13,19,10,Liverpool FC,Everton,home,0.0611,0.11429559,0.0531955869436264
3250,10385456,22/23,2023-02-13,10,19,Everton,Liverpool FC,away,0.15559333333333333,0.11835881,-0.03723452010711034
3251,10913239,22/23,2023-02-15,17,22,Arsenal,Manchester City,home,0.20595555555555556,0.13003485,-0.07592070650789473
3251,10913239,22/23,2023-02-15,22,17,Manchester City,Arsenal,away,0.16418,0.122157425,-0.04202257531166076
3252,10385462,22/23,2023-02-18,12,17,Aston Villa,Arsenal,home,0.16421,0.11822979,-0.04598020847797393
3252,10385462,22/23,2023-02-18,17,12,Arsenal,Aston Villa,away,0.07322857142857143,0.11733358,0.04410501210519245
3253,10385465,22/23,2023-02-18,6072,22,Nottingham Forest,Manchester City,home,0.10807391304347826,0.11891725,0.01084333609964537
3253,10385465,22/23,2023-02-18,22,6072,Manchester City,Nottingham Forest,away,0.237325,0.1280862,-0.10923880560398103
3254,10385472,22/23,2023-02-18,24,20,Chelsea,Southampton,home,0.0764,0.1114229,0.035022896385192875
3254,10385472,22/23,2023-02-18,20,24,Southampton,Chelsea,away,0.0953764705882353,0.11644952,0.021073049403639396
3255,10385463,22/23,2023-02-18,10,4546,Everton,Leeds United,home,0.0670375,0.11541288,0.0483753834605217
3255,10385463,22/23,2023-02-18,4546,10,Leeds United,Everton,away,0.10149333333333334,0.11026581,0.008772472983996069
3256,10385475,22/23,2023-02-18,2275,3027,Brighton & Hove Albion,Fulham,home,0.0677,0.11127274,0.04357273738384247
3256,10385475,22/23,2023-02-18,3027,2275,Fulham,Brighton & Hove Albion,away,0.10593333333333334,0.117281854,0.011348520819346106
3257,10385479,22/23,2023-02-18,3033,769,Wolverhampton,Bournemouth,home,0.21478,0.1126288,-0.10215119734287262
3257,10385479,22/23,2023-02-18,769,3033,Bournemouth,Wolverhampton,away,0.08578666666666666,0.11405775,0.028271082843144738
3258,10385474,22/23,2023-02-18,5301,18,Brentford,Crystal Palace,home,0.10907,0.105518766,-0.0035512342524528506
3258,10385474,22/23,2023-02-18,18,5301,Crystal Palace,Brentford,away,0.07406666666666667,0.11749137,0.04342470526297887
3259,10385470,22/23,2023-02-18,21,19,Newcastle United,Liverpool FC,home,0.14365384615384616,0.114136964,-0.029516882071128264
3259,10385470,22/23,2023-02-18,19,21,Liverpool FC,Newcastle United,away,0.14565714285714285,0.12280378,-0.022853365400859277
3260,10652688,22/23,2023-02-19,1,9,Manchester United,Leicester City,home,0.08572631578947368,0.12153733,0.03581101197694478
3260,10652688,22/23,2023-02-19,9,1,Leicester City,Manchester United,away,0.17184615384615384,0.11682695,-0.05501920234240018
3261,10385477,22/23,2023-02-19,8,7,Tottenham Hotspur,West Ham United,home,0.08065,0.11544047,0.03479047296047211
3261,10385477,22/23,2023-02-19,7,8,West Ham United,Tottenham Hotspur,away,0.09710625,0.1099843,0.012878051030635829
3262,10385473,22/23,2023-02-24,3027,3033,Fulham,Wolverhampton,home,0.097425,0.1142745,0.01684950180053711
3262,10385473,22/23,2023-02-24,3033,3027,Wolverhampton,Fulham,away,0.04598,0.1129847,0.06700470199108124
3263,10385480,22/23,2023-02-25,9,17,Leicester City,Arsenal,home,0.06646,0.1155006,0.04904059914588928
3264,10385471,22/23,2023-02-25,10,12,Everton,Aston Villa,home,0.21533333333333332,0.1122573,-0.10307603152592976
3264,10385471,22/23,2023-02-25,12,10,Aston Villa,Everton,away,0.1141,0.11136365,-0.0027363506317138603
3265,10385482,22/23,2023-02-25,7,6072,West Ham United,Nottingham Forest,home,0.0522125,0.116414964,0.06420246419906617
3265,10385482,22/23,2023-02-25,6072,7,Nottingham Forest,West Ham United,away,0.15145,0.11570602,-0.03574398089647293
3266,10385478,22/23,2023-02-25,4546,20,Leeds United,Southampton,home,0.0474125,0.10980839,0.06239589282274246
3266,10385478,22/23,2023-02-25,20,4546,Southampton,Leeds United,away,0.06466428571428572,0.11004102,0.0453767365864345
3267,10385476,22/23,2023-02-25,769,22,Bournemouth,Manchester City,home,0.125975,0.11880537,-0.007169628775119785
3267,10385476,22/23,2023-02-25,22,769,Manchester City,Bournemouth,away,0.10125384615384615,0.11849041,0.017236566677460305
3268,10385486,22/23,2023-02-25,18,19,Crystal Palace,Liverpool FC,home,0.07474166666666666,0.11688188,0.04214021051724752
3268,10385486,22/23,2023-02-25,19,18,Liverpool FC,Crystal Palace,away,0.11608333333333333,0.11361196,-0.002471374412377672
3269,10385488,22/23,2023-02-26,8,24,Tottenham Hotspur,Chelsea,home,0.04184,0.11437787,0.07253787115573883
3269,10385488,22/23,2023-02-26,24,8,Chelsea,Tottenham Hotspur,away,0.0999125,0.11293709,0.013024592781066893
3270,11047751,22/23,2023-03-01,17,10,Arsenal,Everton,home,0.1497375,0.11204378,-0.037693716931343074
3270,11047751,22/23,2023-03-01,10,17,Everton,Arsenal,away,0.1782,0.12217181,-0.056028188240528104
3271,11047752,22/23,2023-03-01,19,3033,Liverpool FC,Wolverhampton,home,0.22895,0.123178616,-0.10577138383388518
3271,11047752,22/23,2023-03-01,3033,19,Wolverhampton,Liverpool FC,away,0.17384,0.118235566,-0.05560443427801132
3272,10517280,22/23,2023-03-04,22,21,Manchester City,Newcastle United,home,0.08614,0.12215648,0.03601647846460343
3272,10517280,22/23,2023-03-04,21,22,Newcastle United,Manchester City,away,0.12207272727272728,0.116220206,-0.005852521250464704
3273,10385495,22/23,2023-03-04,24,4546,Chelsea,Leeds United,home,0.09564545454545455,0.115173176,0.01952772138552232
3273,10385495,22/23,2023-03-04,4546,24,Leeds United,Chelsea,away,0.11224615384615384,0.11685844,0.0046122838112024195
3274,10385490,22/23,2023-03-04,17,769,Arsenal,Bournemouth,home,0.33175,0.13715488,-0.19459512281417846
3274,10385490,22/23,2023-03-04,769,17,Bournemouth,Arsenal,away,0.07099354838709677,0.117666535,0.04667298669238244
3275,10385492,22/23,2023-03-04,3033,8,Wolverhampton,Tottenham Hotspur,home,0.057171428571428574,0.11363244,0.05646101199558803
3275,10385492,22/23,2023-03-04,8,3033,Tottenham Hotspur,Wolverhampton,away,0.065775,0.11115023,0.04537522748708725
3276,10385487,22/23,2023-03-04,2275,7,Brighton & Hove Albion,West Ham United,home,0.11016666666666666,0.12063591,0.010469245155652368
3276,10385487,22/23,2023-03-04,7,2275,West Ham United,Brighton & Hove Albion,away,0.18479,0.11785959,-0.0669304129266739
3277,10385485,22/23,2023-03-04,12,18,Aston Villa,Crystal Palace,home,0.057633333333333335,0.11230862,0.05467528807322184
3277,10385485,22/23,2023-03-04,18,12,Crystal Palace,Aston Villa,away,0.1497125,0.111917935,-0.03779456468820572
3278,10385496,22/23,2023-03-04,20,9,Southampton,Leicester City,home,0.17586363636363636,0.11652295,-0.059340683449398385
3278,10385496,22/23,2023-03-04,9,20,Leicester City,Southampton,away,0.1251,0.11118612,-0.013913883066177357
3279,10385507,22/23,2023-03-05,6072,10,Nottingham Forest,Everton,home,0.17038,0.11646605,-0.053913947169780735
3279,10385507,22/23,2023-03-05,10,6072,Everton,Nottingham Forest,away,0.08735,0.11594052,0.028590518677234653
3280,10652686,22/23,2023-03-05,19,1,Liverpool FC,Manchester United,home,0.1025375,0.119226396,0.016688896083831783
3280,10652686,22/23,2023-03-05,1,19,Manchester United,Liverpool FC,away,0.15466666666666667,0.119941056,-0.034725610891977954
3281,11014934,22/23,2023-03-06,5301,3027,Brentford,Fulham,home,0.1814111111111111,0.10759019,-0.073820920044846
3281,11014934,22/23,2023-03-06,3027,5301,Fulham,Brentford,away,0.15695714285714285,0.115735866,-0.041221276727744505
3282,10385494,22/23,2023-03-11,769,19,Bournemouth,Liverpool FC,home,0.11655333333333333,0.118598066,0.0020447329370180817
3282,10385494,22/23,2023-03-11,19,769,Liverpool FC,Bournemouth,away,0.1719,0.1174514,-0.054448600435256955
3283,10385513,22/23,2023-03-11,9,24,Leicester City,Chelsea,home,0.13064166666666666,0.12152032,-0.009121348575750976
3283,10385513,22/23,2023-03-11,24,9,Chelsea,Leicester City,away,0.14860588235294117,0.118087426,-0.03051845652496113
3284,10385504,22/23,2023-03-11,8,6072,Tottenham Hotspur,Nottingham Forest,home,0.1706777777777778,0.110798225,-0.059879552970992206
3284,10385504,22/23,2023-03-11,6072,8,Nottingham Forest,Tottenham Hotspur,away,0.13338,0.113166966,-0.020213034455776213
3285,10385516,22/23,2023-03-11,10,5301,Everton,Brentford,home,0.175225,0.11564113,-0.05958386800289153
3285,10385516,22/23,2023-03-11,5301,10,Brentford,Everton,away,0.08007692307692307,0.10917002,0.02909309654969436
3286,10385515,22/23,2023-03-11,4546,2275,Leeds United,Brighton & Hove Albion,home,0.12628,0.11827251,-0.00800748684883118
3286,10385515,22/23,2023-03-11,2275,4546,Brighton & Hove Albion,Leeds United,away,0.138425,0.11302214,-0.025402858841419212
3287,10385499,22/23,2023-03-11,18,22,Crystal Palace,Manchester City,home,0.1495,0.11862545,-0.03087455284595489
3287,10385499,22/23,2023-03-11,22,18,Manchester City,Crystal Palace,away,0.0528,0.111355305,0.05855530471801758
3288,10652679,22/23,2023-03-12,1,20,Manchester United,Southampton,home,0.06506470588235294,0.11433346,0.049268752362447626
3288,10652679,22/23,2023-03-12,20,1,Southampton,Manchester United,away,0.08575,0.11843303,0.03268302845954894
3289,10385512,22/23,2023-03-12,3027,17,Fulham,Arsenal,home,0.15833333333333333,0.12232685,-0.036006482442220045
3289,10385512,22/23,2023-03-12,17,3027,Arsenal,Fulham,away,0.07074166666666666,0.11295999,0.04221832174857458
3290,10385517,22/23,2023-03-12,7,12,West Ham United,Aston Villa,home,0.13173333333333334,0.111174166,-0.020559167130788175
3290,10385517,22/23,2023-03-12,12,7,Aston Villa,West Ham United,away,0.13070588235294117,0.112170264,-0.01853561822807087
3291,10385505,22/23,2023-03-12,21,3033,Newcastle United,Wolverhampton,home,0.15871428571428572,0.11305981,-0.0456544744202069
3291,10385505,22/23,2023-03-12,3033,21,Wolverhampton,Newcastle United,away,0.09614736842105263,0.115962744,0.01981537533810264
3292,11055512,22/23,2023-03-15,2275,18,Brighton & Hove Albion,Crystal Palace,home,0.10873636363636363,0.11236389,0.0036275261770595257
3292,11055512,22/23,2023-03-15,18,2275,Crystal Palace,Brighton & Hove Albion,away,0.05470909090909091,0.118133016,0.06342392502156172
3293,11055513,22/23,2023-03-15,20,5301,Southampton,Brentford,home,0.17965454545454546,0.11727124,-0.06238330837921663
3293,11055513,22/23,2023-03-15,5301,20,Brentford,Southampton,away,0.07392857142857143,0.10237014,0.028441571508135116
3294,10385521,22/23,2023-03-17,6072,21,Nottingham Forest,Newcastle United,home,0.16504,0.11506573,-0.04997426889181136
3294,10385521,22/23,2023-03-17,21,6072,Newcastle United,Nottingham Forest,away,0.07386,0.11153705,0.037677046730518346
3295,10385544,22/23,2023-03-18,20,8,Southampton,Tottenham Hotspur,home,0.1332764705882353,0.11726199,-0.016014479683427257
3295,10385544,22/23,2023-03-18,8,20,Tottenham Hotspur,Southampton,away,0.1322263157894737,0.11232902,-0.01989729469324414
3296,10385529,22/23,2023-03-18,5301,9,Brentford,Leicester City,home,0.09667857142857143,0.11096923,0.014290659104074746
3296,10385529,22/23,2023-03-18,9,5301,Leicester City,Brentford,away,0.0582,0.11711684,0.05891683869361877
3297,10385540,22/23,2023-03-18,3033,4546,Wolverhampton,Leeds United,home,0.14708181818181817,0.11529641,-0.03178540964776819
3297,10385540,22/23,2023-03-18,4546,3033,Leeds United,Wolverhampton,away,0.12162173913043478,0.10952418,-0.012097556155142575
3298,10385536,22/23,2023-03-18,12,769,Aston Villa,Bournemouth,home,0.13567,0.11065591,-0.02501408873319627
3298,10385536,22/23,2023-03-18,769,12,Bournemouth,Aston Villa,away,0.184225,0.11068545,-0.07353954718112946
3299,10385526,22/23,2023-03-18,24,10,Chelsea,Everton,home,0.10613333333333333,0.11907713,0.012943797818819686
3299,10385526,22/23,2023-03-18,10,24,Everton,Chelsea,away,0.11869,0.10809815,-0.010591850700378422
3300,10385522,22/23,2023-03-19,17,18,Arsenal,Crystal Palace,home,0.08715555555555556,0.11263692,0.025481360783841875
3300,10385522,22/23,2023-03-19,18,17,Crystal Palace,Arsenal,away,0.10447333333333333,0.11824159,0.013768259908358255
3301,10385561,22/23,2023-04-01,22,19,Manchester City,Liverpool FC,home,0.0827,0.11911961,0.03641960691213608
3301,10385561,22/23,2023-04-01,19,22,Liverpool FC,Manchester City,away,0.17421176470588234,0.1252482,-0.04896357096503762
3302,10385553,22/23,2023-04-01,17,4546,Arsenal,Leeds United,home,0.10294285714285714,0.11295175,0.010008890930243902
3302,10385553,22/23,2023-04-01,4546,17,Leeds United,Arsenal,away,0.2904923076923077,0.11843708,-0.17205522611691404
3303,10385545,22/23,2023-04-01,18,9,Crystal Palace,Leicester City,home,0.07323333333333333,0.11629897,0.04306564022699992
3303,10385545,22/23,2023-04-01,9,18,Leicester City,Crystal Palace,away,0.07799677419354839,0.11078886,0.03279208523342686
3304,10385534,22/23,2023-04-01,2275,5301,Brighton & Hove Albion,Brentford,home,0.22788571428571427,0.11943205,-0.1084536672762462
3304,10385534,22/23,2023-04-01,5301,2275,Brentford,Brighton & Hove Albion,away,0.13549090909090908,0.11551674,-0.01997417198744686
3305,10385560,22/23,2023-04-01,6072,3033,Nottingham Forest,Wolverhampton,home,0.0607375,0.11295558,0.05221807767152786
3305,10385560,22/23,2023-04-01,3033,6072,Wolverhampton,Nottingham Forest,away,0.07938823529411765,0.1112038,0.031815561867461484
3306,10385541,22/23,2023-04-01,769,3027,Bournemouth,Fulham,home,0.08438,0.11019267,0.025812671418190006
3306,10385541,22/23,2023-04-01,3027,769,Fulham,Bournemouth,away,0.239925,0.11606631,-0.12385869317054748
3307,10385535,22/23,2023-04-01,24,12,Chelsea,Aston Villa,home,0.18314,0.11877872,-0.06436127950191498
3307,10385535,22/23,2023-04-01,12,24,Aston Villa,Chelsea,away,0.08135925925925926,0.115818895,0.03445963614031121
3308,10385555,22/23,2023-04-02,7,20,West Ham United,Southampton,home,0.03408888888888889,0.10983487,0.07574598329729504
3308,10385555,22/23,2023-04-02,20,7,Southampton,West Ham United,away,0.11693333333333333,0.11647254,-0.0004607910474141441
3309,10385558,22/23,2023-04-02,21,1,Newcastle United,Manchester United,home,0.07115,0.11525669,0.04410668948888778
3309,10385558,22/23,2023-04-02,1,21,Manchester United,Newcastle United,away,0.1743,0.118019156,-0.05628084384202958
3310,10385542,22/23,2023-04-03,10,8,Everton,Tottenham Hotspur,home,0.179775,0.11556831,-0.06420668997764586
3310,10385542,22/23,2023-04-03,8,10,Tottenham Hotspur,Everton,away,0.06048666666666667,0.115230404,0.05474373717387517
3311,11077466,22/23,2023-04-04,9,12,Leicester City,Aston Villa,home,0.06792666666666666,0.119136155,0.05120948798497518
3311,11077466,22/23,2023-04-04,12,9,Aston Villa,Leicester City,away,0.052477777777777776,0.110369965,0.057892187656296626
3312,11077461,22/23,2023-04-04,4546,6072,Leeds United,Nottingham Forest,home,0.06234615384615384,0.11137107,0.049024916300406826
3312,11077461,22/23,2023-04-04,6072,4546,Nottingham Forest,Leeds United,away,0.08966666666666667,0.112956956,0.02329028936227162
3313,11077408,22/23,2023-04-04,769,2275,Bournemouth,Brighton & Hove Albion,home,0.16689375,0.118366994,-0.04852675603628159
3313,11077408,22/23,2023-04-04,2275,769,Brighton & Hove Albion,Bournemouth,away,0.1253857142857143,0.11721307,-0.008172643893105652
3314,11077468,22/23,2023-04-04,24,19,Chelsea,Liverpool FC,home,0.05002857142857143,0.12194162,0.07191304719277791
3314,11077468,22/23,2023-04-04,19,24,Liverpool FC,Chelsea,away,0.18061666666666668,0.12362063,-0.056996037356058765
3315,11077474,22/23,2023-04-05,1,5301,Manchester United,Brentford,home,0.11905,0.11724891,-0.0018010923147201569
3315,11077474,22/23,2023-04-05,5301,1,Brentford,Manchester United,away,0.06685555555555556,0.11145465,0.044599095204141403
3316,11077467,22/23,2023-04-05,7,21,West Ham United,Newcastle United,home,0.21924666666666667,0.11686342,-0.10238324457089107
3316,11077467,22/23,2023-04-05,21,7,Newcastle United,West Ham United,away,0.14004285714285714,0.11092357,-0.029119283768108906
3317,10385578,22/23,2023-04-08,1,10,Manchester United,Everton,home,0.06812,0.11511747,0.04699746793985367
3317,10385578,22/23,2023-04-08,10,1,Everton,Manchester United,away,0.11975172413793103,0.11531593,-0.004435795082717103
3318,10385571,22/23,2023-04-08,3033,24,Wolverhampton,Chelsea,home,0.08676153846153846,0.11899486,0.03223332337966332
3318,10385571,22/23,2023-04-08,24,3033,Chelsea,Wolverhampton,away,0.061233333333333334,0.113908954,0.0526756206313769
3319,10385562,22/23,2023-04-08,8,2275,Tottenham Hotspur,Brighton & Hove Albion,home,0.08434705882352941,0.118420035,0.0340729758234585
3319,10385562,22/23,2023-04-08,2275,8,Brighton & Hove Albion,Tottenham Hotspur,away,0.09225555555555556,0.118332565,0.026077009275224466
3320,10385548,22/23,2023-04-08,5301,21,Brentford,Newcastle United,home,0.13121,0.1146098,-0.01660019972085952
3320,10385548,22/23,2023-04-08,21,5301,Newcastle United,Brentford,away,0.21445,0.116627954,-0.09782204605340958
3321,10385550,22/23,2023-04-08,3027,7,Fulham,West Ham United,home,0.12155555555555556,0.11720093,-0.004354622158739302
3321,10385550,22/23,2023-04-08,7,3027,West Ham United,Fulham,away,0.04255,0.10908919,0.0665391882777214
3322,10385570,22/23,2023-04-08,9,769,Leicester City,Bournemouth,home,0.10962105263157895,0.12060603,0.010984974911965817
3322,10385570,22/23,2023-04-08,769,9,Bournemouth,Leicester City,away,0.041542857142857145,0.11289672,0.07135386094195502
3323,10385549,22/23,2023-04-08,12,6072,Aston Villa,Nottingham Forest,home,0.04136666666666667,0.112925716,0.07155904907782873
3323,10385549,22/23,2023-04-08,6072,12,Nottingham Forest,Aston Villa,away,0.16215,0.118157074,-0.0439929261445999
3324,10385580,22/23,2023-04-08,20,22,Southampton,Manchester City,home,0.22384615384615383,0.12821548,-0.09563067697561703
3324,10385580,22/23,2023-04-08,22,20,Manchester City,Southampton,away,0.101275,0.111472644,0.010197643911838528
3325,10385546,22/23,2023-04-09,4546,18,Leeds United,Crystal Palace,home,0.1971125,0.111880876,-0.08523162387609481
3325,10385546,22/23,2023-04-09,18,4546,Crystal Palace,Leeds United,away,0.08417272727272727,0.1164859,0.0323131739042022
3326,10385572,22/23,2023-04-09,19,17,Liverpool FC,Arsenal,home,0.15615555555555555,0.12120353,-0.03495202870104047
3326,10385572,22/23,2023-04-09,17,19,Arsenal,Liverpool FC,away,0.18847142857142857,0.124007575,-0.06446385335751942
3327,10385566,22/23,2023-04-15,12,21,Aston Villa,Newcastle United,home,0.0649875,0.11881634,0.05382883847951889
3327,10385566,22/23,2023-04-15,21,12,Newcastle United,Aston Villa,away,0.12055625,0.1158736,-0.004682652437686924
3328,10385565,22/23,2023-04-15,24,2275,Chelsea,Brighton & Hove Albion,home,0.11861153846153846,0.11963631,0.0010247736655748796
3328,10385565,22/23,2023-04-15,2275,24,Brighton & Hove Albion,Chelsea,away,0.0678,0.11878101,0.05098100782632828
3329,10385583,22/23,2023-04-15,10,3027,Everton,Fulham,home,0.08690952380952381,0.110030316,0.023120792006878624
3329,10385583,22/23,2023-04-15,3027,10,Fulham,Everton,away,0.1019,0.114052005,0.012152005112171169
3330,10385589,22/23,2023-04-15,3033,5301,Wolverhampton,Brentford,home,0.11677,0.11707464,0.00030463860511779906
3330,10385589,22/23,2023-04-15,5301,3033,Brentford,Wolverhampton,away,0.0691909090909091,0.10882121,0.03963030415448275
3331,10385581,22/23,2023-04-15,20,18,Southampton,Crystal Palace,home,0.08741,0.1177932,0.030383202400207518
3331,10385581,22/23,2023-04-15,18,20,Crystal Palace,Southampton,away,0.07062727272727273,0.11024347,0.039616196749427096
3332,10385575,22/23,2023-04-15,8,769,Tottenham Hotspur,Bournemouth,home,0.1453888888888889,0.11736618,-0.028022709065013474
3332,10385575,22/23,2023-04-15,769,8,Bournemouth,Tottenham Hotspur,away,0.09280833333333334,0.113554955,0.020746621195475254
3333,10385586,22/23,2023-04-15,22,9,Manchester City,Leicester City,home,0.22398181818181817,0.114625014,-0.10935680381709878
3333,10385586,22/23,2023-04-15,9,22,Leicester City,Manchester City,away,0.17181666666666667,0.12254029,-0.049276378993193315
3334,10385579,22/23,2023-04-16,7,17,West Ham United,Arsenal,home,0.24976363636363635,0.1171224,-0.13264123953689227
3334,10385579,22/23,2023-04-16,17,7,Arsenal,West Ham United,away,0.11445,0.11135108,-0.003098919761180874
3335,10385587,22/23,2023-04-16,6072,1,Nottingham Forest,Manchester United,home,0.17662727272727272,0.11583432,-0.06079295462586662
3335,10385587,22/23,2023-04-16,1,6072,Manchester United,Nottingham Forest,away,0.12238333333333333,0.11370688,-0.008676454015572863
3336,10385584,22/23,2023-04-17,4546,19,Leeds United,Liverpool FC,home,0.20973846153846154,0.11709474,-0.09264372126689324
3336,10385584,22/23,2023-04-17,19,4546,Liverpool FC,Leeds United,away,0.10612307692307692,0.11615093,0.010027853600795458
3337,10385607,22/23,2023-04-21,17,20,Arsenal,Southampton,home,0.1672125,0.110089496,-0.057123004221916185
3337,10385607,22/23,2023-04-21,20,17,Southampton,Arsenal,away,0.10378,0.119040504,0.01526050409793854
3338,10385592,22/23,2023-04-22,3027,4546,Fulham,Leeds United,home,0.08896,0.11605155,0.02709154722929001
3338,10385592,22/23,2023-04-22,4546,3027,Leeds United,Fulham,away,0.139675,0.11007551,-0.02959948896169662
3339,10385597,22/23,2023-04-22,19,6072,Liverpool FC,Nottingham Forest,home,0.07746363636363636,0.11446147,0.036997830306399956
3339,10385597,22/23,2023-04-22,6072,19,Nottingham Forest,Liverpool FC,away,0.158,0.11802022,-0.03997977840900421
3340,10385593,22/23,2023-04-22,9,3033,Leicester City,Wolverhampton,home,0.0564375,0.11071684,0.05427934211492538
3340,10385593,22/23,2023-04-22,3033,9,Wolverhampton,Leicester City,away,0.16442,0.11199756,-0.052422440333366405
3341,10385601,22/23,2023-04-22,5301,12,Brentford,Aston Villa,home,0.12394285714285715,0.11500471,-0.008938146289757323
3341,10385601,22/23,2023-04-22,12,5301,Aston Villa,Brentford,away,0.1711125,0.1145888,-0.05652370290756226
3342,10385594,22/23,2023-04-22,18,10,Crystal Palace,Everton,home,0.03925,0.10994817,0.07069817316532134
3342,10385594,22/23,2023-04-22,10,18,Everton,Crystal Palace,away,0.042133333333333335,0.116677575,0.07454424148003261
3343,10385610,22/23,2023-04-23,21,8,Newcastle United,Tottenham Hotspur,home,0.09373636363636363,0.1144354,0.020699033452164048
3343,10385610,22/23,2023-04-23,8,21,Tottenham Hotspur,Newcastle United,away,0.155752,0.11833257,-0.037419427718639375
3344,10385596,22/23,2023-04-23,769,7,Bournemouth,West Ham United,home,0.13493333333333332,0.1130299,-0.021903436120351144
3344,10385596,22/23,2023-04-23,7,769,West Ham United,Bournemouth,away,0.08961176470588235,0.116369344,0.02675757958818885
3345,10385613,22/23,2023-04-25,3033,18,Wolverhampton,Crystal Palace,home,0.055228571428571425,0.11823546,0.06300688998528889
3345,10385613,22/23,2023-04-25,18,3033,Crystal Palace,Wolverhampton,away,0.15096666666666667,0.11428807,-0.03667859735886256
3346,10385630,22/23,2023-04-25,3027,12,Fulham,Aston Villa,away,0.07277857142857143,0.11652696,0.04374838989802769
3347,10385621,22/23,2023-04-25,4546,9,Leeds United,Leicester City,home,0.14624666666666666,0.111123994,-0.03512267267386118
3347,10385621,22/23,2023-04-25,9,4546,Leicester City,Leeds United,away,0.12925384615384616,0.10937686,-0.019876983508696933
3348,10385602,22/23,2023-04-26,6072,2275,Nottingham Forest,Brighton & Hove Albion,home,0.1393470588235294,0.118541904,-0.02080515502971761
3348,10385602,22/23,2023-04-26,2275,6072,Brighton & Hove Albion,Nottingham Forest,away,0.2027,0.115793414,-0.086906585586071
3349,10385616,22/23,2023-04-26,7,19,West Ham United,Liverpool FC,home,0.106275,0.11590949,0.009634487009048467
3349,10385616,22/23,2023-04-26,19,7,Liverpool FC,West Ham United,away,0.11455714285714286,0.120701246,0.006144103106430598
3350,10385633,22/23,2023-04-26,24,5301,Chelsea,Brentford,home,0.16365714285714286,0.12158568,-0.04207146082265037
3350,10385633,22/23,2023-04-26,5301,24,Brentford,Chelsea,away,0.08477333333333334,0.11458036,0.029807029701868687
3351,10385636,22/23,2023-04-26,22,17,Manchester City,Arsenal,home,0.0601125,0.11633733,0.05622482914924622
3351,10385636,22/23,2023-04-26,17,22,Arsenal,Manchester City,away,0.1805642857142857,0.12560031,-0.05496397753443036
3352,10385612,22/23,2023-04-27,10,21,Everton,Newcastle United,home,0.16236,0.11639903,-0.04596097259283066
3352,10385612,22/23,2023-04-27,21,10,Newcastle United,Everton,away,0.06678461538461539,0.109951995,0.043167379928552185
3353,10385628,22/23,2023-04-27,20,769,Southampton,Bournemouth,home,0.05956875,0.1186739,0.059105148279666904
3353,10385628,22/23,2023-04-27,769,20,Bournemouth,Southampton,away,0.04868181818181818,0.11000837,0.06132654822414572
3354,10385604,22/23,2023-04-27,8,1,Tottenham Hotspur,Manchester United,home,0.12175294117647059,0.116460964,-0.005291977092799022
3354,10385604,22/23,2023-04-27,1,8,Manchester United,Tottenham Hotspur,away,0.1379388888888889,0.122572176,-0.015366712730460697
3355,10385640,22/23,2023-04-29,18,7,Crystal Palace,West Ham United,home,0.2324625,0.11925967,-0.11320282962322234
3355,10385640,22/23,2023-04-29,7,18,West Ham United,Crystal Palace,away,0.1332125,0.11520684,-0.018005662345886242
3356,10385622,22/23,2023-04-29,2275,3033,Brighton & Hove Albion,Wolverhampton,home,0.07513,0.11303682,0.03790681880235672
3356,10385622,22/23,2023-04-29,3033,2275,Wolverhampton,Brighton & Hove Albion,away,0.15178181818181818,0.11889181,-0.032890005320852456
3357,10385619,22/23,2023-04-29,5301,6072,Brentford,Nottingham Forest,home,0.14472,0.10995179,-0.03476821330308913
3357,10385619,22/23,2023-04-29,6072,5301,Nottingham Forest,Brentford,away,0.12133571428571428,0.118471265,-0.0028644494465419196
3358,10385632,22/23,2023-04-30,1,12,Manchester United,Aston Villa,home,0.07934285714285715,0.11986713,0.0405242739711489
3358,10385632,22/23,2023-04-30,12,1,Aston Villa,Manchester United,away,0.08972142857142858,0.12363745,0.03391602415016719
3359,10385638,22/23,2023-04-30,3027,22,Fulham,Manchester City,home,0.21265833333333334,0.12518184,-0.08747649446328482
3359,10385638,22/23,2023-04-30,22,3027,Manchester City,Fulham,away,0.046425,0.11032106,0.0638960598230362
3360,10385645,22/23,2023-04-30,21,20,Newcastle United,Southampton,home,0.207775,0.11193419,-0.09584080752134322
3360,10385645,22/23,2023-04-30,20,21,Southampton,Newcastle United,away,0.21728636363636364,0.11916677,-0.09811959454904903
3361,10385625,22/23,2023-04-30,769,4546,Bournemouth,Leeds United,home,0.11212666666666667,0.11421867,0.002092000482877096
3361,10385625,22/23,2023-04-30,4546,769,Leeds United,Bournemouth,away,0.163475,0.115009315,-0.04846568468809129
3362,10385647,22/23,2023-04-30,19,8,Liverpool FC,Tottenham Hotspur,home,0.20288,0.1216612,-0.08121879888057709
3362,10385647,22/23,2023-04-30,8,19,Tottenham Hotspur,Liverpool FC,away,0.18368333333333334,0.11590161,-0.06778172158797582
3363,10385652,22/23,2023-05-01,9,10,Leicester City,Everton,home,0.13610434782608696,0.10994337,-0.02616098028525063
3363,10385652,22/23,2023-05-01,10,9,Everton,Leicester City,away,0.23098666666666667,0.11778819,-0.11319847850720088
3364,11205391,22/23,2023-05-02,17,24,Arsenal,Chelsea,home,0.10792857142857143,0.12598298,0.01805441347190312
3364,11205391,22/23,2023-05-02,24,17,Chelsea,Arsenal,away,0.10988125,0.120261155,0.01037990506887436
3365,11157238,22/23,2023-05-03,22,7,Manchester City,West Ham United,home,0.07276666666666666,0.11615591,0.04338924084504446
3365,11157238,22/23,2023-05-03,7,22,West Ham United,Manchester City,away,0.14390625,0.12124442,-0.022661826908588423
3366,11157124,22/23,2023-05-03,19,3027,Liverpool FC,Fulham,home,0.0966111111111111,0.112686925,0.016075813525252877
3366,11157124,22/23,2023-05-03,3027,19,Fulham,Liverpool FC,away,0.1222,0.11819644,-0.004003557276725772
3367,11157237,22/23,2023-05-04,2275,1,Brighton & Hove Albion,Manchester United,home,0.08890625,0.11898331,0.030077063441276544
3367,11157237,22/23,2023-05-04,1,2275,Manchester United,Brighton & Hove Albion,away,0.10425454545454546,0.11983522,0.015580674822763957
3368,10385655,22/23,2023-05-06,22,4546,Manchester City,Leeds United,home,0.056425,0.112085335,0.05566033495664596
3368,10385655,22/23,2023-05-06,4546,22,Leeds United,Manchester City,away,0.14253333333333335,0.11694683,-0.02558650198777518
3369,10385637,22/23,2023-05-06,769,24,Bournemouth,Chelsea,home,0.12229999999999999,0.10862216,-0.013677836465835563
3369,10385637,22/23,2023-05-06,24,769,Chelsea,Bournemouth,away,0.12864,0.12104928,-0.007590722515583043
3370,10385651,22/23,2023-05-06,8,18,Tottenham Hotspur,Crystal Palace,home,0.05167142857142857,0.11075633,0.05908490162066051
3370,10385651,22/23,2023-05-06,18,8,Crystal Palace,Tottenham Hotspur,away,0.1098625,0.11814326,0.008280760478973387
3371,10385662,22/23,2023-05-06,3033,12,Wolverhampton,Aston Villa,home,0.09233125,0.118298166,0.02596691550016403
3371,10385662,22/23,2023-05-06,12,3033,Aston Villa,Wolverhampton,away,0.1265,0.11267683,-0.01382317090034485
3372,10385654,22/23,2023-05-06,19,5301,Liverpool FC,Brentford,home,0.03944,0.12083387,0.0813938662981987
3372,10385654,22/23,2023-05-06,5301,19,Brentford,Liverpool FC,away,0.14924666666666667,0.11220126,-0.03704540812651316
3373,10385658,22/23,2023-05-07,21,17,Newcastle United,Arsenal,home,0.12686,0.116861865,-0.009998135075569153
3373,10385658,22/23,2023-05-07,17,21,Arsenal,Newcastle United,away,0.10960833333333334,0.12258371,0.012975376323858895
3374,10385646,22/23,2023-05-07,7,1,West Ham United,Manchester United,home,0.06232631578947369,0.11778461,0.05545829609130558
3374,10385646,22/23,2023-05-07,1,7,Manchester United,West Ham United,away,0.08686666666666666,0.119917,0.03305033118327459
3375,10385660,22/23,2023-05-08,3027,9,Fulham,Leicester City,home,0.17862777777777777,0.119591236,-0.05903654166327582
3375,10385660,22/23,2023-05-08,9,3027,Leicester City,Fulham,away,0.09719411764705882,0.111057565,0.013863446969144488
3376,11155330,22/23,2023-05-08,2275,10,Brighton & Hove Albion,Everton,home,0.22777,0.12147429,-0.10629571159601212
3376,11155330,22/23,2023-05-08,10,2275,Everton,Brighton & Hove Albion,away,0.1512086956521739,0.11797951,-0.033229184033559706
3377,10385650,22/23,2023-05-08,6072,20,Nottingham Forest,Southampton,home,0.1716736842105263,0.113561906,-0.05811177829002079
3377,10385650,22/23,2023-05-08,20,6072,Southampton,Nottingham Forest,away,0.20015555555555556,0.113276966,-0.08687858963939879
3378,10385683,22/23,2023-05-13,4546,21,Leeds United,Newcastle United,home,0.1271611111111111,0.11631283,-0.010848279470867583
3378,10385683,22/23,2023-05-13,21,4546,Newcastle United,Leeds United,away,0.23775555555555555,0.11115105,-0.12660450850460264
3379,10385702,22/23,2023-05-13,1,3033,Manchester United,Wolverhampton,home,0.0664,0.112934835,0.046534835255146026
3379,10385702,22/23,2023-05-13,3033,1,Wolverhampton,Manchester United,away,0.11851851851851852,0.117545165,-0.0009733533969631947
3380,10385697,22/23,2023-05-13,24,6072,Chelsea,Nottingham Forest,home,0.11836363636363637,0.117919296,-0.0004443403374065069
3380,10385697,22/23,2023-05-13,6072,24,Nottingham Forest,Chelsea,away,0.08391428571428572,0.11155044,0.02763615716014589
3381,10385694,22/23,2023-05-13,12,8,Aston Villa,Tottenham Hotspur,home,0.27305999999999997,0.12854356,-0.14451644426345822
3381,10385694,22/23,2023-05-13,8,12,Tottenham Hotspur,Aston Villa,away,0.147075,0.11680992,-0.030265080523490917
3382,10385698,22/23,2023-05-13,20,3027,Southampton,Fulham,home,0.15532222222222222,0.11236207,-0.042960150350464715
3382,10385698,22/23,2023-05-13,3027,20,Fulham,Southampton,away,0.0707,0.115920074,0.04522007428407669
3383,10385681,22/23,2023-05-13,18,769,Crystal Palace,Bournemouth,home,0.06228,0.11634207,0.05406206771850586
3383,10385681,22/23,2023-05-13,769,18,Bournemouth,Crystal Palace,away,0.0913470588235294,0.11288264,0.021535577663954572
3384,10385685,22/23,2023-05-14,10,22,Everton,Manchester City,home,0.08393333333333333,0.11637765,0.032444318358103436
3384,10385685,22/23,2023-05-14,22,10,Manchester City,Everton,away,0.26557142857142857,0.11855744,-0.14701399031707219
3385,10385688,22/23,2023-05-14,5301,7,Brentford,West Ham United,home,0.0572,0.113352895,0.05615289478302002
3385,10385688,22/23,2023-05-14,7,5301,West Ham United,Brentford,away,0.16307916666666666,0.11485729,-0.048221873001257576
3386,10385684,22/23,2023-05-14,17,2275,Arsenal,Brighton & Hove Albion,home,0.144275,0.12356112,-0.020713878476619707
3386,10385684,22/23,2023-05-14,2275,17,Brighton & Hove Albion,Arsenal,away,0.06567857142857143,0.11962331,0.05394473943540028
3387,11196472,22/23,2023-05-15,9,19,Leicester City,Liverpool FC,home,0.13443125,0.1149885,-0.019442751610279085
3387,11196472,22/23,2023-05-15,19,9,Liverpool FC,Leicester City,away,0.102375,0.11959842,0.017223418474197394
3388,11227333,22/23,2023-05-18,21,2275,Newcastle United,Brighton & Hove Albion,home,0.0636125,0.115125835,0.05151333494186401
3388,11227333,22/23,2023-05-18,2275,21,Brighton & Hove Albion,Newcastle United,away,0.16711363636363635,0.119160846,-0.0479527904878963
3389,10385723,22/23,2023-05-20,8,5301,Tottenham Hotspur,Brentford,home,0.11141818181818182,0.1165995,0.0051813183611089525
3389,10385723,22/23,2023-05-20,5301,8,Brentford,Tottenham Hotspur,away,0.07992272727272727,0.11195379,0.03203106023289941
3390,10385703,22/23,2023-05-20,769,1,Bournemouth,Manchester United,home,0.07058,0.11669996,0.04611995635747909
3390,10385703,22/23,2023-05-20,1,769,Manchester United,Bournemouth,away,0.10145,0.11256707,0.011117067146301271
3391,10385690,22/23,2023-05-20,19,12,Liverpool FC,Aston Villa,home,0.22501666666666667,0.124998,-0.10001866342226665
3391,10385690,22/23,2023-05-20,12,19,Aston Villa,Liverpool FC,away,0.07466,0.116826184,0.042166184093952175
3392,10385716,22/23,2023-05-20,3033,10,Wolverhampton,Everton,home,0.10467894736842105,0.11752158,0.012842629214964416
3392,10385716,22/23,2023-05-20,10,3033,Everton,Wolverhampton,away,0.1279846153846154,0.10935535,-0.01862926256564948
3393,10385691,22/23,2023-05-20,3027,18,Fulham,Crystal Palace,home,0.14113636363636364,0.11453371,-0.026602656136859554
3393,10385691,22/23,2023-05-20,18,3027,Crystal Palace,Fulham,away,0.15166363636363636,0.11269742,-0.03896621385921131
3394,10385719,22/23,2023-05-20,6072,17,Nottingham Forest,Arsenal,home,0.05839090909090909,0.116378345,0.05798743550452319
3394,10385719,22/23,2023-05-20,17,6072,Arsenal,Nottingham Forest,away,0.09238333333333333,0.11525491,0.02287157546679179
3395,10385722,22/23,2023-05-21,7,4546,West Ham United,Leeds United,home,0.07459166666666667,0.11473152,0.04013985374768575
3395,10385722,22/23,2023-05-21,4546,7,Leeds United,West Ham United,away,0.11304736842105263,0.11241578,-0.0006315853137719013
3396,10385714,22/23,2023-05-21,2275,20,Brighton & Hove Albion,Southampton,home,0.12066,0.116773814,-0.003886186037063602
3396,10385714,22/23,2023-05-21,20,2275,Southampton,Brighton & Hove Albion,away,0.09727307692307692,0.11659556,0.01932248189907808
3397,10385699,22/23,2023-05-21,22,24,Manchester City,Chelsea,home,0.09580769230769232,0.10752396,0.011716270547646734
3397,10385699,22/23,2023-05-21,24,22,Chelsea,Manchester City,away,0.07949333333333333,0.12025789,0.040764558381239574
3398,11227334,22/23,2023-05-22,9,21,Leicester City,Newcastle United,away,0.09587391304347827,0.114169754,0.01829584104444669
3399,11230172,22/23,2023-05-24,2275,22,Brighton & Hove Albion,Manchester City,home,0.1402846153846154,0.119634226,-0.020650389420069193
3399,11230172,22/23,2023-05-24,22,2275,Manchester City,Brighton & Hove Albion,away,0.118265,0.118909255,0.0006442546701431323
3400,11230171,22/23,2023-05-25,1,24,Manchester United,Chelsea,home,0.13892142857142858,0.114441365,-0.02448006356784277
3400,11230171,22/23,2023-05-25,24,1,Chelsea,Manchester United,away,0.29154444444444444,0.12652135,-0.16502309549119737
3401,10385717,22/23,2023-05-28,1,3027,Manchester United,Fulham,home,0.18016,0.114710756,-0.0654492443537712
3401,10385717,22/23,2023-05-28,3027,1,Fulham,Manchester United,away,0.13758571428571428,0.122262284,-0.015323430126053944
3402,10385711,22/23,2023-05-28,5301,22,Brentford,Manchester City,home,0.11299411764705883,0.11363052,0.000636400670163767
3402,10385711,22/23,2023-05-28,22,5301,Manchester City,Brentford,away,0.11509090909090909,0.12450267,0.009411757203665647
3403,10385731,22/23,2023-05-28,20,19,Southampton,Liverpool FC,home,0.13503666666666667,0.11902309,-0.01601357457558314
3403,10385731,22/23,2023-05-28,19,20,Liverpool FC,Southampton,away,0.12446666666666667,0.112006776,-0.01245989063183467
3404,10385709,22/23,2023-05-28,24,21,Chelsea,Newcastle United,home,0.1343,0.12723203,-0.007067969965934756
3404,10385709,22/23,2023-05-28,21,24,Newcastle United,Chelsea,away,0.10314545454545454,0.11628127,0.01313581643538042
3405,10385712,22/23,2023-05-28,17,3033,Arsenal,Wolverhampton,home,0.07533333333333334,0.11311002,0.03777668742338816
3405,10385712,22/23,2023-05-28,3033,17,Wolverhampton,Arsenal,away,0.20088571428571428,0.112661555,-0.08822415887628282
3406,10385726,22/23,2023-05-28,4546,8,Leeds United,Tottenham Hotspur,home,0.1971090909090909,0.11772183,-0.07938725762042131
3406,10385726,22/23,2023-05-28,8,4546,Tottenham Hotspur,Leeds United,away,0.07878421052631579,0.11274495,0.033960739231737036
3407,10385733,22/23,2023-05-28,9,7,Leicester City,West Ham United,home,0.08831875,0.108819015,0.020500265324115752
3407,10385733,22/23,2023-05-28,7,9,West Ham United,Leicester City,away,0.10925384615384616,0.1158541,0.0066002532390447705
3408,10385710,22/23,2023-05-28,12,2275,Aston Villa,Brighton & Hove Albion,home,0.1690875,0.117622904,-0.05146459552049637
3408,10385710,22/23,2023-05-28,2275,12,Brighton & Hove Albion,Aston Villa,away,0.23718333333333333,0.11898374,-0.11819959520896275
3409,10385724,22/23,2023-05-28,10,769,Everton,Bournemouth,home,0.0666,0.110254884,0.04365488376617431
3409,10385724,22/23,2023-05-28,769,10,Bournemouth,Everton,away,0.0803076923076923,0.11711536,0.03680767117096828
3410,10385727,22/23,2023-05-28,18,6072,Crystal Palace,Nottingham Forest,home,0.06857142857142857,0.11556961,0.046998177851949416
3410,10385727,22/23,2023-05-28,6072,18,Nottingham Forest,Crystal Palace,away,0.09783333333333333,0.11316898,0.015335643867651627
3411,11352303,23/24,2023-08-11,23,22,Burnley,Manchester City,home,0.12213529411764706,0.11150538,-0.01062991235466565
3411,11352303,23/24,2023-08-11,22,23,Manchester City,Burnley,away,0.05425,0.11150538,0.057255381762981415
3412,11352251,23/24,2023-08-12,17,6072,Arsenal,Nottingham Forest,home,0.19703333333333334,0.11150538,-0.08552795157035192
3412,11352251,23/24,2023-08-12,6072,17,Nottingham Forest,Arsenal,away,0.0555,0.11150538,0.056005381762981414
3413,11352250,23/24,2023-08-12,769,7,Bournemouth,West Ham United,home,0.0669,0.11150538,0.044605381762981414
3413,11352250,23/24,2023-08-12,7,769,West Ham United,Bournemouth,away,0.09803571428571428,0.11150538,0.013469667477267133
3414,11352253,23/24,2023-08-12,10,3027,Everton,Fulham,home,0.16755555555555557,0.11150538,-0.056050173792574154
3414,11352253,23/24,2023-08-12,3027,10,Fulham,Everton,away,0.1441,0.11150538,-0.03259461823701859
3415,11352252,23/24,2023-08-12,2275,6830,Brighton & Hove Albion,Luton Town,home,0.16423333333333334,0.11150538,-0.05272795157035193
3415,11352252,23/24,2023-08-12,6830,2275,Luton Town,Brighton & Hove Albion,away,0.14855925925925925,0.11150538,-0.03705387749627784
3416,11352254,23/24,2023-08-12,3792,18,Sheffield United,Crystal Palace,home,0.07889166666666667,0.11150538,0.03261371509631475
3416,11352254,23/24,2023-08-12,18,3792,Crystal Palace,Sheffield United,away,0.063275,0.11150538,0.04823038176298142
3417,11352255,23/24,2023-08-12,21,12,Newcastle United,Aston Villa,home,0.11778125,0.11150538,-0.006275868237018589
3417,11352255,23/24,2023-08-12,12,21,Aston Villa,Newcastle United,away,0.20064117647058824,0.11150538,-0.08913579470760682
3418,11352309,23/24,2023-08-13,5301,8,Brentford,Tottenham Hotspur,home,0.07052777777777777,0.11150538,0.04097760398520364
3418,11352309,23/24,2023-08-13,8,5301,Tottenham Hotspur,Brentford,away,0.202,0.11150538,-0.0904946182370186
3419,11352316,23/24,2023-08-13,24,19,Chelsea,Liverpool FC,home,0.09835384615384615,0.11150538,0.013151535609135262
3419,11352316,23/24,2023-08-13,19,24,Liverpool FC,Chelsea,away,0.13541,0.11150538,-0.023904618237018588
3420,11352327,23/24,2023-08-14,1,3033,Manchester United,Wolverhampton,home,0.10203478260869565,0.11150538,0.009470599154285761
3420,11352327,23/24,2023-08-14,3033,1,Wolverhampton,Manchester United,away,0.14736,0.11150538,-0.035854618237018576
3421,11352399,23/24,2023-08-18,6072,3792,Nottingham Forest,Sheffield United,home,0.0716,0.115178764,0.043578763866424564
3421,11352399,23/24,2023-08-18,3792,6072,Sheffield United,Nottingham Forest,away,0.0868625,0.115178764,0.028316263866424565
3422,11352367,23/24,2023-08-19,19,769,Liverpool FC,Bournemouth,home,0.10492307692307692,0.11146148,0.006538406019027415
3422,11352367,23/24,2023-08-19,769,19,Bournemouth,Liverpool FC,away,0.11886923076923077,0.11414093,-0.00472830297763531
3423,11352428,23/24,2023-08-19,3033,2275,Wolverhampton,Brighton & Hove Albion,home,0.13985625,0.11268248,-0.027173773360252368
3423,11352428,23/24,2023-08-19,2275,3033,Brighton & Hove Albion,Wolverhampton,away,0.15176875,0.116111346,-0.03565740441083909
3424,11352358,23/24,2023-08-19,3027,5301,Fulham,Brentford,home,0.2312,0.1298259,-0.10137409503459929
3424,11352358,23/24,2023-08-19,5301,3027,Brentford,Fulham,away,0.04585,0.11236161,0.0665116099357605
3425,11352407,23/24,2023-08-19,8,1,Tottenham Hotspur,Manchester United,home,0.09398636363636363,0.11331698,0.019330619348179215
3425,11352407,23/24,2023-08-19,1,8,Manchester United,Tottenham Hotspur,away,0.1026,0.11238512,0.009785116517543796
3426,11352389,23/24,2023-08-19,22,21,Manchester City,Newcastle United,home,0.04145714285714286,0.11268248,0.07122533378260476
3426,11352389,23/24,2023-08-19,21,22,Newcastle United,Manchester City,away,0.07199285714285714,0.11238512,0.040392259374686657
3427,11352337,23/24,2023-08-20,12,10,Aston Villa,Everton,home,0.06952222222222222,0.11146148,0.04193926071988212
3427,11352337,23/24,2023-08-20,10,12,Everton,Aston Villa,away,0.23081538461538462,0.11233802,-0.11847736321779398
3428,11352418,23/24,2023-08-20,7,24,West Ham United,Chelsea,home,0.14672941176470589,0.112400986,-0.034328425510490646
3428,11352418,23/24,2023-08-20,24,7,Chelsea,West Ham United,away,0.149725,0.11331698,-0.03640801701545715
3429,11352346,23/24,2023-08-21,18,17,Crystal Palace,Arsenal,home,0.1443142857142857,0.11360983,-0.030704457659380763
3429,11352346,23/24,2023-08-21,17,18,Arsenal,Crystal Palace,away,0.07292142857142857,0.11235389,0.03943246256283352
3430,11352484,23/24,2023-08-25,24,6830,Chelsea,Luton Town,home,0.03958181818181818,0.11268248,0.07310065845792943
3430,11352484,23/24,2023-08-25,6830,24,Luton Town,Chelsea,away,0.11972105263157895,0.11146148,-0.00825956968947461
3431,11352437,23/24,2023-08-26,769,8,Bournemouth,Tottenham Hotspur,home,0.12404117647058824,0.115178764,-0.008862412604163677
3431,11352437,23/24,2023-08-26,8,769,Tottenham Hotspur,Bournemouth,away,0.060645454545454544,0.11238512,0.05173966197208925
3432,11352504,23/24,2023-08-26,1,6072,Manchester United,Nottingham Forest,home,0.13495555555555555,0.11217199,-0.022783562895986764
3432,11352504,23/24,2023-08-26,6072,1,Nottingham Forest,Manchester United,away,0.15734444444444445,0.11269642,-0.04464802776839999
3433,11352447,23/24,2023-08-26,17,3027,Arsenal,Fulham,home,0.0704625,0.11235389,0.04189139113426209
3433,11352447,23/24,2023-08-26,3027,17,Fulham,Arsenal,away,0.17137894736842105,0.12619554,-0.045183412304677456
3434,11352495,23/24,2023-08-26,10,3033,Everton,Wolverhampton,home,0.09778181818181818,0.11265696,0.014875140219384977
3434,11352495,23/24,2023-08-26,3033,10,Wolverhampton,Everton,away,0.09016,0.11330111,0.023141113247871395
3435,11352456,23/24,2023-08-26,5301,18,Brentford,Crystal Palace,home,0.05377333333333333,0.116111346,0.062338012255827586
3435,11352456,23/24,2023-08-26,18,5301,Crystal Palace,Brentford,away,0.08063333333333333,0.112662606,0.03202927260796229
3436,11352466,23/24,2023-08-26,2275,7,Brighton & Hove Albion,West Ham United,home,0.2689416666666667,0.11697052,-0.1519711499253909
3436,11352466,23/24,2023-08-26,7,2275,West Ham United,Brighton & Hove Albion,away,0.059064,0.11237748,0.05331347967243195
3437,11352524,23/24,2023-08-27,3792,22,Sheffield United,Manchester City,home,0.11988666666666667,0.116607524,-0.0032791422120730107
3437,11352524,23/24,2023-08-27,22,3792,Manchester City,Sheffield United,away,0.11245,0.11235389,-9.610886573790944e-05
3438,11352475,23/24,2023-08-27,23,12,Burnley,Aston Villa,home,0.16845625,0.116607524,-0.05184872554540634
3438,11352475,23/24,2023-08-27,12,23,Aston Villa,Burnley,away,0.08105555555555556,0.1138874,0.032831843879487774
3439,11352515,23/24,2023-08-27,21,19,Newcastle United,Liverpool FC,home,0.09723333333333334,0.11146148,0.014228149608771001
3439,11352515,23/24,2023-08-27,19,21,Liverpool FC,Newcastle United,away,0.08666521739130435,0.11144561,0.02478039581412854
3440,11352590,23/24,2023-09-01,6830,7,Luton Town,West Ham United,home,0.11486666666666667,0.11380305,-0.0010636152545611122
3440,11352590,23/24,2023-09-01,7,6830,West Ham United,Luton Town,away,0.09168125,0.11144561,0.019764363205432886
3441,11352597,23/24,2023-09-02,3792,10,Sheffield United,Everton,home,0.1619875,0.11734553,-0.04464197318553925
3441,11352597,23/24,2023-09-02,10,3792,Everton,Sheffield United,away,0.0934076923076923,0.11306972,0.019662028258580433
3442,11352594,23/24,2023-09-02,22,3027,Manchester City,Fulham,home,0.30683333333333335,0.13046704,-0.17636629100640616
3442,11352594,23/24,2023-09-02,3027,22,Fulham,Manchester City,away,0.3228285714285714,0.13158679,-0.19124178134373254
3443,11352570,23/24,2023-09-02,24,6072,Chelsea,Nottingham Forest,home,0.10827142857142857,0.11330111,0.005029684676442825
3443,11352570,23/24,2023-09-02,6072,24,Nottingham Forest,Chelsea,away,0.10966190476190477,0.114210166,0.004548261275177906
3444,11352561,23/24,2023-09-02,23,8,Burnley,Tottenham Hotspur,home,0.10842857142857143,0.11563117,0.007202599142278943
3444,11352561,23/24,2023-09-02,8,23,Tottenham Hotspur,Burnley,away,0.08479375,0.112447776,0.02765402590036392
3445,11352543,23/24,2023-09-02,5301,769,Brentford,Bournemouth,home,0.17385833333333334,0.11412404,-0.059734296007951104
3445,11352543,23/24,2023-09-02,769,5301,Bournemouth,Brentford,away,0.13848095238095237,0.11712254,-0.02135841399317695
3446,11352551,23/24,2023-09-02,2275,21,Brighton & Hove Albion,Newcastle United,home,0.13687777777777776,0.11837945,-0.018498326443301294
3446,11352551,23/24,2023-09-02,21,2275,Newcastle United,Brighton & Hove Albion,away,0.09040666666666666,0.112686194,0.02227952781279882
3447,11352584,23/24,2023-09-03,19,12,Liverpool FC,Aston Villa,home,0.07294444444444445,0.11144561,0.03850116876098844
3447,11352584,23/24,2023-09-03,12,19,Aston Villa,Liverpool FC,away,0.14540588235294116,0.114032626,-0.03137325620090259
3448,11352578,23/24,2023-09-03,18,3033,Crystal Palace,Wolverhampton,home,0.09818333333333333,0.11306972,0.014886387232939405
3448,11352578,23/24,2023-09-03,3033,18,Wolverhampton,Crystal Palace,away,0.13398125,0.11231908,-0.02166216797828674
3449,11352534,23/24,2023-09-03,17,1,Arsenal,Manchester United,home,0.09474,0.11330111,0.018561113247871394
3449,11352534,23/24,2023-09-03,1,17,Manchester United,Arsenal,away,0.13375882352941176,0.1144401,-0.019318725124527425
3450,11352626,23/24,2023-09-16,3033,19,Wolverhampton,Liverpool FC,home,0.15929375,0.1118686,-0.04742515243291856
3450,11352626,23/24,2023-09-16,19,3033,Liverpool FC,Wolverhampton,away,0.05720909090909091,0.11144561,0.05423652229634198
3451,11352625,23/24,2023-09-16,7,22,West Ham United,Manchester City,home,0.12669655172413793,0.11144561,-0.015250938518705043
3451,11352625,23/24,2023-09-16,22,7,Manchester City,West Ham United,away,0.1565,0.11443275,-0.04206724786758423
3453,11352621,23/24,2023-09-16,8,3792,Tottenham Hotspur,Sheffield United,home,0.09365714285714286,0.11238512,0.018727973660400937
3453,11352621,23/24,2023-09-16,3792,8,Sheffield United,Tottenham Hotspur,away,0.07585714285714286,0.11734553,0.041488383957317895
3454,11352602,23/24,2023-09-16,12,18,Aston Villa,Crystal Palace,home,0.19544999999999998,0.11357117,-0.08187883300781248
3454,11352602,23/24,2023-09-16,18,12,Crystal Palace,Aston Villa,away,0.20036875,0.11306972,-0.08729902943372728
3455,11352608,23/24,2023-09-16,3027,6830,Fulham,Luton Town,home,0.15712857142857142,0.11734553,-0.03978304461411067
3455,11352608,23/24,2023-09-16,6830,3027,Luton Town,Fulham,away,0.07356153846153846,0.114303306,0.04074176728358636
3456,11352615,23/24,2023-09-16,21,5301,Newcastle United,Brentford,home,0.0458,0.11310353,0.06730353130102157
3456,11352615,23/24,2023-09-16,5301,21,Brentford,Newcastle United,away,0.1597222222222222,0.11703326,-0.04268896414173973
3457,11352600,23/24,2023-09-17,769,24,Bournemouth,Chelsea,home,0.13575,0.115686595,-0.02006340456008912
3457,11352600,23/24,2023-09-17,24,769,Chelsea,Bournemouth,away,0.07982307692307693,0.11412404,0.034300960402305306
3458,11352605,23/24,2023-09-17,10,17,Everton,Arsenal,home,0.0808,0.112784594,0.03198459429740906
3458,11352605,23/24,2023-09-17,17,10,Arsenal,Everton,away,0.04285,0.1135054,0.07065540071725845
3459,11352618,23/24,2023-09-18,6072,23,Nottingham Forest,Burnley,home,0.05547,0.115233585,0.05976358523845673
3459,11352618,23/24,2023-09-18,23,6072,Burnley,Nottingham Forest,away,0.05105,0.114526294,0.06347629417181015
3460,11352635,23/24,2023-09-23,22,6072,Manchester City,Nottingham Forest,home,0.10257,0.109627955,0.007057954661846166
3460,11352635,23/24,2023-09-23,6072,22,Nottingham Forest,Manchester City,away,0.19007142857142856,0.1271708,-0.06290062740870883
3461,11352632,23/24,2023-09-23,18,3027,Crystal Palace,Fulham,home,0.05983,0.10975922,0.049929218990802764
3461,11352632,23/24,2023-09-23,3027,18,Fulham,Crystal Palace,away,0.042542857142857146,0.115847684,0.07330482730013983
3462,11352634,23/24,2023-09-23,6830,3033,Luton Town,Wolverhampton,home,0.21013333333333334,0.12845208,-0.08168125582536062
3462,11352634,23/24,2023-09-23,3033,6830,Wolverhampton,Luton Town,away,0.10875,0.11311457,0.004364573061466218
3463,11352628,23/24,2023-09-23,5301,10,Brentford,Everton,home,0.10558888888888888,0.11175458,0.006165692443317841
3463,11352628,23/24,2023-09-23,10,5301,Everton,Brentford,away,0.08625833333333333,0.115535386,0.029277052573362994
3464,11352630,23/24,2023-09-23,23,1,Burnley,Manchester United,home,0.08855454545454546,0.1144796,0.025925055928663773
3464,11352630,23/24,2023-09-23,1,23,Manchester United,Burnley,away,0.09125,0.11464183,0.02339183032512665
3465,11352633,23/24,2023-09-24,19,7,Liverpool FC,West Ham United,home,0.09998181818181819,0.11774604,0.017764222043210806
3465,11352633,23/24,2023-09-24,7,19,West Ham United,Liverpool FC,away,0.13790454545454545,0.11376698,-0.024137562303109594
3466,11352627,23/24,2023-09-24,17,8,Arsenal,Tottenham Hotspur,home,0.11258461538461538,0.11734025,0.004755636418782752
3466,11352627,23/24,2023-09-24,8,17,Tottenham Hotspur,Arsenal,away,0.15647692307692307,0.12519641,-0.03128051087122696
3467,11352631,23/24,2023-09-24,24,12,Chelsea,Aston Villa,home,0.07114,0.11818048,0.047040483579635625
3467,11352631,23/24,2023-09-24,12,24,Aston Villa,Chelsea,away,0.13338,0.11706883,-0.0163111728477478
3468,11352629,23/24,2023-09-24,2275,769,Brighton & Hove Albion,Bournemouth,home,0.09568333333333333,0.115823254,0.020139920655886337
3468,11352629,23/24,2023-09-24,769,2275,Bournemouth,Brighton & Hove Albion,away,0.1426076923076923,0.111619,-0.030988689190607793
3469,11352636,23/24,2023-09-24,3792,21,Sheffield United,Newcastle United,home,0.17826363636363637,0.11902423,-0.05923940433372152
3469,11352636,23/24,2023-09-24,21,3792,Newcastle United,Sheffield United,away,0.10434444444444445,0.1122151,0.00787065727445814
3470,11352638,23/24,2023-09-30,12,2275,Aston Villa,Brighton & Hove Albion,home,0.15531818181818183,0.114878386,-0.04043979555910285
3470,11352638,23/24,2023-09-30,2275,12,Brighton & Hove Albion,Aston Villa,away,0.08399473684210526,0.12222508,0.03823034656863464
3471,11352646,23/24,2023-09-30,3033,22,Wolverhampton,Manchester City,home,0.037639130434782606,0.11561374,0.07797461322805156
3472,11352641,23/24,2023-09-30,1,18,Manchester United,Crystal Palace,home,0.1125,0.11249918,-8.225440979031662e-07
3472,11352641,23/24,2023-09-30,18,1,Crystal Palace,Manchester United,away,0.06822105263157895,0.11326127,0.045040214911260104
3473,11352637,23/24,2023-09-30,769,17,Bournemouth,Arsenal,home,0.23048666666666667,0.118349545,-0.11213712196270625
3473,11352637,23/24,2023-09-30,17,769,Arsenal,Bournemouth,away,0.080625,0.11454869,0.0339236906170845
3474,11352642,23/24,2023-09-30,21,23,Newcastle United,Burnley,home,0.08395,0.12120718,0.03725717763900757
3474,11352642,23/24,2023-09-30,23,21,Burnley,Newcastle United,away,0.158755,0.12005684,-0.03869816220283509
3475,11352645,23/24,2023-09-30,7,3792,West Ham United,Sheffield United,home,0.06701875,0.10927861,0.042259861838817595
3475,11352645,23/24,2023-09-30,3792,7,Sheffield United,West Ham United,away,0.109365,0.119202286,0.009837286005020138
3476,11352639,23/24,2023-09-30,10,6830,Everton,Luton Town,home,0.10264444444444444,0.11393529,0.01129084732267592
3476,11352639,23/24,2023-09-30,6830,10,Luton Town,Everton,away,0.15905652173913043,0.11227837,-0.046778149689798765
3477,11352644,23/24,2023-09-30,8,19,Tottenham Hotspur,Liverpool FC,home,0.10946666666666667,0.12142679,0.011960124286015825
3477,11352644,23/24,2023-09-30,19,8,Liverpool FC,Tottenham Hotspur,away,0.0930375,0.118941136,0.02590363570451737
3478,11352643,23/24,2023-10-01,6072,5301,Nottingham Forest,Brentford,home,0.09242222222222223,0.11800147,0.025579246257411106
3478,11352643,23/24,2023-10-01,5301,6072,Brentford,Nottingham Forest,away,0.0771,0.11213818,0.035038181924819944
3479,11352640,23/24,2023-10-02,3027,24,Fulham,Chelsea,home,0.15887272727272728,0.118347235,-0.040525492248751904
3479,11352640,23/24,2023-10-02,24,3027,Chelsea,Fulham,away,0.11345,0.11329868,-0.00015132309198379046
3480,11626262,23/24,2023-10-03,6830,23,Luton Town,Burnley,home,0.07932142857142857,0.11436536,0.035043933059488025
3480,11626262,23/24,2023-10-03,23,6830,Burnley,Luton Town,away,0.0745,0.12353905,0.049039052903652194
3481,11352653,23/24,2023-10-07,6830,8,Luton Town,Tottenham Hotspur,home,0.13068666666666667,0.115525,-0.015161666869322465
3481,11352653,23/24,2023-10-07,8,6830,Tottenham Hotspur,Luton Town,away,0.06321666666666667,0.116304986,0.0530883195122083
3482,11352654,23/24,2023-10-07,1,5301,Manchester United,Brentford,home,0.08645454545454545,0.1207727,0.034318151576952505
3482,11352654,23/24,2023-10-07,5301,1,Brentford,Manchester United,away,0.06894285714285714,0.11338127,0.044438409451075966
3483,11352649,23/24,2023-10-07,23,24,Burnley,Chelsea,home,0.20651111111111112,0.11895392,-0.08755719021028943
3483,11352649,23/24,2023-10-07,24,23,Chelsea,Burnley,away,0.07551,0.10859012,0.033080118587017066
3484,11352651,23/24,2023-10-07,10,769,Everton,Bournemouth,home,0.06249090909090909,0.1106756,0.04818469406041232
3484,11352651,23/24,2023-10-07,769,10,Bournemouth,Everton,away,0.09978000000000001,0.116520554,0.01674055382728576
3485,11352652,23/24,2023-10-07,3027,3792,Fulham,Sheffield United,home,0.11432,0.1148219,0.000501903407573695
3485,11352652,23/24,2023-10-07,3792,3027,Sheffield United,Fulham,away,0.110335,0.113259085,0.002924084522724149
3486,11352650,23/24,2023-10-07,18,6072,Crystal Palace,Nottingham Forest,home,0.065825,0.10767224,0.04184723685979844
3486,11352650,23/24,2023-10-07,6072,18,Nottingham Forest,Crystal Palace,away,0.101375,0.11387408,0.012499077796936028
3487,11352648,23/24,2023-10-08,2275,19,Brighton & Hove Albion,Liverpool FC,home,0.1677142857142857,0.1243259,-0.043388384444372985
3487,11352648,23/24,2023-10-08,19,2275,Liverpool FC,Brighton & Hove Albion,away,0.16587142857142856,0.11388982,-0.05198160769769122
3488,11352655,23/24,2023-10-08,7,21,West Ham United,Newcastle United,home,0.20119,0.114715606,-0.08647439402580262
3488,11352655,23/24,2023-10-08,21,7,Newcastle United,West Ham United,away,0.23158,0.123264834,-0.1083151657152176
3489,11352656,23/24,2023-10-08,3033,12,Wolverhampton,Aston Villa,home,0.08967777777777777,0.113433,0.02375522564782037
3489,11352656,23/24,2023-10-08,12,3033,Aston Villa,Wolverhampton,away,0.2100875,0.11234091,-0.09774658777713777
3490,11352647,23/24,2023-10-08,17,22,Arsenal,Manchester City,home,0.12,0.12103179,0.0010317909717559859
3490,11352647,23/24,2023-10-08,22,17,Manchester City,Arsenal,away,0.032883333333333334,0.119329,0.08644566469589869
3491,11352662,23/24,2023-10-21,19,10,Liverpool FC,Everton,home,0.022416666666666668,0.1187791,0.0963624338110288
3491,11352662,23/24,2023-10-21,10,19,Everton,Liverpool FC,away,0.08588461538461538,0.11855028,0.03266566286178736
3492,11352663,23/24,2023-10-21,22,2275,Manchester City,Brighton & Hove Albion,home,0.1654,0.11564022,-0.04975977697372436
3492,11352663,23/24,2023-10-21,2275,22,Brighton & Hove Albion,Manchester City,away,0.07546,0.122103885,0.04664388481616974
3493,11352664,23/24,2023-10-21,21,18,Newcastle United,Crystal Palace,home,0.07114705882352941,0.10869167,0.03754461117702372
3493,11352664,23/24,2023-10-21,18,21,Crystal Palace,Newcastle United,away,0.23908,0.12203406,-0.11704594202518462
3494,11352660,23/24,2023-10-21,5301,23,Brentford,Burnley,home,0.19016666666666668,0.11161104,-0.07855562822024029
3494,11352660,23/24,2023-10-21,23,5301,Burnley,Brentford,away,0.1407217391304348,0.11838218,-0.02233956088345984
3495,11352657,23/24,2023-10-21,769,3033,Bournemouth,Wolverhampton,home,0.11528571428571428,0.11116559,-0.004120123701436176
3495,11352657,23/24,2023-10-21,3033,769,Wolverhampton,Bournemouth,away,0.0893,0.10777461,0.01847460783720016
3496,11352665,23/24,2023-10-21,6072,6830,Nottingham Forest,Luton Town,home,0.1316,0.11742122,-0.014178782737255091
3496,11352665,23/24,2023-10-21,6830,6072,Luton Town,Nottingham Forest,away,0.15650526315789473,0.10945184,-0.047053425320198655
3497,11352661,23/24,2023-10-21,24,17,Chelsea,Arsenal,home,0.0761076923076923,0.11789056,0.041782866829175216
3497,11352661,23/24,2023-10-21,17,24,Arsenal,Chelsea,away,0.12269999999999999,0.12026927,-0.0024307312488555805
3498,11352666,23/24,2023-10-21,3792,1,Sheffield United,Manchester United,home,0.07843571428571429,0.114067525,0.035631810385840276
3498,11352666,23/24,2023-10-21,1,3792,Manchester United,Sheffield United,away,0.11812500000000001,0.11206944,-0.006055557131767281
3499,11352658,23/24,2023-10-22,12,7,Aston Villa,West Ham United,home,0.08292857142857143,0.11305692,0.030128349040235786
3499,11352658,23/24,2023-10-22,7,12,West Ham United,Aston Villa,away,0.13496666666666665,0.1143889,-0.020577768651644374
3500,11352667,23/24,2023-10-23,8,3027,Tottenham Hotspur,Fulham,home,0.10275,0.11555189,0.012801888942718512
3500,11352667,23/24,2023-10-23,3027,8,Fulham,Tottenham Hotspur,away,0.10214,0.1202701,0.01813010321617127
3501,11352673,23/24,2023-10-27,18,8,Crystal Palace,Tottenham Hotspur,home,0.11175,0.12022075,0.008470750570297239
3501,11352673,23/24,2023-10-27,8,18,Tottenham Hotspur,Crystal Palace,away,0.0473,0.10888289,0.06158288915157318
3502,11352672,23/24,2023-10-28,24,5301,Chelsea,Brentford,home,0.3088,0.12616238,-0.18263762001991274
3502,11352672,23/24,2023-10-28,5301,24,Brentford,Chelsea,away,0.11936470588235294,0.1200811,0.0007163910052355588
3503,11352669,23/24,2023-10-28,3792,17,Sheffield United,Arsenal,away,0.21324615384615384,0.11833297,-0.09491318668402157
3504,11352668,23/24,2023-10-28,769,23,Bournemouth,Burnley,home,0.13758333333333334,0.11791266,-0.019670675774415336
3504,11352668,23/24,2023-10-28,23,769,Burnley,Bournemouth,away,0.08506153846153845,0.1129542,0.02789266085257898
3505,11352677,23/24,2023-10-28,3033,21,Wolverhampton,Newcastle United,home,0.16871538461538463,0.11558803,-0.053127352906190445
3505,11352677,23/24,2023-10-28,21,3033,Newcastle United,Wolverhampton,away,0.08107272727272727,0.10737645,0.026303721537373287
3506,11352676,23/24,2023-10-29,7,10,West Ham United,Everton,home,0.08165,0.1141159,0.03246590129137039
3506,11352676,23/24,2023-10-29,10,7,Everton,West Ham United,away,0.055125,0.109095894,0.053970893800258636
3507,11352674,23/24,2023-10-29,19,6072,Liverpool FC,Nottingham Forest,home,0.04971111111111111,0.10893935,0.05922823854022556
3507,11352674,23/24,2023-10-29,6072,19,Nottingham Forest,Liverpool FC,away,0.1558190476190476,0.11662094,-0.03919810466879889
3508,11352671,23/24,2023-10-29,2275,3027,Brighton & Hove Albion,Fulham,home,0.07098,0.112264544,0.04128454377174377
3508,11352671,23/24,2023-10-29,3027,2275,Fulham,Brighton & Hove Albion,away,0.07921111111111111,0.115245774,0.036034663277202186
3509,11352670,23/24,2023-10-29,12,6830,Aston Villa,Luton Town,home,0.06908571428571429,0.11771054,0.04862482392277036
3509,11352670,23/24,2023-10-29,6830,12,Luton Town,Aston Villa,away,0.13441176470588234,0.11584337,-0.018568394149050982
3510,11352675,23/24,2023-10-29,1,22,Manchester United,Manchester City,home,0.19249047619047618,0.11815715,-0.07433332782927013
3510,11352675,23/24,2023-10-29,22,1,Manchester City,Manchester United,away,0.13512857142857143,0.1157426,-0.019385969974313466
3511,11352307,23/24,2023-11-04,3027,1,Fulham,Manchester United,home,0.057866666666666663,0.11163529,0.053768623419602715
3511,11352307,23/24,2023-11-04,1,3027,Manchester United,Fulham,away,0.056077777777777775,0.114741296,0.058663517798317806
3512,11352312,23/24,2023-11-04,22,769,Manchester City,Bournemouth,home,0.18102000000000001,0.10940878,-0.07161121906757356
3512,11352312,23/24,2023-11-04,769,22,Bournemouth,Manchester City,away,0.09274285714285714,0.11568207,0.022939215794631415
3513,11352306,23/24,2023-11-04,10,2275,Everton,Brighton & Hove Albion,home,0.07237142857142857,0.113796294,0.04142486516407558
3513,11352306,23/24,2023-11-04,2275,10,Brighton & Hove Albion,Everton,away,0.07053,0.12131591,0.05078591141223908
3514,11352304,23/24,2023-11-04,5301,7,Brentford,West Ham United,home,0.17099166666666665,0.11368036,-0.05731130396525064
3514,11352304,23/24,2023-11-04,7,5301,West Ham United,Brentford,away,0.10165,0.11668337,0.015033371365070339
3515,11352320,23/24,2023-11-04,3792,3033,Sheffield United,Wolverhampton,home,0.13284,0.11509265,-0.0177473499441147
3515,11352320,23/24,2023-11-04,3033,3792,Wolverhampton,Sheffield United,away,0.09527272727272727,0.11001796,0.014745235481045463
3516,11352305,23/24,2023-11-04,23,18,Burnley,Crystal Palace,home,0.326025,0.12423016,-0.20179483869075776
3516,11352305,23/24,2023-11-04,18,23,Crystal Palace,Burnley,away,0.06607058823529412,0.11120111,0.045130519266689526
3517,11352314,23/24,2023-11-04,21,17,Newcastle United,Arsenal,home,0.040785714285714286,0.119056225,0.07827051053728376
3517,11352314,23/24,2023-11-04,17,21,Arsenal,Newcastle United,away,0.1481111111111111,0.12011869,-0.02799241859383053
3518,11352317,23/24,2023-11-05,6072,12,Nottingham Forest,Aston Villa,home,0.09455384615384615,0.116757065,0.02220321890390836
3518,11352317,23/24,2023-11-05,12,6072,Aston Villa,Nottingham Forest,away,0.0754,0.11828885,0.04288885227441788
3519,11352310,23/24,2023-11-05,6830,19,Luton Town,Liverpool FC,home,0.11857916666666667,0.11573158,-0.0028475846211115513
3519,11352310,23/24,2023-11-05,19,6830,Liverpool FC,Luton Town,away,0.101625,0.11801441,0.016389410138130195
3520,11352323,23/24,2023-11-06,8,24,Tottenham Hotspur,Chelsea,home,0.2421470588235294,0.123239286,-0.11890777257961385
3520,11352323,23/24,2023-11-06,24,8,Chelsea,Tottenham Hotspur,away,0.1112625,0.11798146,0.0067189636707305905
3521,11352349,23/24,2023-11-11,3033,8,Wolverhampton,Tottenham Hotspur,home,0.11648333333333333,0.11514038,-0.0013429548581441186
3521,11352349,23/24,2023-11-11,8,3033,Tottenham Hotspur,Wolverhampton,away,0.12667058823529412,0.11993186,-0.0067387264770620015
3522,11352341,23/24,2023-11-11,1,6830,Manchester United,Luton Town,home,0.04062,0.113028355,0.07240835494279861
3522,11352341,23/24,2023-11-11,6830,1,Luton Town,Manchester United,away,0.14544666666666667,0.11131466,-0.03413200486580531
3523,11352353,23/24,2023-11-11,17,23,Arsenal,Burnley,home,0.0394875,0.111486025,0.0719985251545906
3523,11352353,23/24,2023-11-11,23,17,Burnley,Arsenal,away,0.12194375,0.118223816,-0.0037199338436126744
3524,11352335,23/24,2023-11-11,18,10,Crystal Palace,Everton,home,0.19495,0.117128626,-0.0778213744878769
3524,11352335,23/24,2023-11-11,10,18,Everton,Crystal Palace,away,0.1666923076923077,0.1104725,-0.05621980736805843
3525,11352350,23/24,2023-11-11,769,21,Bournemouth,Newcastle United,home,0.0606875,0.11663938,0.055951883137226106
3525,11352350,23/24,2023-11-11,21,769,Newcastle United,Bournemouth,away,0.13219473684210525,0.10956314,-0.022631594780871733
3526,11352339,23/24,2023-11-12,19,5301,Liverpool FC,Brentford,home,0.10475,0.1165463,0.01179630303382874
3526,11352339,23/24,2023-11-12,5301,19,Brentford,Liverpool FC,away,0.10088235294117648,0.11432842,0.013446068711140569
3527,11352326,23/24,2023-11-12,12,3027,Aston Villa,Fulham,home,0.10322222222222223,0.11080979,0.00758756588564978
3527,11352326,23/24,2023-11-12,3027,12,Fulham,Aston Villa,away,0.25704166666666667,0.11834237,-0.1386992968718211
3528,11352345,23/24,2023-11-12,7,6072,West Ham United,Nottingham Forest,home,0.1792,0.110329315,-0.06887068493366241
3528,11352345,23/24,2023-11-12,6072,7,Nottingham Forest,West Ham United,away,0.11233125,0.11321852,0.0008872735619545047
3529,11352329,23/24,2023-11-12,2275,3792,Brighton & Hove Albion,Sheffield United,home,0.11888888888888889,0.112394236,-0.006494652860694464
3529,11352329,23/24,2023-11-12,3792,2275,Sheffield United,Brighton & Hove Albion,away,0.13946363636363637,0.11500773,-0.024455908025394796
3530,11352332,23/24,2023-11-12,24,22,Chelsea,Manchester City,home,0.19196666666666667,0.123975545,-0.0679911214987437
3530,11352332,23/24,2023-11-12,22,24,Manchester City,Chelsea,away,0.17473529411764707,0.12000252,-0.05473277105303373
3531,11352373,23/24,2023-11-25,22,19,Manchester City,Liverpool FC,home,0.06955,0.12068944,0.05113943679332733
3531,11352373,23/24,2023-11-25,19,22,Liverpool FC,Manchester City,away,0.08491875,0.11941035,0.034491600918769835
3532,11352375,23/24,2023-11-25,21,24,Newcastle United,Chelsea,home,0.07504285714285715,0.11480039,0.039757536438533234
3532,11352375,23/24,2023-11-25,24,21,Chelsea,Newcastle United,away,0.1682357142857143,0.11967107,-0.0485646452001163
3533,11352360,23/24,2023-11-25,23,7,Burnley,West Ham United,home,0.08178181818181818,0.11561218,0.033830360859090636
3533,11352360,23/24,2023-11-25,7,23,West Ham United,Burnley,away,0.11461818181818181,0.11127429,-0.003343894713575185
3534,11352379,23/24,2023-11-25,6072,2275,Nottingham Forest,Brighton & Hove Albion,home,0.14835,0.1147676,-0.03358239642381669
3534,11352379,23/24,2023-11-25,2275,6072,Brighton & Hove Albion,Nottingham Forest,away,0.10712222222222222,0.11721838,0.010096160434352033
3535,11352370,23/24,2023-11-25,6830,18,Luton Town,Crystal Palace,home,0.1048875,0.11229725,0.007409751820564275
3535,11352370,23/24,2023-11-25,18,6830,Crystal Palace,Luton Town,away,0.118025,0.1108041,-0.0072208966851234485
3536,11352382,23/24,2023-11-25,3792,769,Sheffield United,Bournemouth,home,0.12527826086956523,0.11509265,-0.010185610813679913
3536,11352382,23/24,2023-11-25,769,3792,Bournemouth,Sheffield United,away,0.07772,0.10840543,0.030685433595180514
3537,11352356,23/24,2023-11-25,5301,17,Brentford,Arsenal,home,0.11014,0.11374521,0.003605212554931639
3537,11352356,23/24,2023-11-25,17,5301,Arsenal,Brentford,away,0.1381888888888889,0.11757653,-0.02061235682302051
3538,11352385,23/24,2023-11-26,8,12,Tottenham Hotspur,Aston Villa,home,0.11730666666666667,0.121571295,0.004264628296693163
3538,11352385,23/24,2023-11-26,12,8,Aston Villa,Tottenham Hotspur,away,0.13566666666666666,0.11370798,-0.021958684662977845
3539,11352363,23/24,2023-11-26,10,1,Everton,Manchester United,home,0.24625555555555556,0.11394698,-0.13230857382747863
3539,11352363,23/24,2023-11-26,1,10,Manchester United,Everton,away,0.10534166666666667,0.11379528,0.008453613789876302
3540,11352366,23/24,2023-11-27,3027,3033,Fulham,Wolverhampton,home,0.13675,0.11846766,-0.01828234124183656
3540,11352366,23/24,2023-11-27,3033,3027,Wolverhampton,Fulham,away,0.241675,0.11438113,-0.12729387294054031
3541,11352391,23/24,2023-12-02,17,3033,Arsenal,Wolverhampton,home,0.1188,0.11720872,-0.0015912807464599638
3541,11352391,23/24,2023-12-02,3033,17,Wolverhampton,Arsenal,away,0.1541578947368421,0.11775649,-0.03640140134723563
3542,11352393,23/24,2023-12-02,5301,6830,Brentford,Luton Town,home,0.03331428571428571,0.10384492,0.07053063259635653
3542,11352393,23/24,2023-12-02,6830,5301,Luton Town,Brentford,away,0.1309,0.1180287,-0.0128712996482849
3543,11352396,23/24,2023-12-02,23,3792,Burnley,Sheffield United,home,0.06546666666666667,0.11250953,0.047042859645684554
3543,11352396,23/24,2023-12-02,3792,23,Sheffield United,Burnley,away,0.09751052631578948,0.11509265,0.017582123740095837
3544,11352411,23/24,2023-12-02,6072,10,Nottingham Forest,Everton,home,0.0555,0.10983651,0.05433651131391525
3544,11352411,23/24,2023-12-02,10,6072,Everton,Nottingham Forest,away,0.055476923076923076,0.11498872,0.05951179883021575
3545,11352408,23/24,2023-12-02,21,1,Newcastle United,Manchester United,home,0.060375,0.11430288,0.053927881062030794
3545,11352408,23/24,2023-12-02,1,21,Manchester United,Newcastle United,away,0.11349545454545455,0.11691291,0.00341745430664582
3546,11352404,23/24,2023-12-03,19,3027,Liverpool FC,Fulham,home,0.13472222222222222,0.11326869,-0.02145353390110863
3546,11352404,23/24,2023-12-03,3027,19,Fulham,Liverpool FC,away,0.09254615384615385,0.11892259,0.026376437363257774
3547,11352400,23/24,2023-12-03,24,2275,Chelsea,Brighton & Hove Albion,home,0.06332777777777777,0.11312161,0.04979382863177194
3547,11352400,23/24,2023-12-03,2275,24,Brighton & Hove Albion,Chelsea,away,0.26315,0.119383976,-0.14376602413654327
3548,11352414,23/24,2023-12-03,7,18,West Ham United,Crystal Palace,home,0.10378888888888889,0.11690674,0.01311785088247723
3548,11352414,23/24,2023-12-03,18,7,Crystal Palace,West Ham United,away,0.12525555555555556,0.11668966,-0.008565895900461418
3549,11352388,23/24,2023-12-03,769,12,Bournemouth,Aston Villa,home,0.061654545454545455,0.115863465,0.05420891931815581
3549,11352388,23/24,2023-12-03,12,769,Aston Villa,Bournemouth,away,0.13448666666666667,0.11826872,-0.016217945861021682
3550,11352405,23/24,2023-12-03,22,8,Manchester City,Tottenham Hotspur,home,0.0578875,0.11509563,0.05720813028812408
3550,11352405,23/24,2023-12-03,8,22,Tottenham Hotspur,Manchester City,away,0.15141764705882352,0.123588234,-0.027829412872651033
3551,11352440,23/24,2023-12-05,3033,23,Wolverhampton,Burnley,home,0.07445833333333333,0.11124368,0.03678534678618113
3551,11352440,23/24,2023-12-05,23,3033,Burnley,Wolverhampton,away,0.1179,0.11545472,-0.0024452815294265795
3552,11352430,23/24,2023-12-05,6830,17,Luton Town,Arsenal,home,0.09845652173913043,0.11792617,0.01946965117299039
3552,11352430,23/24,2023-12-05,17,6830,Arsenal,Luton Town,away,0.08455,0.11096918,0.026419178378582
3553,11352433,23/24,2023-12-06,3792,19,Sheffield United,Liverpool FC,home,0.11282666666666666,0.11800905,0.005182386504014341
3553,11352433,23/24,2023-12-06,19,3792,Liverpool FC,Sheffield United,away,0.16423333333333334,0.110607535,-0.05362579868634543
3554,11352421,23/24,2023-12-06,2275,5301,Brighton & Hove Albion,Brentford,home,0.1895375,0.11748667,-0.07205082938671112
3554,11352421,23/24,2023-12-06,5301,2275,Brentford,Brighton & Hove Albion,away,0.08700555555555556,0.11170695,0.024701394214895034
3555,11352426,23/24,2023-12-06,3027,6072,Fulham,Nottingham Forest,home,0.065125,0.10921807,0.04409306842088699
3555,11352426,23/24,2023-12-06,6072,3027,Nottingham Forest,Fulham,away,0.18007142857142858,0.11454731,-0.0655241163117545
3556,11352442,23/24,2023-12-06,18,769,Crystal Palace,Bournemouth,home,0.17236363636363636,0.118747756,-0.05361588047851215
3556,11352442,23/24,2023-12-06,769,18,Bournemouth,Crystal Palace,away,0.06330625,0.11045205,0.04714579848051072
3557,11352445,23/24,2023-12-06,1,24,Manchester United,Chelsea,home,0.1167076923076923,0.11390913,-0.002798559529047742
3557,11352445,23/24,2023-12-06,24,1,Chelsea,Manchester United,away,0.15117857142857144,0.11481717,-0.03636139913967679
3558,11352417,23/24,2023-12-06,22,12,Manchester City,Aston Villa,away,0.10839545454545454,0.12101759,0.0126221356196837
3559,11352424,23/24,2023-12-07,10,21,Everton,Newcastle United,home,0.12084615384615385,0.11502802,-0.0058181301263662555
3559,11352424,23/24,2023-12-07,21,10,Newcastle United,Everton,away,0.15993333333333334,0.11430868,-0.045624655719598145
3560,11777279,23/24,2023-12-07,8,7,Tottenham Hotspur,West Ham United,home,0.2031,0.13786131,-0.06523868856430054
3560,11777279,23/24,2023-12-07,7,8,West Ham United,Tottenham Hotspur,away,0.07813913043478261,0.112925716,0.03478658530971278
3561,11352455,23/24,2023-12-09,18,19,Crystal Palace,Liverpool FC,home,0.08907857142857142,0.119804755,0.030726183424677173
3561,11352455,23/24,2023-12-09,19,18,Liverpool FC,Crystal Palace,away,0.2180625,0.120651215,-0.09741128468513488
3562,11352468,23/24,2023-12-09,1,769,Manchester United,Bournemouth,home,0.1477,0.11419182,-0.03350817729234695
3562,11352468,23/24,2023-12-09,769,1,Bournemouth,Manchester United,away,0.05808,0.112645365,0.05456536529779434
3563,11352452,23/24,2023-12-09,2275,23,Brighton & Hove Albion,Burnley,home,0.09351666666666666,0.11427159,0.020754921956857048
3563,11352452,23/24,2023-12-09,23,2275,Burnley,Brighton & Hove Albion,away,0.09602413793103448,0.114924334,0.018900196058585728
3564,11352477,23/24,2023-12-09,3033,6072,Wolverhampton,Nottingham Forest,home,0.160975,0.11061446,-0.05036053631305695
3564,11352477,23/24,2023-12-09,6072,3033,Nottingham Forest,Wolverhampton,away,0.11749,0.11486181,-0.0026281912827491732
3565,11352471,23/24,2023-12-09,3792,5301,Sheffield United,Brentford,home,0.06597,0.11714119,0.05117118719100952
3565,11352471,23/24,2023-12-09,5301,3792,Brentford,Sheffield United,away,0.0898,0.12214573,0.03234572727680206
3566,11352449,23/24,2023-12-09,12,17,Aston Villa,Arsenal,home,0.11695833333333333,0.11940168,0.0024433451096216863
3566,11352449,23/24,2023-12-09,17,12,Arsenal,Aston Villa,away,0.05699,0.119382024,0.06239202381134033
3567,11352464,23/24,2023-12-10,6830,22,Luton Town,Manchester City,home,0.08977777777777778,0.11681914,0.02704136551751031
3567,11352464,23/24,2023-12-10,22,6830,Manchester City,Luton Town,away,0.0827,0.10920249,0.02650248925685883
3568,11352459,23/24,2023-12-10,10,24,Everton,Chelsea,home,0.0590875,0.11143235,0.052344851171970366
3568,11352459,23/24,2023-12-10,24,10,Chelsea,Everton,away,0.14721111111111113,0.11605952,-0.03115159176058241
3569,11352461,23/24,2023-12-10,3027,7,Fulham,West Ham United,home,0.1487888888888889,0.123317614,-0.02547127469115787
3569,11352461,23/24,2023-12-10,7,3027,West Ham United,Fulham,away,0.16957857142857144,0.114347644,-0.05523092727831433
3570,11352473,23/24,2023-12-10,8,21,Tottenham Hotspur,Newcastle United,home,0.18735555555555555,0.12741832,-0.05993723120424482
3570,11352473,23/24,2023-12-10,21,8,Newcastle United,Tottenham Hotspur,away,0.16558695652173913,0.114631936,-0.0509550205676452
3571,11352505,23/24,2023-12-15,6072,8,Nottingham Forest,Tottenham Hotspur,home,0.1309,0.11569948,-0.015200522506237019
3571,11352505,23/24,2023-12-15,8,6072,Tottenham Hotspur,Nottingham Forest,away,0.08988,0.109921746,0.02004174595594406
3572,11352498,23/24,2023-12-16,22,18,Manchester City,Crystal Palace,home,0.3632,0.124255516,-0.23894448436498644
3572,11352498,23/24,2023-12-16,18,22,Crystal Palace,Manchester City,away,0.08448947368421053,0.118915185,0.03442571164808775
3573,11352492,23/24,2023-12-16,24,3792,Chelsea,Sheffield United,home,0.05975,0.11173671,0.05198670738935471
3573,11352492,23/24,2023-12-16,3792,24,Sheffield United,Chelsea,away,0.18416666666666667,0.11748737,-0.06667929569880168
3574,11352501,23/24,2023-12-16,21,3027,Newcastle United,Fulham,home,0.04745,0.115287125,0.06783712511062623
3574,11352501,23/24,2023-12-16,3027,21,Fulham,Newcastle United,away,0.13013703703703705,0.1211938,-0.008943240640781558
3575,11352489,23/24,2023-12-16,23,10,Burnley,Everton,home,0.16265555555555555,0.11828635,-0.04436920667621824
3575,11352489,23/24,2023-12-16,10,23,Everton,Burnley,away,0.05082142857142857,0.10857902,0.05775758865049907
3576,11352483,23/24,2023-12-17,17,2275,Arsenal,Brighton & Hove Albion,home,0.1145,0.11858102,0.004081019341945644
3576,11352483,23/24,2023-12-17,2275,17,Brighton & Hove Albion,Arsenal,away,0.08983461538461539,0.11937063,0.029536016488992248
3577,11352487,23/24,2023-12-17,5301,12,Brentford,Aston Villa,home,0.09499333333333333,0.11485081,0.019857478326956432
3577,11352487,23/24,2023-12-17,12,5301,Aston Villa,Brentford,away,0.12739999999999999,0.11541245,-0.011987548673152909
3578,11352508,23/24,2023-12-17,7,3033,West Ham United,Wolverhampton,home,0.04713571428571429,0.111397505,0.06426179052080427
3578,11352508,23/24,2023-12-17,3033,7,Wolverhampton,West Ham United,away,0.08706923076923077,0.11639617,0.02932693561498935
3579,11352496,23/24,2023-12-17,19,1,Liverpool FC,Manchester United,home,0.12563333333333335,0.11648754,-0.00914579302867255
3579,11352496,23/24,2023-12-17,1,19,Manchester United,Liverpool FC,away,0.07002058823529411,0.114053845,0.0440332571702845
3580,11352514,23/24,2023-12-21,18,2275,Crystal Palace,Brighton & Hove Albion,home,0.0663,0.115678966,0.04937896604537964
3580,11352514,23/24,2023-12-21,2275,18,Brighton & Hove Albion,Crystal Palace,away,0.12276363636363637,0.1193157,-0.0034479376207698503
3581,11352511,23/24,2023-12-22,12,3792,Aston Villa,Sheffield United,home,0.11518,0.11071433,-0.004465668730735783
3581,11352511,23/24,2023-12-22,3792,12,Sheffield United,Aston Villa,away,0.07189166666666667,0.112890884,0.0409992176135381
3582,11352535,23/24,2023-12-23,7,1,West Ham United,Manchester United,home,0.09328181818181817,0.11414598,0.020864161103422
3582,11352535,23/24,2023-12-23,1,7,Manchester United,West Ham United,away,0.10446666666666667,0.111873716,0.007407049449284872
3583,11352531,23/24,2023-12-23,8,10,Tottenham Hotspur,Everton,home,0.09907222222222223,0.12497994,0.025907720814810853
3583,11352531,23/24,2023-12-23,10,8,Everton,Tottenham Hotspur,away,0.11382307692307693,0.11296105,-0.000862030525390925
3584,11352522,23/24,2023-12-23,6830,21,Luton Town,Newcastle United,home,0.09986,0.11768252,0.017822516574859615
3584,11352522,23/24,2023-12-23,21,6830,Newcastle United,Luton Town,away,0.0931875,0.11206812,0.018880616664886468
3585,11352517,23/24,2023-12-23,3027,23,Fulham,Burnley,home,0.05344285714285714,0.11227644,0.05883358520609992
3585,11352517,23/24,2023-12-23,23,3027,Burnley,Fulham,away,0.07496315789473684,0.118012145,0.04304898726689188
3586,11352528,23/24,2023-12-23,6072,769,Nottingham Forest,Bournemouth,home,0.09024444444444445,0.11823936,0.027994913623068066
3586,11352528,23/24,2023-12-23,769,6072,Bournemouth,Nottingham Forest,away,0.09279090909090909,0.10972116,0.016930252334204587
3587,11352520,23/24,2023-12-23,19,17,Liverpool FC,Arsenal,home,0.056846153846153845,0.1192832,0.06243704546414889
3587,11352520,23/24,2023-12-23,17,19,Arsenal,Liverpool FC,away,0.07432307692307692,0.12006894,0.0457458606169774
3588,11352538,23/24,2023-12-24,3033,24,Wolverhampton,Chelsea,home,0.128675,0.1239336,-0.004741401600837719
3588,11352538,23/24,2023-12-24,24,3033,Chelsea,Wolverhampton,away,0.09127857142857143,0.11307959,0.02180102115699223
3589,11352566,23/24,2023-12-26,21,6072,Newcastle United,Nottingham Forest,home,0.23062,0.12702611,-0.10359388911247253
3589,11352566,23/24,2023-12-26,6072,21,Nottingham Forest,Newcastle United,away,0.1342578947368421,0.11600761,-0.018250283581332155
3590,11352541,23/24,2023-12-26,769,3027,Bournemouth,Fulham,home,0.0344,0.113582514,0.07918251422643661
3590,11352541,23/24,2023-12-26,3027,769,Fulham,Bournemouth,away,0.11405625,0.12179449,0.007738242006301882
3591,11352569,23/24,2023-12-26,3792,6830,Sheffield United,Luton Town,home,0.052658333333333335,0.1141555,0.06149716779390971
3591,11352569,23/24,2023-12-26,6830,3792,Luton Town,Sheffield United,away,0.13367142857142858,0.111632325,-0.022039103816236777
3592,11352554,23/24,2023-12-26,23,19,Burnley,Liverpool FC,home,0.09558947368421053,0.117732614,0.022143140594582805
3592,11352554,23/24,2023-12-26,19,23,Liverpool FC,Burnley,away,0.09005555555555556,0.110854216,0.02079866036441591
3593,11352563,23/24,2023-12-26,1,12,Manchester United,Aston Villa,home,0.16619,0.11367199,-0.05251801175117493
3593,11352563,23/24,2023-12-26,12,1,Aston Villa,Manchester United,away,0.08717692307692308,0.11878743,0.031610507149879744
3594,11352557,23/24,2023-12-27,24,18,Chelsea,Crystal Palace,home,0.08609230769230769,0.1168157,0.030723393434744617
3594,11352557,23/24,2023-12-27,18,24,Crystal Palace,Chelsea,away,0.2852222222222222,0.11792293,-0.16729929031266105
3595,11352547,23/24,2023-12-27,5301,3033,Brentford,Wolverhampton,home,0.21711818181818182,0.11371301,-0.10340517067259009
3595,11352547,23/24,2023-12-27,3033,5301,Wolverhampton,Brentford,away,0.1596357142857143,0.11832515,-0.04131056278262821
3596,11352559,23/24,2023-12-27,10,22,Everton,Manchester City,home,0.1155913043478261,0.112850234,-0.0027410704353581367
3596,11352559,23/24,2023-12-27,22,10,Manchester City,Everton,away,0.1397142857142857,0.12002062,-0.019693665189402437
3597,11777280,23/24,2023-12-28,2275,8,Brighton & Hove Albion,Tottenham Hotspur,home,0.12396842105263157,0.118979275,-0.004989145826038557
3597,11777280,23/24,2023-12-28,8,2275,Tottenham Hotspur,Brighton & Hove Albion,away,0.24114,0.12346635,-0.11767364986181258
3598,11777281,23/24,2023-12-28,17,7,Arsenal,West Ham United,home,0.2368,0.12302809,-0.11377190791368486
3598,11777281,23/24,2023-12-28,7,17,West Ham United,Arsenal,away,0.0967,0.11438479,0.01768479274511338
3599,11352582,23/24,2023-12-30,6830,24,Luton Town,Chelsea,home,0.12461666666666667,0.11753627,-0.007080397538344066
3599,11352582,23/24,2023-12-30,24,6830,Chelsea,Luton Town,away,0.1724,0.11393465,-0.05846534898281097
3600,11352583,23/24,2023-12-30,22,3792,Manchester City,Sheffield United,home,0.07825,0.109752014,0.03150201427936554
3600,11352583,23/24,2023-12-30,3792,22,Sheffield United,Manchester City,away,0.12263333333333333,0.117561996,-0.005071337350209551
3601,11352573,23/24,2023-12-30,12,23,Aston Villa,Burnley,home,0.12982222222222223,0.1122151,-0.01760712050331964
3601,11352573,23/24,2023-12-30,23,12,Burnley,Aston Villa,away,0.17025263157894738,0.11439921,-0.05585342196037896
3602,11352592,23/24,2023-12-30,3033,10,Wolverhampton,Everton,home,0.04552,0.11556486,0.07004486040353775
3602,11352592,23/24,2023-12-30,10,3033,Everton,Wolverhampton,away,0.16581666666666667,0.11217146,-0.05364520299832026
3603,11352576,23/24,2023-12-30,18,5301,Crystal Palace,Brentford,home,0.15467777777777778,0.12325707,-0.03142070699797736
3603,11352576,23/24,2023-12-30,5301,18,Brentford,Crystal Palace,away,0.07543846153846154,0.11593081,0.04049234903225532
3604,11352586,23/24,2023-12-30,6072,1,Nottingham Forest,Manchester United,home,0.07561,0.11467782,0.03906781662940979
3604,11352586,23/24,2023-12-30,1,6072,Manchester United,Nottingham Forest,away,0.0869125,0.1138355,0.02692299869060516
3605,11352577,23/24,2023-12-31,3027,17,Fulham,Arsenal,home,0.13018461538461537,0.12238511,-0.007799508403814742
3605,11352577,23/24,2023-12-31,17,3027,Arsenal,Fulham,away,0.08160666666666666,0.11208972,0.030483056681950893
3606,11352587,23/24,2023-12-31,8,769,Tottenham Hotspur,Bournemouth,home,0.06996666666666666,0.12660529,0.05663862052758535
3606,11352587,23/24,2023-12-31,769,8,Bournemouth,Tottenham Hotspur,away,0.19334166666666666,0.11654965,-0.07679201832214991
3607,11352580,23/24,2024-01-01,19,21,Liverpool FC,Newcastle United,home,0.12012,0.11631276,-0.0038072428655624435
3607,11352580,23/24,2024-01-01,21,19,Newcastle United,Liverpool FC,away,0.21760588235294118,0.12148694,-0.09611894286309972
3608,11352589,23/24,2024-01-02,7,2275,West Ham United,Brighton & Hove Albion,home,0.10855,0.11396949,0.005419489932060248
3608,11352589,23/24,2024-01-02,2275,7,Brighton & Hove Albion,West Ham United,away,0.11375,0.11768331,0.003933306336402889
3609,11352318,23/24,2024-01-12,23,6830,Burnley,Luton Town,home,0.06772857142857143,0.11409266,0.04636409150191716
3609,11352318,23/24,2024-01-12,6830,23,Luton Town,Burnley,away,0.08476153846153846,0.10945511,0.024693570181039667
3610,11352321,23/24,2024-01-13,24,3027,Chelsea,Fulham,home,0.06112857142857143,0.110245645,0.0491170736176627
3610,11352321,23/24,2024-01-13,3027,24,Fulham,Chelsea,away,0.1293058823529412,0.12274407,-0.006561813849561365
3611,11352331,23/24,2024-01-13,21,22,Newcastle United,Manchester City,home,0.11115925925925926,0.120616965,0.00945770573660179
3611,11352331,23/24,2024-01-13,22,21,Manchester City,Newcastle United,away,0.10823333333333333,0.12148262,0.013249284819761911
3612,11352324,23/24,2024-01-14,10,12,Everton,Aston Villa,home,0.07849375,0.11185175,0.033358001804351806
3612,11352324,23/24,2024-01-14,12,10,Aston Villa,Everton,away,0.12039,0.112567104,-0.007822895600795743
3613,11352328,23/24,2024-01-14,1,8,Manchester United,Tottenham Hotspur,home,0.07715625,0.114366814,0.037210564494133
3613,11352328,23/24,2024-01-14,8,1,Tottenham Hotspur,Manchester United,away,0.08348888888888889,0.11093388,0.027444988638824885
3614,11352311,23/24,2024-01-20,17,18,Arsenal,Crystal Palace,home,0.028991666666666666,0.11792534,0.0889336717804273
3614,11352311,23/24,2024-01-20,18,17,Crystal Palace,Arsenal,away,0.1529952380952381,0.11701123,-0.03598401138158072
3615,11352313,23/24,2024-01-20,5301,6072,Brentford,Nottingham Forest,home,0.10138333333333333,0.1151624,0.01377906905810039
3615,11352313,23/24,2024-01-20,6072,5301,Nottingham Forest,Brentford,away,0.10907272727272727,0.112994894,0.003922167112610564
3616,11352334,23/24,2024-01-21,3792,7,Sheffield United,West Ham United,home,0.14646875,0.11303758,-0.0334311712384224
3616,11352334,23/24,2024-01-21,7,3792,West Ham United,Sheffield United,away,0.1273,0.10966515,-0.017634852039813992
3617,11352308,23/24,2024-01-21,769,19,Bournemouth,Liverpool FC,home,0.11222142857142857,0.11892761,0.0067061843293053786
3617,11352308,23/24,2024-01-21,19,769,Liverpool FC,Bournemouth,away,0.1244,0.112605296,-0.011794703924655911
3618,11352315,23/24,2024-01-22,2275,3033,Brighton & Hove Albion,Wolverhampton,home,0.14325,0.11841196,-0.02483804178237914
3618,11352315,23/24,2024-01-22,3033,2275,Wolverhampton,Brighton & Hove Albion,away,0.09587272727272728,0.115498744,0.019626016678593372
3619,11352348,23/24,2024-01-30,6072,17,Nottingham Forest,Arsenal,home,0.06181578947368421,0.11167786,0.04986207323011599
3619,11352348,23/24,2024-01-30,17,6072,Arsenal,Nottingham Forest,away,0.052333333333333336,0.11224557,0.059912233809630074
3620,11352344,23/24,2024-01-30,6830,2275,Luton Town,Brighton & Hove Albion,home,0.10841111111111111,0.116661325,0.008250213985972935
3620,11352344,23/24,2024-01-30,2275,6830,Brighton & Hove Albion,Luton Town,away,0.17831111111111111,0.113178834,-0.06513227679199643
3621,11352342,23/24,2024-01-30,3027,10,Fulham,Everton,home,0.10402380952380952,0.11369355,0.009669740705263052
3621,11352342,23/24,2024-01-30,10,3027,Everton,Fulham,away,0.066192,0.107214905,0.04102290532159805
3622,11352361,23/24,2024-01-30,18,3792,Crystal Palace,Sheffield United,home,0.08472222222222223,0.112256505,0.027534282373057467
3622,11352361,23/24,2024-01-30,3792,18,Sheffield United,Crystal Palace,away,0.09555,0.1119115,0.016361498010158543
3623,11352338,23/24,2024-01-30,12,21,Aston Villa,Newcastle United,home,0.18933571428571427,0.124983884,-0.06435182989154542
3623,11352338,23/24,2024-01-30,21,12,Newcastle United,Aston Villa,away,0.121375,0.11746485,-0.003910152137279507
3624,11352369,23/24,2024-01-31,22,23,Manchester City,Burnley,home,0.18058749999999998,0.11377467,-0.0668128278493881
3624,11352369,23/24,2024-01-31,23,22,Burnley,Manchester City,away,0.12537857142857142,0.11846802,-0.006910555042539318
3625,11352351,23/24,2024-01-31,8,5301,Tottenham Hotspur,Brentford,home,0.18013333333333334,0.11954146,-0.060591874547799435
3625,11352351,23/24,2024-01-31,5301,8,Brentford,Tottenham Hotspur,away,0.15823157894736842,0.116797864,-0.041433714510265146
3626,11352365,23/24,2024-01-31,19,24,Liverpool FC,Chelsea,home,0.1457,0.11802238,-0.0276776177406311
3626,11352365,23/24,2024-01-31,24,19,Chelsea,Liverpool FC,away,0.10375,0.119607985,0.015857985019683843
3627,11352354,23/24,2024-02-01,7,769,West Ham United,Bournemouth,home,0.1337,0.11519949,-0.01850050861835481
3627,11352354,23/24,2024-02-01,769,7,Bournemouth,West Ham United,away,0.15402222222222223,0.11692814,-0.03709408438338174
3628,11896302,23/24,2024-02-01,3033,1,Wolverhampton,Manchester United,home,0.15896666666666667,0.11119897,-0.04776769748131435
3628,11896302,23/24,2024-02-01,1,3033,Manchester United,Wolverhampton,away,0.13719375,0.11297192,-0.024221833205223087
3629,11352395,23/24,2024-02-03,10,8,Everton,Tottenham Hotspur,home,0.10886666666666667,0.11181565,0.0029489796241124466
3629,11352395,23/24,2024-02-03,8,10,Tottenham Hotspur,Everton,away,0.22834285714285715,0.11906527,-0.10927758731501444
3630,11352402,23/24,2024-02-03,21,6830,Newcastle United,Luton Town,home,0.21783636363636363,0.1163584,-0.10147796424518932
3630,11352402,23/24,2024-02-03,6830,21,Luton Town,Newcastle United,away,0.1302684210526316,0.11581583,-0.01445258784168646
3631,11352383,23/24,2024-02-03,2275,18,Brighton & Hove Albion,Crystal Palace,home,0.042742857142857145,0.110661335,0.06791847814662116
3631,11352383,23/24,2024-02-03,18,2275,Crystal Palace,Brighton & Hove Albion,away,0.10964615384615385,0.116280474,0.006634319922557239
3632,11352386,23/24,2024-02-03,23,3027,Burnley,Fulham,home,0.10098,0.11109851,0.010118513007164001
3632,11352386,23/24,2024-02-03,3027,23,Fulham,Burnley,away,0.1508,0.11402673,-0.03677326725721358
3633,11352409,23/24,2024-02-03,3792,12,Sheffield United,Aston Villa,home,0.18195,0.11880681,-0.06314319081306458
3633,11352409,23/24,2024-02-03,12,3792,Aston Villa,Sheffield United,away,0.17467,0.123534255,-0.05113574527025222
3634,11352398,23/24,2024-02-04,1,7,Manchester United,West Ham United,home,0.06380909090909091,0.11412281,0.05031371707049283
3634,11352398,23/24,2024-02-04,7,1,West Ham United,Manchester United,away,0.06254166666666666,0.110377476,0.04783580895264944
3635,11352392,23/24,2024-02-04,24,3033,Chelsea,Wolverhampton,home,0.14264285714285715,0.11948755,-0.02315531075852259
3635,11352392,23/24,2024-02-04,3033,24,Wolverhampton,Chelsea,away,0.11571333333333333,0.11275442,-0.0029589138873418186
3636,11352372,23/24,2024-02-04,769,6072,Bournemouth,Nottingham Forest,home,0.0659,0.11486296,0.04896296355724335
3636,11352372,23/24,2024-02-04,6072,769,Nottingham Forest,Bournemouth,away,0.16544444444444445,0.11477549,-0.050668958153989585
3637,11352376,23/24,2024-02-04,17,19,Arsenal,Liverpool FC,home,0.03725,0.11807542,0.08082542294263839
3637,11352376,23/24,2024-02-04,19,17,Liverpool FC,Arsenal,away,0.24934,0.13013431,-0.11920568570137025
3638,11352380,23/24,2024-02-05,5301,22,Brentford,Manchester City,home,0.08376,0.11539854,0.03163854109287262
3638,11352380,23/24,2024-02-05,22,5301,Manchester City,Brentford,away,0.11591111111111112,0.11806631,0.002155199771457242
3639,11352431,23/24,2024-02-10,22,10,Manchester City,Everton,home,0.06372,0.119509324,0.055789324431419374
3639,11352431,23/24,2024-02-10,10,22,Everton,Manchester City,away,0.08569473684210527,0.11088941,0.025194675620606066
3640,11352423,23/24,2024-02-10,19,23,Liverpool FC,Burnley,home,0.1567,0.11779236,-0.03890763951539994
3640,11352423,23/24,2024-02-10,23,19,Burnley,Liverpool FC,away,0.114388,0.11723793,0.002849932980060574
3641,11352439,23/24,2024-02-10,8,2275,Tottenham Hotspur,Brighton & Hove Albion,home,0.20591666666666666,0.12862115,-0.07729552058378855
3641,11352439,23/24,2024-02-10,2275,8,Brighton & Hove Albion,Tottenham Hotspur,away,0.103575,0.118115745,0.014540745484828949
3642,11352446,23/24,2024-02-10,3033,5301,Wolverhampton,Brentford,home,0.21536666666666665,0.11333826,-0.10202840482393899
3642,11352446,23/24,2024-02-10,5301,3033,Brentford,Wolverhampton,away,0.06154117647058823,0.11514269,0.053601511684586024
3643,11352419,23/24,2024-02-10,3027,769,Fulham,Bournemouth,home,0.073712,0.11924491,0.04553291077661514
3643,11352419,23/24,2024-02-10,769,3027,Bournemouth,Fulham,away,0.22195714285714285,0.1082605,-0.1136966454063143
3644,11352427,23/24,2024-02-10,6830,3792,Luton Town,Sheffield United,home,0.2584142857142857,0.11970843,-0.13870585941757474
3644,11352427,23/24,2024-02-10,3792,6830,Sheffield United,Luton Town,away,0.09422,0.11762409,0.023404089121818544
3645,11352435,23/24,2024-02-10,6072,21,Nottingham Forest,Newcastle United,home,0.06922857142857143,0.11573053,0.04650196008511952
3645,11352435,23/24,2024-02-10,21,6072,Newcastle United,Nottingham Forest,away,0.11535384615384615,0.10816658,-0.007187263271441827
3646,11352443,23/24,2024-02-11,7,17,West Ham United,Arsenal,home,0.143716,0.11569471,-0.02802129087781907
3646,11352443,23/24,2024-02-11,17,7,Arsenal,West Ham United,away,0.04434,0.110863425,0.06652342483758927
3647,11352412,23/24,2024-02-11,12,1,Aston Villa,Manchester United,home,0.10555294117647059,0.121969424,0.01641648301166647
3647,11352412,23/24,2024-02-11,1,12,Manchester United,Aston Villa,away,0.11368695652173913,0.11458857,0.0009016170532807066
3648,11352415,23/24,2024-02-12,18,24,Crystal Palace,Chelsea,home,0.10033571428571428,0.116392106,0.01605639153208052
3648,11352415,23/24,2024-02-12,24,18,Chelsea,Crystal Palace,away,0.04283076923076923,0.11174699,0.06891621995980923
3649,11352450,23/24,2024-02-17,5301,19,Brentford,Liverpool FC,home,0.19102666666666665,0.11648581,-0.07454085489670434
3649,11352450,23/24,2024-02-17,19,5301,Liverpool FC,Brentford,away,0.12255333333333333,0.11415426,-0.008399076453049978
3650,11352453,23/24,2024-02-17,23,17,Burnley,Arsenal,home,0.14748125,0.11764523,-0.029836023581027993
3650,11352453,23/24,2024-02-17,17,23,Arsenal,Burnley,away,0.038675,0.11797431,0.07929931111335754
3651,11352486,23/24,2024-02-17,8,3033,Tottenham Hotspur,Wolverhampton,home,0.14683333333333334,0.12588426,-0.020949068625768036
3651,11352486,23/24,2024-02-17,3033,8,Wolverhampton,Tottenham Hotspur,away,0.1078,0.11497033,0.007170326423645013
3652,11352474,23/24,2024-02-17,21,769,Newcastle United,Bournemouth,home,0.18469166666666667,0.114630245,-0.07006142199436824
3652,11352474,23/24,2024-02-17,769,21,Bournemouth,Newcastle United,away,0.13091176470588237,0.11113874,-0.019773026014075573
3653,11352462,23/24,2024-02-17,3027,12,Fulham,Aston Villa,home,0.13425833333333334,0.11798632,-0.016272011884053555
3653,11352462,23/24,2024-02-17,12,3027,Aston Villa,Fulham,away,0.10352666666666667,0.11759272,0.014066055510838824
3654,11352478,23/24,2024-02-17,6072,7,Nottingham Forest,West Ham United,home,0.05003,0.113978125,0.06394812515497209
3654,11352478,23/24,2024-02-17,7,6072,West Ham United,Nottingham Forest,away,0.14853157894736843,0.11266256,-0.03586901770955639
3655,11352469,23/24,2024-02-17,22,24,Manchester City,Chelsea,home,0.1629,0.11904957,-0.043850428545474995
3655,11352469,23/24,2024-02-17,24,22,Chelsea,Manchester City,away,0.08689677419354838,0.12137834,0.03448156563351232
3656,11352481,23/24,2024-02-18,3792,2275,Sheffield United,Brighton & Hove Albion,home,0.12582083333333333,0.11502554,-0.010795290656884504
3656,11352481,23/24,2024-02-18,2275,3792,Brighton & Hove Albion,Sheffield United,away,0.099,0.116930984,0.017930983960628505
3657,11352465,23/24,2024-02-18,6830,1,Luton Town,Manchester United,home,0.14182380952380952,0.1173836,-0.024440210242498484
3657,11352465,23/24,2024-02-18,1,6830,Manchester United,Luton Town,away,0.08267272727272727,0.112959296,0.030286568238518455
3658,11352458,23/24,2024-02-19,10,18,Everton,Crystal Palace,home,0.07316,0.105674915,0.032514915015697476
3658,11352458,23/24,2024-02-19,18,10,Crystal Palace,Everton,away,0.09495263157894737,0.11520059,0.02024795503804558
3659,11971437,23/24,2024-02-20,22,5301,Manchester City,Brentford,home,0.05895,0.11785261,0.05890261332988739
3659,11971437,23/24,2024-02-20,5301,22,Brentford,Manchester City,away,0.097924,0.112184726,0.014260725701808932
3660,11352512,23/24,2024-02-21,19,6830,Liverpool FC,Luton Town,home,0.07795833333333334,0.120811306,0.04285297260681788
3660,11352512,23/24,2024-02-21,6830,19,Luton Town,Liverpool FC,away,0.11453448275862069,0.11652301,0.0019885297602620644
3661,11352518,23/24,2024-02-24,1,3027,Manchester United,Fulham,home,0.07084117647058824,0.11199212,0.04115094427220961
3661,11352518,23/24,2024-02-24,3027,1,Fulham,Manchester United,away,0.0824952380952381,0.11860318,0.036107939273402806
3662,11352499,23/24,2024-02-24,12,6072,Aston Villa,Nottingham Forest,home,0.25638,0.12155771,-0.13482228744506836
3662,11352499,23/24,2024-02-24,6072,12,Nottingham Forest,Aston Villa,away,0.22954375,0.11999384,-0.10954990686178206
3663,11352502,23/24,2024-02-24,2275,10,Brighton & Hove Albion,Everton,home,0.0483,0.120499186,0.07219918621778487
3663,11352502,23/24,2024-02-24,10,2275,Everton,Brighton & Hove Albion,away,0.06130434782608696,0.11102051,0.04971616505280785
3664,11352509,23/24,2024-02-24,23,18,Burnley,Crystal Palace,away,0.16024666666666668,0.11168248,-0.04856418460289638
3665,11352490,23/24,2024-02-24,769,22,Bournemouth,Manchester City,home,0.11725333333333333,0.11607191,-0.001181423667271933
3665,11352490,23/24,2024-02-24,22,769,Manchester City,Bournemouth,away,0.07196153846153847,0.11522922,0.04326768073668846
3666,11352493,23/24,2024-02-24,17,21,Arsenal,Newcastle United,home,0.05276666666666667,0.11761898,0.06485231135686238
3666,11352493,23/24,2024-02-24,21,17,Newcastle United,Arsenal,away,0.15869444444444444,0.11571569,-0.04297875448730257
3667,11352525,23/24,2024-02-25,3033,3792,Wolverhampton,Sheffield United,home,0.04824166666666667,0.113141604,0.06489993710120519
3667,11352525,23/24,2024-02-25,3792,3033,Sheffield United,Wolverhampton,away,0.10045384615384616,0.116718635,0.016264788809189426
3668,11352521,23/24,2024-02-26,7,5301,West Ham United,Brentford,home,0.06572142857142857,0.112944305,0.04722287637165615
3668,11352521,23/24,2024-02-26,5301,7,Brentford,West Ham United,away,0.09937647058823529,0.11153704,0.012160568691702456
3669,11352556,23/24,2024-03-02,6072,19,Nottingham Forest,Liverpool FC,home,0.09386818181818182,0.11409014,0.020221955365484406
3669,11352556,23/24,2024-03-02,19,6072,Liverpool FC,Nottingham Forest,away,0.12155,0.11944124,-0.0021087589740753226
3670,11352530,23/24,2024-03-02,5301,24,Brentford,Chelsea,home,0.1066,0.11281168,0.006211677157878875
3670,11352530,23/24,2024-03-02,24,5301,Chelsea,Brentford,away,0.13089285714285714,0.112084396,-0.01880846095936639
3671,11352564,23/24,2024-03-02,8,18,Tottenham Hotspur,Crystal Palace,home,0.08035,0.1145611,0.034211103284358974
3671,11352564,23/24,2024-03-02,18,8,Crystal Palace,Tottenham Hotspur,away,0.13659285714285715,0.11630974,-0.020283117493561348
3672,11352553,23/24,2024-03-02,21,3033,Newcastle United,Wolverhampton,home,0.06638333333333334,0.11661401,0.050230673126379646
3672,11352553,23/24,2024-03-02,3033,21,Wolverhampton,Newcastle United,away,0.15665,0.11884429,-0.03780570694208146
3673,11352537,23/24,2024-03-02,10,7,Everton,West Ham United,home,0.15610833333333332,0.11368122,-0.04242711381514866
3673,11352537,23/24,2024-03-02,7,10,West Ham United,Everton,away,0.12415,0.113672994,-0.010477005922794339
3674,11352540,23/24,2024-03-02,3027,2275,Fulham,Brighton & Hove Albion,home,0.08905333333333333,0.116711736,0.0276584023920695
3674,11352540,23/24,2024-03-02,2275,3027,Brighton & Hove Albion,Fulham,away,0.10798333333333333,0.116623506,0.008640172616640726
3675,11352545,23/24,2024-03-02,6830,12,Luton Town,Aston Villa,home,0.16281666666666667,0.116580404,-0.04623626232544581
3675,11352545,23/24,2024-03-02,12,6830,Aston Villa,Luton Town,away,0.14282857142857142,0.1233708,-0.019457774986539556
3676,11352533,23/24,2024-03-03,23,769,Burnley,Bournemouth,home,0.11225,0.11509059,0.0028405936956405614
3676,11352533,23/24,2024-03-03,769,23,Bournemouth,Burnley,away,0.07508,0.10977058,0.03469058112621308
3677,11352548,23/24,2024-03-03,22,1,Manchester City,Manchester United,home,0.08286666666666667,0.1136246,0.030757935889561966
3677,11352548,23/24,2024-03-03,1,22,Manchester United,Manchester City,away,0.1233888888888889,0.1166508,-0.006738091462188303
3678,11352560,23/24,2024-03-04,3792,17,Sheffield United,Arsenal,home,0.1054909090909091,0.11745719,0.011966279574957758
3678,11352560,23/24,2024-03-04,17,3792,Arsenal,Sheffield United,away,0.059725,0.10969017,0.049965167009830475
3679,11352591,23/24,2024-03-09,1,10,Manchester United,Everton,home,0.07024347826086956,0.113446936,0.04320345775044483
3679,11352591,23/24,2024-03-09,10,1,Everton,Manchester United,away,0.18130666666666667,0.11462915,-0.06667751722971599
3680,11352595,23/24,2024-03-09,3033,3027,Wolverhampton,Fulham,home,0.12063478260869565,0.11524276,-0.005392025705524106
3680,11352595,23/24,2024-03-09,3027,3033,Fulham,Wolverhampton,away,0.1042625,0.11329587,0.00903336803913117
3681,11352585,23/24,2024-03-09,18,6830,Crystal Palace,Luton Town,home,0.10525,0.11702113,0.011771128535270695
3681,11352585,23/24,2024-03-09,6830,18,Luton Town,Crystal Palace,away,0.13230952380952382,0.112299666,-0.020009858000846148
3682,11352567,23/24,2024-03-09,769,3792,Bournemouth,Sheffield United,home,0.09761538461538462,0.11020055,0.012585162066496333
3682,11352567,23/24,2024-03-09,3792,769,Sheffield United,Bournemouth,away,0.104659375,0.11400152,0.009342144978046418
3683,11352572,23/24,2024-03-09,17,5301,Arsenal,Brentford,home,0.10801111111111111,0.11348091,0.0054697995477252515
3683,11352572,23/24,2024-03-09,5301,17,Brentford,Arsenal,away,0.07555882352941176,0.11306811,0.03750928771145204
3684,11352575,23/24,2024-03-10,12,8,Aston Villa,Tottenham Hotspur,home,0.17202222222222222,0.12322317,-0.048799051584137804
3684,11352575,23/24,2024-03-10,8,12,Tottenham Hotspur,Aston Villa,away,0.08256,0.12075503,0.038195031704902654
3685,11352593,23/24,2024-03-10,7,23,West Ham United,Burnley,home,0.061418181818181816,0.10975066,0.04833247645551508
3685,11352593,23/24,2024-03-10,23,7,Burnley,West Ham United,away,0.09607272727272727,0.110695764,0.014623037149689419
3686,11352579,23/24,2024-03-10,2275,6072,Brighton & Hove Albion,Nottingham Forest,home,0.0782,0.11551096,0.0373109629034996
3686,11352579,23/24,2024-03-10,6072,2275,Nottingham Forest,Brighton & Hove Albion,away,0.04297,0.11074919,0.06777919253587722
3687,11352588,23/24,2024-03-10,19,22,Liverpool FC,Manchester City,home,0.15581,0.12458762,-0.03122238218545914
3687,11352588,23/24,2024-03-10,22,19,Manchester City,Liverpool FC,away,0.14198947368421053,0.11454685,-0.027442623360533464
3688,11352581,23/24,2024-03-11,24,21,Chelsea,Newcastle United,home,0.06705454545454545,0.119333394,0.05227884841723876
3688,11352581,23/24,2024-03-11,21,24,Newcastle United,Chelsea,away,0.13121666666666668,0.11914604,-0.012070625094572712
3689,11977248,23/24,2024-03-13,769,6830,Bournemouth,Luton Town,home,0.2570625,0.11739664,-0.13966586220264438
3689,11977248,23/24,2024-03-13,6830,769,Luton Town,Bournemouth,away,0.09857916666666666,0.11530333,0.016724163456757868
3690,11352599,23/24,2024-03-16,23,5301,Burnley,Brentford,home,0.12925555555555557,0.11363191,-0.015623643979761348
3690,11352599,23/24,2024-03-16,5301,23,Brentford,Burnley,away,0.16308235294117648,0.10731252,-0.055769830112597535
3691,11352606,23/24,2024-03-16,6830,6072,Luton Town,Nottingham Forest,home,0.12385,0.11501069,-0.008839306330680849
3691,11352606,23/24,2024-03-16,6072,6830,Nottingham Forest,Luton Town,away,0.05784,0.11251829,0.05467828819513321
3692,11352604,23/24,2024-03-16,3027,8,Fulham,Tottenham Hotspur,home,0.17245,0.11390605,-0.05854395176172256
3692,11352604,23/24,2024-03-16,8,3027,Tottenham Hotspur,Fulham,away,0.17938125,0.12533039,-0.05405086145401
3693,11352609,23/24,2024-03-17,7,12,West Ham United,Aston Villa,home,0.05096153846153846,0.11115456,0.0601930252634562
3693,11352609,23/24,2024-03-17,12,7,Aston Villa,West Ham United,away,0.15523076923076923,0.11649979,-0.03873098017160709
3694,11352620,23/24,2024-03-30,21,7,Newcastle United,West Ham United,home,0.14166,0.11541115,-0.026248852524757393
3694,11352620,23/24,2024-03-30,7,21,West Ham United,Newcastle United,away,0.17040833333333333,0.10737855,-0.06302978345950444
3695,11352616,23/24,2024-03-30,24,23,Chelsea,Burnley,home,0.09126666666666666,0.10975401,0.018487344368298853
3695,11352616,23/24,2024-03-30,23,24,Burnley,Chelsea,away,0.1292151515151515,0.117743775,-0.011471376266623978
3696,11352624,23/24,2024-03-30,8,6830,Tottenham Hotspur,Luton Town,home,0.07484285714285714,0.11634276,0.04149990347964423
3696,11352624,23/24,2024-03-30,6830,8,Luton Town,Tottenham Hotspur,away,0.17757058823529412,0.11186714,-0.06570345098200966
3697,11352612,23/24,2024-03-30,769,10,Bournemouth,Everton,home,0.14432857142857142,0.11168774,-0.032640829254899695
3697,11352612,23/24,2024-03-30,10,769,Everton,Bournemouth,away,0.1209909090909091,0.11518231,-0.005808598748120397
3698,11352623,23/24,2024-03-30,3792,3027,Sheffield United,Fulham,home,0.054325,0.116760954,0.06243595426082611
3698,11352623,23/24,2024-03-30,3027,3792,Fulham,Sheffield United,away,0.235625,0.11112463,-0.12450037270784378
3699,11352622,23/24,2024-03-30,6072,18,Nottingham Forest,Crystal Palace,home,0.11904,0.11081728,-0.008222716608047492
3699,11352622,23/24,2024-03-30,18,6072,Crystal Palace,Nottingham Forest,away,0.07675,0.11502163,0.03827163112163544
3700,11352613,23/24,2024-03-30,12,3033,Aston Villa,Wolverhampton,home,0.11492307692307692,0.11248073,-0.0024423471047328033
3700,11352613,23/24,2024-03-30,3033,12,Wolverhampton,Aston Villa,away,0.08950909090909091,0.1172758,0.02776670592156323
3701,11352614,23/24,2024-03-30,5301,1,Brentford,Manchester United,home,0.053645454545454545,0.11288214,0.05923668275312944
3701,11352614,23/24,2024-03-30,1,5301,Manchester United,Brentford,away,0.10750967741935484,0.110416114,0.0029064369109369076
3702,11352617,23/24,2024-03-31,19,2275,Liverpool FC,Brighton & Hove Albion,home,0.05034444444444444,0.11609615,0.06575170196029875
3702,11352617,23/24,2024-03-31,2275,19,Brighton & Hove Albion,Liverpool FC,away,0.09445333333333333,0.117841154,0.023387821003595988
3703,11352619,23/24,2024-03-31,22,17,Manchester City,Arsenal,home,0.10971666666666667,0.11717514,0.007458472820123033
3703,11352619,23/24,2024-03-31,17,22,Arsenal,Manchester City,away,0.08500833333333334,0.12143903,0.0364306989232699
3704,11352343,23/24,2024-04-02,21,10,Newcastle United,Everton,home,0.14416,0.1141445,-0.030015503380298625
3704,11352343,23/24,2024-04-02,10,21,Everton,Newcastle United,away,0.13820555555555555,0.114354655,-0.023850900408956738
3705,11352333,23/24,2024-04-02,6072,3027,Nottingham Forest,Fulham,home,0.08357777777777778,0.113343306,0.029765528108014
3705,11352333,23/24,2024-04-02,3027,6072,Fulham,Nottingham Forest,away,0.09575625,0.11359137,0.017835122966766356
3706,11352330,23/24,2024-04-02,23,3033,Burnley,Wolverhampton,home,0.1126875,0.11128699,-0.0014005096554756125
3706,11352330,23/24,2024-04-02,3033,23,Wolverhampton,Burnley,away,0.1029,0.11505719,0.012157192742824549
3707,11352319,23/24,2024-04-02,18,769,Crystal Palace,Bournemouth,away,0.10018181818181818,0.112939894,0.01275807601755316
3708,11352336,23/24,2024-04-02,7,8,West Ham United,Tottenham Hotspur,home,0.07378461538461538,0.11091276,0.037128147197686714
3708,11352336,23/24,2024-04-02,8,7,Tottenham Hotspur,West Ham United,away,0.13553636363636365,0.12169733,-0.013839034651626253
3709,11352322,23/24,2024-04-03,17,6830,Arsenal,Luton Town,home,0.0683,0.10927334,0.040973336827754975
3709,11352322,23/24,2024-04-03,6830,17,Luton Town,Arsenal,away,0.05916153846153846,0.11123623,0.05207469107737908
3710,11352325,23/24,2024-04-03,5301,2275,Brentford,Brighton & Hove Albion,home,0.0473375,0.108039804,0.060702303802967074
3710,11352325,23/24,2024-04-03,2275,5301,Brighton & Hove Albion,Brentford,away,0.11366,0.11770243,0.004042431976795199
3711,11352352,23/24,2024-04-03,22,12,Manchester City,Aston Villa,home,0.095875,0.11744651,0.021571511983871458
3711,11352352,23/24,2024-04-03,12,22,Aston Villa,Manchester City,away,0.138228,0.12695964,-0.011268363192558278
3712,11352347,23/24,2024-04-04,19,3792,Liverpool FC,Sheffield United,home,0.11804,0.113157436,-0.004882563748359686
3712,11352347,23/24,2024-04-04,3792,19,Sheffield United,Liverpool FC,away,0.06301379310344828,0.114535354,0.05152156097436773
3713,11352340,23/24,2024-04-04,24,1,Chelsea,Manchester United,home,0.07761052631578948,0.12047906,0.04286853588380311
3713,11352340,23/24,2024-04-04,1,24,Manchester United,Chelsea,away,0.10777142857142857,0.114248104,0.006476675822053635
3714,11352362,23/24,2024-04-06,18,22,Crystal Palace,Manchester City,home,0.10615555555555556,0.115899816,0.009744260599878096
3714,11352362,23/24,2024-04-06,22,18,Manchester City,Crystal Palace,away,0.1538,0.12016218,-0.03363781844377517
3715,11352368,23/24,2024-04-06,3027,21,Fulham,Newcastle United,home,0.08130833333333333,0.11656546,0.0352571251432101
3715,11352368,23/24,2024-04-06,21,3027,Newcastle United,Fulham,away,0.08986428571428572,0.11393908,0.024074790947777883
3716,11352355,23/24,2024-04-06,12,5301,Aston Villa,Brentford,home,0.19544999999999998,0.121240065,-0.0742099354982376
3716,11352355,23/24,2024-04-06,5301,12,Brentford,Aston Villa,away,0.13785454545454545,0.10819888,-0.02965566430525346
3717,11352384,23/24,2024-04-06,3033,7,Wolverhampton,West Ham United,home,0.10584545454545455,0.11768475,0.011839297203584148
3717,11352384,23/24,2024-04-06,7,3033,West Ham United,Wolverhampton,away,0.10490000000000001,0.11824755,0.013347553706169121
3718,11352364,23/24,2024-04-06,10,23,Everton,Burnley,home,0.077,0.11469778,0.03769777673482895
3718,11352364,23/24,2024-04-06,23,10,Burnley,Everton,away,0.078325,0.11558878,0.03726377676725387
3719,11352371,23/24,2024-04-06,6830,769,Luton Town,Bournemouth,home,0.05095,0.11137715,0.06042714982032776
3719,11352371,23/24,2024-04-06,769,6830,Bournemouth,Luton Town,away,0.07702105263157895,0.106236786,0.029215733018674347
3720,11352359,23/24,2024-04-06,2275,17,Brighton & Hove Albion,Arsenal,home,0.16964,0.118172586,-0.05146741403579713
3720,11352359,23/24,2024-04-06,17,2275,Arsenal,Brighton & Hove Albion,away,0.05267,0.112312555,0.05964255531311035
3721,11352374,23/24,2024-04-07,1,19,Manchester United,Liverpool FC,home,0.13214642857142858,0.11501197,-0.017134460852827355
3721,11352374,23/24,2024-04-07,19,1,Liverpool FC,Manchester United,away,0.07802222222222223,0.110162236,0.03214001357422934
3722,11352378,23/24,2024-04-07,3792,24,Sheffield United,Chelsea,home,0.058166666666666665,0.11460604,0.05643937106927236
3722,11352378,23/24,2024-04-07,24,3792,Chelsea,Sheffield United,away,0.1257,0.1115929,-0.014107103717327124
3723,11352381,23/24,2024-04-07,8,6072,Tottenham Hotspur,Nottingham Forest,home,0.12743076923076924,0.1123016,-0.015129166271136363
3723,11352381,23/24,2024-04-07,6072,8,Nottingham Forest,Tottenham Hotspur,away,0.09140588235294118,0.113566056,0.022160173540956826
3724,11352410,23/24,2024-04-13,21,8,Newcastle United,Tottenham Hotspur,home,0.07021818181818182,0.113268636,0.04305045434886759
3724,11352410,23/24,2024-04-13,8,21,Tottenham Hotspur,Newcastle United,away,0.16009444444444446,0.12441113,-0.035683315983083524
3725,11352406,23/24,2024-04-13,22,6830,Manchester City,Luton Town,home,0.12755,0.11046927,-0.017080733227729794
3725,11352406,23/24,2024-04-13,6830,22,Luton Town,Manchester City,away,0.12137837837837838,0.11555168,-0.005826698051916587
3726,11352397,23/24,2024-04-13,23,2275,Burnley,Brighton & Hove Albion,home,0.043095,0.11143138,0.06833638259649277
3726,11352397,23/24,2024-04-13,2275,23,Brighton & Hove Albion,Burnley,away,0.15561818181818182,0.11715134,-0.038466839485818694
3727,11352413,23/24,2024-04-13,6072,3033,Nottingham Forest,Wolverhampton,home,0.10988181818181818,0.10910774,-0.0007740779584104324
3727,11352413,23/24,2024-04-13,3033,6072,Wolverhampton,Nottingham Forest,away,0.1068,0.11767457,0.010874566805362695
3728,11352394,23/24,2024-04-13,5301,3792,Brentford,Sheffield United,home,0.1049625,0.10819888,0.003236381149291992
3728,11352394,23/24,2024-04-13,3792,5301,Sheffield United,Brentford,away,0.11331111111111111,0.115518555,0.002207443934016756
3729,11352387,23/24,2024-04-13,769,1,Bournemouth,Manchester United,home,0.1571625,0.11028198,-0.04688051847219468
3729,11352387,23/24,2024-04-13,1,769,Manchester United,Bournemouth,away,0.08182,0.11359277,0.031772773675918575
3730,11352403,23/24,2024-04-14,19,18,Liverpool FC,Crystal Palace,home,0.247875,0.118352406,-0.12952259427309037
3730,11352403,23/24,2024-04-14,18,19,Crystal Palace,Liverpool FC,away,0.13379047619047618,0.11834595,-0.01544452266636348
3731,11352416,23/24,2024-04-14,7,3027,West Ham United,Fulham,home,0.18251666666666666,0.111256994,-0.07125967235962549
3731,11352416,23/24,2024-04-14,3027,7,Fulham,West Ham United,away,0.06193333333333333,0.12073453,0.05880119437376658
3732,11352390,23/24,2024-04-14,17,12,Arsenal,Aston Villa,home,0.08510909090909091,0.11002746,0.0249183713349429
3732,11352390,23/24,2024-04-14,12,17,Aston Villa,Arsenal,away,0.09873333333333334,0.117436014,0.018702680782477055
3733,11352401,23/24,2024-04-15,24,10,Chelsea,Everton,home,0.14821,0.11962567,-0.028584327301979073
3733,11352401,23/24,2024-04-15,10,24,Everton,Chelsea,away,0.2435642857142857,0.11764572,-0.1259185675569943
3734,11352434,23/24,2024-04-20,6830,5301,Luton Town,Brentford,home,0.14946190476190477,0.11399334,-0.03546856552135377
3734,11352434,23/24,2024-04-20,5301,6830,Brentford,Luton Town,away,0.0976,0.10738294,0.00978293826580047
3735,11352441,23/24,2024-04-20,3792,23,Sheffield United,Burnley,home,0.13601875,0.11423666,-0.02178208969831466
3735,11352441,23/24,2024-04-20,23,3792,Burnley,Sheffield United,away,0.13602777777777778,0.1139541,-0.022073680745230778
3736,11352448,23/24,2024-04-20,3033,17,Wolverhampton,Arsenal,home,0.04924166666666667,0.11635753,0.0671158610065778
3736,11352448,23/24,2024-04-20,17,3033,Arsenal,Wolverhampton,away,0.03458,0.1101292,0.07554919992208481
3737,11352429,23/24,2024-04-21,10,6072,Everton,Nottingham Forest,home,0.118425,0.11090587,-0.0075191292047500635
3737,11352429,23/24,2024-04-21,6072,10,Nottingham Forest,Everton,away,0.048785714285714286,0.1111584,0.06237268648828779
3738,11352420,23/24,2024-04-21,12,769,Aston Villa,Bournemouth,home,0.12626428571428572,0.11590671,-0.010357577771799908
3738,11352420,23/24,2024-04-21,769,12,Bournemouth,Aston Villa,away,0.16734,0.11042815,-0.05691185298204421
3739,11352425,23/24,2024-04-21,18,7,Crystal Palace,West Ham United,home,0.318075,0.12110072,-0.19697428370714187
3739,11352425,23/24,2024-04-21,7,18,West Ham United,Crystal Palace,away,0.13363333333333333,0.11112478,-0.022508557029565168
3740,11352432,23/24,2024-04-21,3027,19,Fulham,Liverpool FC,home,0.07171428571428572,0.1171708,0.04545651753459658
3740,11352432,23/24,2024-04-21,19,3027,Liverpool FC,Fulham,away,0.06736666666666667,0.11697501,0.04960834277470906
3741,12190322,23/24,2024-04-23,17,24,Arsenal,Chelsea,home,0.23962857142857144,0.12129538,-0.11833319381645749
3741,12190322,23/24,2024-04-23,24,17,Chelsea,Arsenal,away,0.12675555555555557,0.11998203,-0.006773529038164361
3742,12190332,23/24,2024-04-24,3033,769,Wolverhampton,Bournemouth,home,0.09332380952380953,0.115965776,0.02264196662164869
3742,12190332,23/24,2024-04-24,769,3033,Bournemouth,Wolverhampton,away,0.03716666666666667,0.110038534,0.07287186714013417
3743,12190339,23/24,2024-04-24,10,19,Everton,Liverpool FC,home,0.0906304347826087,0.11099206,0.020361624328986458
3743,12190339,23/24,2024-04-24,19,10,Liverpool FC,Everton,away,0.0789375,0.10951307,0.0305755667090416
3744,12190336,23/24,2024-04-24,1,3792,Manchester United,Sheffield United,home,0.08155,0.116449594,0.03489959449768067
3744,12190336,23/24,2024-04-24,3792,1,Sheffield United,Manchester United,away,0.117452,0.11145745,-0.005994547821998597
3745,12190340,23/24,2024-04-24,18,21,Crystal Palace,Newcastle United,home,0.051628571428571426,0.11618485,0.06455628158875874
3745,12190340,23/24,2024-04-24,21,18,Newcastle United,Crystal Palace,away,0.044625,0.11161269,0.06698769247531891
3746,12190341,23/24,2024-04-25,2275,22,Brighton & Hove Albion,Manchester City,home,0.09747142857142857,0.11814933,0.02067790413073131
3746,12190341,23/24,2024-04-25,22,2275,Manchester City,Brighton & Hove Albion,away,0.08838571428571429,0.109524295,0.02113858044828687
3747,11352476,23/24,2024-04-27,7,19,West Ham United,Liverpool FC,home,0.06263214285714286,0.11253965,0.04990750615256173
3747,11352476,23/24,2024-04-27,19,7,Liverpool FC,West Ham United,away,0.06398181818181818,0.11235368,0.04837186433618719
3748,11352463,23/24,2024-04-27,1,23,Manchester United,Burnley,home,0.1287125,0.11680301,-0.011909487211704262
3748,11352463,23/24,2024-04-27,23,1,Burnley,Manchester United,away,0.10025925925925926,0.11513619,0.014876931989634481
3749,11352467,23/24,2024-04-27,21,3792,Newcastle United,Sheffield United,home,0.10416666666666667,0.105037905,0.0008712386091550145
3749,11352467,23/24,2024-04-27,3792,21,Sheffield United,Newcastle United,away,0.15547,0.11278793,-0.04268206784248352
3750,11352460,23/24,2024-04-27,3027,18,Fulham,Crystal Palace,home,0.0723,0.11724375,0.04494375188350677
3750,11352460,23/24,2024-04-27,18,3027,Crystal Palace,Fulham,away,0.12648888888888887,0.11744693,-0.009041959672503985
3751,11352479,23/24,2024-04-27,3033,6830,Wolverhampton,Luton Town,home,0.06592222222222223,0.11498952,0.049067296897040466
3751,11352479,23/24,2024-04-27,6830,3033,Luton Town,Wolverhampton,away,0.09306923076923077,0.110789195,0.017719963933871347
3752,11352457,23/24,2024-04-27,10,5301,Everton,Brentford,home,0.08769,0.111169845,0.023479844865798946
3752,11352457,23/24,2024-04-27,5301,10,Brentford,Everton,away,0.04787222222222222,0.10672115,0.058848925672637095
3753,11352454,23/24,2024-04-27,12,24,Aston Villa,Chelsea,home,0.0745904761904762,0.11901911,0.044428637290568576
3753,11352454,23/24,2024-04-27,24,12,Chelsea,Aston Villa,away,0.1224,0.116742104,-0.005657895708084101
3754,11352472,23/24,2024-04-28,8,17,Tottenham Hotspur,Arsenal,home,0.114,0.12523507,0.011235065817832943
3754,11352472,23/24,2024-04-28,17,8,Arsenal,Tottenham Hotspur,away,0.16136,0.11432877,-0.0470312281703949
3755,11352451,23/24,2024-04-28,769,2275,Bournemouth,Brighton & Hove Albion,home,0.07256923076923077,0.107467726,0.034898495103762694
3755,11352451,23/24,2024-04-28,2275,769,Brighton & Hove Albion,Bournemouth,away,0.14044666666666666,0.11788612,-0.022560548075834908
3756,11352470,23/24,2024-04-28,6072,22,Nottingham Forest,Manchester City,home,0.07944545454545454,0.11727593,0.03783047639565035
3756,11352470,23/24,2024-04-28,22,6072,Manchester City,Nottingham Forest,away,0.13812142857142856,0.11819061,-0.019930819652761722
3757,12226774,23/24,2024-05-02,24,8,Chelsea,Tottenham Hotspur,home,0.08675263157894737,0.12012009,0.03336746164748543
3757,12226774,23/24,2024-05-02,8,24,Tottenham Hotspur,Chelsea,away,0.1556875,0.123255506,-0.032431993842124945
3758,11352503,23/24,2024-05-03,6830,10,Luton Town,Everton,home,0.14223,0.113645814,-0.028584185640811915
3758,11352503,23/24,2024-05-03,10,6830,Everton,Luton Town,away,0.044983333333333334,0.10860844,0.06362510623137156
3759,11352482,23/24,2024-05-04,17,769,Arsenal,Bournemouth,home,0.06635714285714285,0.11391306,0.04755591637747629
3759,11352482,23/24,2024-05-04,769,17,Bournemouth,Arsenal,away,0.135636,0.11227,-0.023366002403259284
3760,11352491,23/24,2024-05-04,23,21,Burnley,Newcastle United,home,0.16618260869565218,0.118860655,-0.04732195416274279
3760,11352491,23/24,2024-05-04,21,23,Newcastle United,Burnley,away,0.061235294117647054,0.11350551,0.05227021835832035
3761,11352485,23/24,2024-05-04,5301,3027,Brentford,Fulham,home,0.08508666666666667,0.11127691,0.026190243042310074
3761,11352485,23/24,2024-05-04,3027,5301,Fulham,Brentford,away,0.0902,0.115725644,0.025525643932819364
3762,11352510,23/24,2024-05-04,3792,6072,Sheffield United,Nottingham Forest,home,0.09676,0.11364921,0.01688921182394028
3762,11352510,23/24,2024-05-04,6072,3792,Nottingham Forest,Sheffield United,away,0.13608823529411765,0.11506383,-0.021024404083981235
3763,11352507,23/24,2024-05-04,3033,22,Wolverhampton,Manchester City,away,0.18683,0.12656896,-0.06026104183673858
3764,11352494,23/24,2024-05-05,24,7,Chelsea,West Ham United,home,0.06776153846153846,0.11333599,0.04557445095410714
3764,11352494,23/24,2024-05-05,7,24,West Ham United,Chelsea,away,0.16877999999999999,0.11342164,-0.05535835870981215
3765,11352488,23/24,2024-05-05,12,2275,Aston Villa,Brighton & Hove Albion,away,0.16846,0.116850905,-0.051609094879627226
3766,11352500,23/24,2024-05-05,19,8,Liverpool FC,Tottenham Hotspur,home,0.11231818181818182,0.11668798,0.004369801456278022
3766,11352500,23/24,2024-05-05,8,19,Tottenham Hotspur,Liverpool FC,away,0.145352,0.12879221,-0.016559788586616525
3767,12226495,23/24,2024-05-06,18,1,Crystal Palace,Manchester United,home,0.050557142857142856,0.117769174,0.06721203142063958
3767,12226495,23/24,2024-05-06,1,18,Manchester United,Crystal Palace,away,0.09732222222222223,0.11582588,0.018503654371367556
3768,11352529,23/24,2024-05-11,3027,22,Fulham,Manchester City,home,0.2029375,0.11597897,-0.08695852887630462
3769,11352542,23/24,2024-05-11,8,23,Tottenham Hotspur,Burnley,home,0.09612857142857142,0.120020516,0.02389194478818349
3769,11352542,23/24,2024-05-11,23,8,Burnley,Tottenham Hotspur,away,0.12932857142857143,0.11492226,-0.014406308700357168
3770,11352536,23/24,2024-05-11,21,2275,Newcastle United,Brighton & Hove Albion,home,0.09132,0.10510727,0.013787270181179048
3770,11352536,23/24,2024-05-11,2275,21,Brighton & Hove Albion,Newcastle United,away,0.12347222222222222,0.120901875,-0.0025703470243347987
3771,11352513,23/24,2024-05-11,7,6830,West Ham United,Luton Town,home,0.08075,0.111727655,0.03097765493392944
3771,11352513,23/24,2024-05-11,6830,7,Luton Town,West Ham United,away,0.13402916666666667,0.11076314,-0.023266026643912002
3772,11352516,23/24,2024-05-11,3033,18,Wolverhampton,Crystal Palace,home,0.20787692307692307,0.12677848,-0.08109843968611496
3772,11352516,23/24,2024-05-11,18,3033,Crystal Palace,Wolverhampton,away,0.11185714285714286,0.10607636,-0.005780783108302531
3773,11352527,23/24,2024-05-11,10,3792,Everton,Sheffield United,home,0.046007692307692305,0.11103746,0.0650297706420605
3773,11352527,23/24,2024-05-11,3792,10,Sheffield United,Everton,away,0.15644666666666668,0.11148298,-0.044963688799540213
3774,11352519,23/24,2024-05-11,769,5301,Bournemouth,Brentford,home,0.09860909090909091,0.11219126,0.013582168951901522
3774,11352519,23/24,2024-05-11,5301,769,Brentford,Bournemouth,away,0.0517,0.11246243,0.06076243119239807
3775,11352539,23/24,2024-05-11,6072,24,Nottingham Forest,Chelsea,home,0.13494166666666665,0.11637916,-0.018562509957949308
3775,11352539,23/24,2024-05-11,24,6072,Chelsea,Nottingham Forest,away,0.08373,0.11987379,0.036143791933059694
3776,11352532,23/24,2024-05-12,1,17,Manchester United,Arsenal,home,0.13813636363636364,0.120630234,-0.017506129156459466
3776,11352532,23/24,2024-05-12,17,1,Arsenal,Manchester United,away,0.036457142857142855,0.11238169,0.07592454639332635
3777,11352523,23/24,2024-05-13,12,19,Aston Villa,Liverpool FC,home,0.1303642857142857,0.116418034,-0.013946251876013616
3777,11352523,23/24,2024-05-13,19,12,Liverpool FC,Aston Villa,away,0.16691052631578948,0.11516237,-0.05174815372667815
3778,12240634,23/24,2024-05-14,8,22,Tottenham Hotspur,Manchester City,home,0.2994,0.13440387,-0.16499613049030304
3778,12240634,23/24,2024-05-14,22,8,Manchester City,Tottenham Hotspur,away,0.16572,0.11573771,-0.04998229357719422
3779,12240570,23/24,2024-05-15,2275,24,Brighton & Hove Albion,Chelsea,home,0.11027857142857143,0.117904186,0.007625614820207863
3779,12240570,23/24,2024-05-15,24,2275,Chelsea,Brighton & Hove Albion,away,0.1061,0.11372012,0.007620118999481201
3780,12240571,23/24,2024-05-15,1,21,Manchester United,Newcastle United,home,0.10445714285714286,0.119045615,0.014588472339085168
3780,12240571,23/24,2024-05-15,21,1,Newcastle United,Manchester United,away,0.08706470588235293,0.11672103,0.029656320717054263
3781,11352571,23/24,2024-05-19,7,22,West Ham United,Manchester City,away,0.07299285714285714,0.11159952,0.03860666270596641
3782,11352552,23/24,2024-05-19,2275,1,Brighton & Hove Albion,Manchester United,home,0.11685454545454546,0.11906552,0.002210977693037547
3782,11352552,23/24,2024-05-19,1,2275,Manchester United,Brighton & Hove Albion,away,0.11086470588235293,0.116754696,0.00588998989077176
3783,11352565,23/24,2024-05-19,19,3033,Liverpool FC,Wolverhampton,home,0.12442500000000001,0.1149452,-0.009479796934127815
3783,11352565,23/24,2024-05-19,3033,19,Wolverhampton,Liverpool FC,away,0.13517777777777779,0.12646076,-0.0087170169459449
3784,11352546,23/24,2024-05-19,17,10,Arsenal,Everton,home,0.12252,0.111807145,-0.01071285482168198
3784,11352546,23/24,2024-05-19,10,17,Everton,Arsenal,away,0.11698076923076924,0.1138778,-0.0031029661435347383
3785,11352558,23/24,2024-05-19,24,769,Chelsea,Bournemouth,home,0.11033636363636364,0.11951947,0.009183108485828748
3785,11352558,23/24,2024-05-19,769,24,Bournemouth,Chelsea,away,0.0710875,0.11377216,0.042684661304950716
3786,11352574,23/24,2024-05-19,3792,8,Sheffield United,Tottenham Hotspur,home,0.17542222222222223,0.11786139,-0.05756083210839166
3786,11352574,23/24,2024-05-19,8,3792,Tottenham Hotspur,Sheffield United,away,0.16398333333333334,0.121180855,-0.042802478595574706
3787,11352549,23/24,2024-05-19,5301,21,Brentford,Newcastle United,home,0.2910333333333333,0.11956532,-0.17146801033814746
3787,11352549,23/24,2024-05-19,21,5301,Newcastle United,Brentford,away,0.11309999999999999,0.11631532,0.0032153201341629106
3788,11352562,23/24,2024-05-19,18,12,Crystal Palace,Aston Villa,home,0.12725,0.11588836,-0.011361642837524416
3788,11352562,23/24,2024-05-19,12,18,Aston Villa,Crystal Palace,away,0.16917333333333334,0.1238954,-0.04527793406089148
3789,11352568,23/24,2024-05-19,6830,3027,Luton Town,Fulham,home,0.06826875,0.11371613,0.045447382938861844
3789,11352568,23/24,2024-05-19,3027,6830,Fulham,Luton Town,away,0.14006666666666667,0.11175384,-0.028312822941939042
3790,11352555,23/24,2024-05-19,23,6072,Burnley,Nottingham Forest,home,0.14805,0.11588197,-0.032168027985095965
3790,11352555,23/24,2024-05-19,6072,23,Nottingham Forest,Burnley,away,0.06055,0.113355696,0.05280569620132446
3791,12436870,24/25,2024-08-16,1,3027,Manchester United,Fulham,home,0.04353,0.11150538,0.06797538176298142
3791,12436870,24/25,2024-08-16,3027,1,Fulham,Manchester United,away,0.1738357142857143,0.11150538,-0.06233033252273287
3792,12436871,24/25,2024-08-17,7583,19,Ipswich Town,Liverpool FC,home,0.14771666666666666,0.11150538,-0.03621128490368525
3792,12436871,24/25,2024-08-17,19,7583,Liverpool FC,Ipswich Town,away,0.06461428571428571,0.11150538,0.04689109604869571
3793,12436872,24/25,2024-08-17,17,3033,Arsenal,Wolverhampton,home,0.05215555555555555,0.11150538,0.05934982620742586
3793,12436872,24/25,2024-08-17,3033,17,Wolverhampton,Arsenal,away,0.06873333333333333,0.11150538,0.04277204842964809
3794,12436874,24/25,2024-08-17,21,20,Newcastle United,Southampton,home,0.0958842105263158,0.11150538,0.01562117123666562
3794,12436874,24/25,2024-08-17,20,21,Southampton,Newcastle United,away,0.08446666666666666,0.11150538,0.027038715096314753
3795,12436873,24/25,2024-08-17,10,2275,Everton,Brighton & Hove Albion,home,0.14304,0.11150538,-0.031534618237018586
3795,12436873,24/25,2024-08-17,2275,10,Brighton & Hove Albion,Everton,away,0.050522222222222225,0.11150538,0.06098315954075919
3796,12436875,24/25,2024-08-17,6072,769,Nottingham Forest,Bournemouth,home,0.09404615384615385,0.11150538,0.017459227916827566
3796,12436875,24/25,2024-08-17,769,6072,Bournemouth,Nottingham Forest,away,0.09971428571428571,0.11150538,0.011791096048695701
3797,12436877,24/25,2024-08-17,7,12,West Ham United,Aston Villa,home,0.13525333333333334,0.11150538,-0.02374795157035192
3797,12436877,24/25,2024-08-17,12,7,Aston Villa,West Ham United,away,0.1754642857142857,0.11150538,-0.0639589039513043
3798,12436879,24/25,2024-08-18,5301,18,Brentford,Crystal Palace,home,0.08358571428571429,0.11150538,0.027919667477267124
3798,12436879,24/25,2024-08-18,18,5301,Crystal Palace,Brentford,away,0.19974444444444445,0.11150538,-0.08823906268146303
3799,12436880,24/25,2024-08-18,24,22,Chelsea,Manchester City,home,0.06995454545454545,0.11150538,0.041550836308435965
3799,12436880,24/25,2024-08-18,22,24,Manchester City,Chelsea,away,0.10143,0.11150538,0.010075381762981409
3800,12436881,24/25,2024-08-19,9,8,Leicester City,Tottenham Hotspur,home,0.07840666666666667,0.11150538,0.03309871509631475
3800,12436881,24/25,2024-08-19,8,9,Tottenham Hotspur,Leicester City,away,0.14932857142857142,0.11150538,-0.03782318966559001
3801,12436888,24/25,2024-08-24,2275,1,Brighton & Hove Albion,Manchester United,home,0.12972727272727272,0.11630395,-0.013423322179100722
3801,12436888,24/25,2024-08-24,1,2275,Manchester United,Brighton & Hove Albion,away,0.14952142857142856,0.11236161,-0.03715981863566806
3802,12436898,24/25,2024-08-24,7583,22,Ipswich Town,Manchester City,away,0.23882857142857142,0.11696899,-0.121859582056318
3803,12436902,24/25,2024-08-24,8,10,Tottenham Hotspur,Everton,home,0.09979,0.11441801,0.014628007433414456
3803,12436902,24/25,2024-08-24,10,8,Everton,Tottenham Hotspur,away,0.1872,0.11305612,-0.07414387674331666
3804,12436892,24/25,2024-08-24,18,7,Crystal Palace,West Ham United,home,0.07739444444444445,0.11554023,0.038145784339639874
3804,12436892,24/25,2024-08-24,7,18,West Ham United,Crystal Palace,away,0.09623571428571429,0.11233802,0.01610230711187635
3805,12436894,24/25,2024-08-24,3027,9,Fulham,Leicester City,home,0.0608,0.116607524,0.05580752445459366
3805,12436894,24/25,2024-08-24,9,3027,Leicester City,Fulham,away,0.0987,0.11146148,0.012761482942104344
3806,12436900,24/25,2024-08-24,20,6072,Southampton,Nottingham Forest,home,0.10654782608695652,0.1225397,0.015991872990649678
3806,12436900,24/25,2024-08-24,6072,20,Nottingham Forest,Southampton,away,0.02816,0.11237748,0.08421747967243194
3807,12436886,24/25,2024-08-24,12,17,Aston Villa,Arsenal,home,0.09654444444444445,0.11237748,0.0158330352279875
3807,12436886,24/25,2024-08-24,17,12,Arsenal,Aston Villa,away,0.11598181818181819,0.11237748,-0.00360433850938624
3808,12436904,24/25,2024-08-25,3033,24,Wolverhampton,Chelsea,home,0.11966428571428571,0.11696899,-0.002695296342032291
3808,12436904,24/25,2024-08-25,24,3033,Chelsea,Wolverhampton,away,0.16323333333333334,0.11235389,-0.050879442199071256
3809,12436884,24/25,2024-08-25,769,21,Bournemouth,Newcastle United,home,0.12104285714285715,0.11415585,-0.006887005838326049
3809,12436884,24/25,2024-08-25,21,769,Newcastle United,Bournemouth,away,0.14094375,0.11696899,-0.02397476062774659
3810,12436896,24/25,2024-08-25,19,5301,Liverpool FC,Brentford,home,0.06875,0.112167,0.04341700077056884
3810,12436896,24/25,2024-08-25,5301,19,Brentford,Liverpool FC,away,0.13964736842105263,0.11413998,-0.02550738685319298
3811,12436906,24/25,2024-08-31,17,2275,Arsenal,Brighton & Hove Albion,home,0.0841,0.112721935,0.028621934914588934
3811,12436906,24/25,2024-08-31,2275,17,Brighton & Hove Albion,Arsenal,away,0.19923636363636363,0.11444122,-0.08479514019380915
3812,12436918,24/25,2024-08-31,9,12,Leicester City,Aston Villa,home,0.155,0.11322557,-0.04177442818880081
3812,12436918,24/25,2024-08-31,12,9,Aston Villa,Leicester City,away,0.049966666666666666,0.11412506,0.06415839138825735
3813,12436912,24/25,2024-08-31,10,769,Everton,Bournemouth,home,0.13951176470588236,0.11305612,-0.026455641449199013
3813,12436912,24/25,2024-08-31,769,10,Bournemouth,Everton,away,0.11050555555555555,0.112400986,0.0018954306986596892
3814,12436926,24/25,2024-08-31,6072,3033,Nottingham Forest,Wolverhampton,home,0.06720909090909091,0.112662606,0.04545351503220471
3814,12436926,24/25,2024-08-31,3033,6072,Wolverhampton,Nottingham Forest,away,0.0649,0.11233802,0.04743802139759064
3815,12436915,24/25,2024-08-31,7583,3027,Ipswich Town,Fulham,home,0.10516666666666667,0.11696899,0.011802322705586746
3815,12436915,24/25,2024-08-31,3027,7583,Fulham,Ipswich Town,away,0.0409,0.1117702,0.07087019774913789
3816,12436908,24/25,2024-08-31,5301,20,Brentford,Southampton,home,0.08712777777777778,0.11413998,0.027012203790081873
3816,12436908,24/25,2024-08-31,20,5301,Southampton,Brentford,away,0.140225,0.11237748,-0.027847520327568043
3817,12436927,24/25,2024-08-31,7,22,West Ham United,Manchester City,home,0.13076521739130434,0.11233802,-0.018427195993713702
3817,12436927,24/25,2024-08-31,22,7,Manchester City,West Ham United,away,0.07272,0.11330111,0.04058111324787139
3818,12436910,24/25,2024-09-01,24,18,Chelsea,Crystal Palace,home,0.06037777777777778,0.11233802,0.05196024361981286
3818,12436910,24/25,2024-09-01,18,24,Crystal Palace,Chelsea,away,0.18203076923076922,0.11414093,-0.06788984143917376
3819,12436923,24/25,2024-09-01,21,8,Newcastle United,Tottenham Hotspur,home,0.06349,0.11416452,0.050674516329765315
3819,12436923,24/25,2024-09-01,8,21,Tottenham Hotspur,Newcastle United,away,0.2030888888888889,0.11330111,-0.0897877756410175
3820,12436920,24/25,2024-09-01,1,19,Manchester United,Liverpool FC,home,0.16292727272727273,0.112721935,-0.0502053378126838
3820,12436920,24/25,2024-09-01,19,1,Liverpool FC,Manchester United,away,0.170125,0.11697052,-0.05315448325872421
3821,12436949,24/25,2024-09-14,20,1,Southampton,Manchester United,home,0.13353,0.11307744,-0.02045256063222886
3821,12436949,24/25,2024-09-14,1,20,Manchester United,Southampton,away,0.18613333333333335,0.112745136,-0.0733881973107656
3822,12436946,24/25,2024-09-14,22,5301,Manchester City,Brentford,home,0.1205,0.11357358,-0.006926419019699093
3822,12436946,24/25,2024-09-14,5301,22,Brentford,Manchester City,away,0.12068888888888889,0.1127262,-0.007962692242198519
3823,12436944,24/25,2024-09-14,19,6072,Liverpool FC,Nottingham Forest,home,0.08848,0.11357358,0.0250935809803009
3823,12436944,24/25,2024-09-14,6072,19,Nottingham Forest,Liverpool FC,away,0.06732857142857143,0.11305385,0.045725279401029856
3824,12436941,24/25,2024-09-14,3027,7,Fulham,West Ham United,home,0.06874545454545454,0.1136782,0.04493274748758837
3824,12436941,24/25,2024-09-14,7,3027,West Ham United,Fulham,away,0.0735,0.11306407,0.03956407302618027
3825,12436936,24/25,2024-09-14,2275,7583,Brighton & Hove Albion,Ipswich Town,home,0.0583,0.11444122,0.056141223442554476
3825,12436936,24/25,2024-09-14,7583,2275,Ipswich Town,Brighton & Hove Albion,away,0.08427142857142857,0.11840663,0.03413520248106548
3826,12436938,24/25,2024-09-14,18,9,Crystal Palace,Leicester City,home,0.1361777777777778,0.11581804,-0.020359739194975968
3826,12436938,24/25,2024-09-14,9,18,Leicester City,Crystal Palace,away,0.12727,0.114510424,-0.012759575564861292
3827,12436933,24/25,2024-09-14,12,10,Aston Villa,Everton,home,0.14946666666666666,0.112745136,-0.036721530644098915
3827,12436933,24/25,2024-09-14,10,12,Everton,Aston Villa,away,0.12499411764705882,0.114571735,-0.010422382384188036
3828,12436931,24/25,2024-09-14,769,24,Bournemouth,Chelsea,home,0.0772,0.11179007,0.03459006844758987
3828,12436931,24/25,2024-09-14,24,769,Chelsea,Bournemouth,away,0.0929,0.112745136,0.019845136022567753
3829,12436951,24/25,2024-09-15,8,17,Tottenham Hotspur,Arsenal,home,0.10565714285714285,0.11337964,0.007722499510220124
3829,12436951,24/25,2024-09-15,17,8,Arsenal,Tottenham Hotspur,away,0.047626666666666664,0.112784594,0.0651579276307424
3830,12436954,24/25,2024-09-15,3033,21,Wolverhampton,Newcastle United,home,0.10847142857142857,0.114287905,0.0058164768236024095
3830,12436954,24/25,2024-09-15,21,3033,Newcastle United,Wolverhampton,away,0.1029,0.11185273,0.008952727830409998
3831,12436980,24/25,2024-09-21,7,24,West Ham United,Chelsea,home,0.18253333333333333,0.11487189,-0.06766144398053486
3831,12436980,24/25,2024-09-21,24,7,Chelsea,West Ham United,away,0.05690666666666667,0.11308766,0.05618099489768346
3832,12436969,24/25,2024-09-21,19,769,Liverpool FC,Bournemouth,home,0.057021052631578945,0.11275066,0.055729604271211125
3832,12436969,24/25,2024-09-21,769,19,Bournemouth,Liverpool FC,away,0.10820526315789473,0.11144561,0.003240350047538157
3833,12436977,24/25,2024-09-21,8,5301,Tottenham Hotspur,Brentford,home,0.13371666666666668,0.11337964,-0.020337024299303702
3833,12436977,24/25,2024-09-21,5301,8,Brentford,Tottenham Hotspur,away,0.1622695652173913,0.1127262,-0.049543368570700935
3834,12436964,24/25,2024-09-21,3027,21,Fulham,Newcastle United,home,0.0961125,0.11309331,0.016980809104442593
3834,12436964,24/25,2024-09-21,21,3027,Newcastle United,Fulham,away,0.1043090909090909,0.1118686,0.0075595066579905446
3835,12436957,24/25,2024-09-21,12,3033,Aston Villa,Wolverhampton,home,0.05145,0.11336377,0.061913772630691526
3835,12436957,24/25,2024-09-21,3033,12,Wolverhampton,Aston Villa,away,0.19216666666666668,0.11307994,-0.07908672390381496
3836,12436967,24/25,2024-09-21,9,10,Leicester City,Everton,home,0.06485882352941176,0.11488776,0.05002893556005815
3836,12436967,24/25,2024-09-21,10,9,Everton,Leicester City,away,0.05519166666666667,0.1131443,0.057952634211381276
3837,12436973,24/25,2024-09-21,20,7583,Southampton,Ipswich Town,home,0.12983846153846154,0.11398692,-0.015851544698385095
3837,12436973,24/25,2024-09-21,7583,20,Ipswich Town,Southampton,away,0.22668181818181818,0.11878302,-0.10789879869872873
3838,12436962,24/25,2024-09-21,18,1,Crystal Palace,Manchester United,home,0.11686666666666666,0.113417886,-0.0034487804690996743
3838,12436962,24/25,2024-09-21,1,18,Manchester United,Crystal Palace,away,0.11564444444444444,0.11360983,-0.002034616389539501
3839,12436959,24/25,2024-09-22,2275,6072,Brighton & Hove Albion,Nottingham Forest,home,0.35455,0.11444122,-0.2401087765574455
3839,12436959,24/25,2024-09-22,6072,2275,Nottingham Forest,Brighton & Hove Albion,away,0.07169285714285714,0.11307744,0.04138458222491401
3840,12436971,24/25,2024-09-22,22,17,Manchester City,Arsenal,home,0.13484,0.11357358,-0.021266419019699084
3840,12436971,24/25,2024-09-22,17,22,Arsenal,Manchester City,away,0.06621818181818181,0.112784594,0.04656641247922724
3841,12436999,24/25,2024-09-28,21,22,Newcastle United,Manchester City,home,0.057075,0.11438249,0.05730749051570892
3841,12436999,24/25,2024-09-28,22,21,Manchester City,Newcastle United,away,0.14343636363636364,0.11681453,-0.02662183225046505
3842,12436985,24/25,2024-09-28,17,9,Arsenal,Leicester City,home,0.0646,0.102537386,0.03793738611936569
3842,12436985,24/25,2024-09-28,9,17,Leicester City,Arsenal,away,0.1375142857142857,0.11259147,-0.024922817916529505
3843,12436989,24/25,2024-09-28,24,2275,Chelsea,Brighton & Hove Albion,home,0.07392,0.11882147,0.04490147192955017
3843,12436989,24/25,2024-09-28,2275,24,Brighton & Hove Albion,Chelsea,away,0.27752666666666664,0.12283417,-0.15469249829212822
3844,12436987,24/25,2024-09-28,5301,7,Brentford,West Ham United,home,0.051910526315789476,0.11276271,0.060852185626406416
3844,12436987,24/25,2024-09-28,7,5301,West Ham United,Brentford,away,0.046,0.11394539,0.0679453873038292
3845,12436992,24/25,2024-09-28,10,18,Everton,Crystal Palace,home,0.05561764705882353,0.112088814,0.0564711673189612
3845,12436992,24/25,2024-09-28,18,10,Crystal Palace,Everton,away,0.111225,0.114975885,0.0037508845567703203
3846,12437001,24/25,2024-09-28,6072,3027,Nottingham Forest,Fulham,home,0.09527857142857142,0.11587363,0.020595055936064047
3846,12437001,24/25,2024-09-28,3027,6072,Fulham,Nottingham Forest,away,0.07238181818181819,0.111624785,0.03924296658580953
3847,12437002,24/25,2024-09-28,3033,19,Wolverhampton,Liverpool FC,home,0.25418,0.12112165,-0.13305834757566454
3847,12437002,24/25,2024-09-28,19,3033,Liverpool FC,Wolverhampton,away,0.0793375,0.10587588,0.0265383795261383
3848,12436993,24/25,2024-09-29,7583,12,Ipswich Town,Aston Villa,home,0.11715714285714286,0.11707159,-8.555153948920646e-05
3848,12436993,24/25,2024-09-29,12,7583,Aston Villa,Ipswich Town,away,0.07881333333333333,0.108017325,0.02920399206797282
3849,12436995,24/25,2024-09-29,1,8,Manchester United,Tottenham Hotspur,home,0.19628333333333334,0.12281193,-0.07347140494187673
3849,12436995,24/25,2024-09-29,8,1,Tottenham Hotspur,Manchester United,away,0.08704545454545455,0.12161278,0.034567325250668954
3850,12436982,24/25,2024-09-30,769,20,Bournemouth,Southampton,home,0.06648888888888889,0.11052427,0.044035378069347805
3850,12436982,24/25,2024-09-30,20,769,Southampton,Bournemouth,away,0.09795714285714285,0.117843,0.019885859223774505
3851,12437015,24/25,2024-10-05,18,19,Crystal Palace,Liverpool FC,home,0.087175,0.117835805,0.030660804820060727
3851,12437015,24/25,2024-10-05,19,18,Liverpool FC,Crystal Palace,away,0.07165555555555556,0.11429916,0.04264360766675737
3852,12437022,24/25,2024-10-05,22,3027,Manchester City,Fulham,home,0.23606363636363636,0.12257782,-0.1134858126651157
3852,12437022,24/25,2024-10-05,3027,22,Fulham,Manchester City,away,0.0786,0.116443604,0.037843604230880734
3853,12437004,24/25,2024-10-05,17,20,Arsenal,Southampton,home,0.0816375,0.103453204,0.02181570403575897
3853,12437004,24/25,2024-10-05,20,17,Southampton,Arsenal,away,0.09910344827586207,0.1200175,0.020914050455751093
3854,12437024,24/25,2024-10-05,7,7583,West Ham United,Ipswich Town,home,0.0721,0.11168082,0.03958082058429718
3854,12437024,24/25,2024-10-05,7583,7,Ipswich Town,West Ham United,away,0.1677,0.11923458,-0.04846542317867278
3855,12437020,24/25,2024-10-05,9,769,Leicester City,Bournemouth,home,0.11379473684210527,0.113323495,-0.00047124205012070985
3855,12437020,24/25,2024-10-05,769,9,Bournemouth,Leicester City,away,0.13095,0.107681505,-0.023268494617939006
3856,12437008,24/25,2024-10-05,5301,3033,Brentford,Wolverhampton,home,0.06201176470588235,0.10986466,0.04785289490152808
3856,12437008,24/25,2024-10-05,3033,5301,Wolverhampton,Brentford,away,0.22366315789473684,0.113843665,-0.10981949336779745
3857,12437018,24/25,2024-10-05,10,21,Everton,Newcastle United,home,0.14662142857142857,0.1163306,-0.030290827296461376
3857,12437018,24/25,2024-10-05,21,10,Newcastle United,Everton,away,0.0897,0.109798335,0.020098334538936613
3858,12437006,24/25,2024-10-06,12,1,Aston Villa,Manchester United,home,0.05682,0.1182998,0.061479797177314756
3858,12437006,24/25,2024-10-06,1,12,Manchester United,Aston Villa,away,0.0458,0.12255829,0.07675828827619552
3859,12437013,24/25,2024-10-06,24,6072,Chelsea,Nottingham Forest,home,0.0546,0.10863526,0.05403526165485382
3859,12437013,24/25,2024-10-06,6072,24,Nottingham Forest,Chelsea,away,0.11183636363636364,0.11572554,0.003889175988327373
3860,12437011,24/25,2024-10-06,2275,8,Brighton & Hove Albion,Tottenham Hotspur,home,0.10313076923076923,0.12119459,0.01806382437761013
3860,12437011,24/25,2024-10-06,8,2275,Tottenham Hotspur,Brighton & Hove Albion,away,0.1598181818181818,0.12122587,-0.03859231067245655
3861,12437038,24/25,2024-10-19,8,7,Tottenham Hotspur,West Ham United,home,0.0713090909090909,0.11664417,0.045335075500878425
3861,12437038,24/25,2024-10-19,7,8,West Ham United,Tottenham Hotspur,away,0.08725909090909091,0.115301915,0.028042823604020203
3862,12437034,24/25,2024-10-19,1,5301,Manchester United,Brentford,home,0.1071375,0.11933665,0.01219914977550507
3862,12437034,24/25,2024-10-19,5301,1,Brentford,Manchester United,away,0.057843478260869566,0.11203875,0.054195268215303835
3863,12437035,24/25,2024-10-19,21,2275,Newcastle United,Brighton & Hove Albion,home,0.1122,0.11441363,0.002213626492023474
3863,12437035,24/25,2024-10-19,2275,21,Brighton & Hove Albion,Newcastle United,away,0.09621904761904762,0.11939549,0.023176439391431353
3864,12437028,24/25,2024-10-19,3027,12,Fulham,Aston Villa,home,0.11999285714285714,0.1141967,-0.0057961543049131065
3864,12437028,24/25,2024-10-19,12,3027,Aston Villa,Fulham,away,0.17777,0.12283246,-0.054937537808418285
3865,12437037,24/25,2024-10-19,20,9,Southampton,Leicester City,home,0.1782277777777778,0.11324306,-0.06498471945391762
3865,12437037,24/25,2024-10-19,9,20,Leicester City,Southampton,away,0.15452857142857143,0.11105468,-0.04347389018705913
3866,12437030,24/25,2024-10-19,7583,10,Ipswich Town,Everton,home,0.1578090909090909,0.11226754,-0.04554155200394716
3866,12437030,24/25,2024-10-19,10,7583,Everton,Ipswich Town,away,0.09636153846153846,0.110707074,0.01434553594222436
3867,12437026,24/25,2024-10-19,769,17,Bournemouth,Arsenal,home,0.11328333333333333,0.11355639,0.00027305915753046694
3867,12437026,24/25,2024-10-19,17,769,Arsenal,Bournemouth,away,0.14024615384615385,0.11270195,-0.027544201388725875
3868,12437039,24/25,2024-10-20,3033,22,Wolverhampton,Manchester City,home,0.07371818181818182,0.117245495,0.043527313501184633
3869,12437032,24/25,2024-10-20,19,24,Liverpool FC,Chelsea,home,0.082525,0.11995796,0.03743296114206314
3869,12437032,24/25,2024-10-20,24,19,Chelsea,Liverpool FC,away,0.21511111111111111,0.1200369,-0.09507421106762357
3870,12437036,24/25,2024-10-21,6072,18,Nottingham Forest,Crystal Palace,home,0.048535,0.105735466,0.05720046588420868
3870,12437036,24/25,2024-10-21,18,6072,Crystal Palace,Nottingham Forest,away,0.088255,0.11190488,0.02364988189458847
3871,12437048,24/25,2024-10-25,9,6072,Leicester City,Nottingham Forest,home,0.087045,0.10841136,0.02136635680675507
3871,12437048,24/25,2024-10-25,6072,9,Nottingham Forest,Leicester City,away,0.06941818181818182,0.10664401,0.03722583021575754
3872,12437049,24/25,2024-10-26,22,20,Manchester City,Southampton,home,0.0415,0.11478264,0.0732826388478279
3872,12437049,24/25,2024-10-26,20,22,Southampton,Manchester City,away,0.13386363636363635,0.12073309,-0.013130546618591643
3873,12437041,24/25,2024-10-26,12,769,Aston Villa,Bournemouth,home,0.03058,0.11662235,0.08604235110998154
3873,12437041,24/25,2024-10-26,769,12,Bournemouth,Aston Villa,away,0.10070555555555556,0.108403444,0.007697888734605571
3874,12437044,24/25,2024-10-26,2275,3033,Brighton & Hove Albion,Wolverhampton,home,0.09742857142857143,0.115950376,0.018521804366792946
3874,12437044,24/25,2024-10-26,3033,2275,Wolverhampton,Brighton & Hove Albion,away,0.0689,0.11283782,0.04393782124519348
3875,12437043,24/25,2024-10-26,5301,7583,Brentford,Ipswich Town,home,0.11847272727272727,0.1168581,-0.0016146248914978706
3875,12437043,24/25,2024-10-26,7583,5301,Ipswich Town,Brentford,away,0.204855,0.116187274,-0.08866772554397584
3876,12437047,24/25,2024-10-26,10,3027,Everton,Fulham,home,0.08995,0.112549186,0.02259918575286865
3876,12437047,24/25,2024-10-26,3027,10,Fulham,Everton,away,0.07887,0.11202092,0.033150917236804966
3877,12437050,24/25,2024-10-27,7,1,West Ham United,Manchester United,home,0.13005,0.11414596,-0.015904043066501616
3877,12437050,24/25,2024-10-27,1,7,Manchester United,West Ham United,away,0.2502583333333333,0.12047648,-0.12978185648520785
3878,12437045,24/25,2024-10-27,24,21,Chelsea,Newcastle United,home,0.1647818181818182,0.116724536,-0.04805728235894985
3878,12437045,24/25,2024-10-27,21,24,Newcastle United,Chelsea,away,0.09451764705882353,0.117946066,0.02342841890349108
3879,12437046,24/25,2024-10-27,18,8,Crystal Palace,Tottenham Hotspur,home,0.06739090909090908,0.11404977,0.04665886084708301
3879,12437046,24/25,2024-10-27,8,18,Tottenham Hotspur,Crystal Palace,away,0.05588571428571429,0.114870325,0.05898461044515882
3880,12437040,24/25,2024-10-27,17,19,Arsenal,Liverpool FC,home,0.09003333333333334,0.11368936,0.02365602966944376
3880,12437040,24/25,2024-10-27,19,17,Liverpool FC,Arsenal,away,0.10242222222222222,0.11968566,0.01726343510018455
3881,12437056,24/25,2024-11-02,21,17,Newcastle United,Arsenal,home,0.10690000000000001,0.11669599,0.009795992648601523
3881,12437056,24/25,2024-11-02,17,21,Arsenal,Newcastle United,away,0.05832222222222222,0.114553645,0.05623142303095924
3882,12437051,24/25,2024-11-02,769,22,Bournemouth,Manchester City,home,0.08669444444444445,0.11367945,0.026985001835558145
3882,12437051,24/25,2024-11-02,22,769,Manchester City,Bournemouth,away,0.17670833333333333,0.11750642,-0.059201911230882004
3883,12437054,24/25,2024-11-02,19,2275,Liverpool FC,Brighton & Hove Albion,home,0.0775923076923077,0.11644989,0.038857584828596844
3883,12437054,24/25,2024-11-02,2275,19,Brighton & Hove Albion,Liverpool FC,away,0.1033625,0.11811614,0.01475364036560059
3884,12437057,24/25,2024-11-02,6072,7,Nottingham Forest,West Ham United,home,0.031875,0.111571215,0.07969621509313583
3884,12437057,24/25,2024-11-02,7,6072,West Ham United,Nottingham Forest,away,0.1144421052631579,0.11421049,-0.0002316188511095607
3885,12437053,24/25,2024-11-02,7583,9,Ipswich Town,Leicester City,home,0.077485,0.108211935,0.030726934566497804
3885,12437053,24/25,2024-11-02,9,7583,Leicester City,Ipswich Town,away,0.07145714285714286,0.11163361,0.04017647084849221
3886,12437058,24/25,2024-11-02,20,10,Southampton,Everton,home,0.097625,0.11401355,0.016388552665710446
3886,12437058,24/25,2024-11-02,10,20,Everton,Southampton,away,0.08272222222222222,0.10944774,0.026725517796145543
3887,12437060,24/25,2024-11-02,3033,18,Wolverhampton,Crystal Palace,home,0.13225263157894737,0.11212244,-0.020130192730928725
3887,12437060,24/25,2024-11-02,18,3033,Crystal Palace,Wolverhampton,away,0.13892727272727273,0.11041183,-0.028515442480824216
3888,12437059,24/25,2024-11-03,8,12,Tottenham Hotspur,Aston Villa,home,0.154925,0.12060633,-0.034318666982650764
3888,12437059,24/25,2024-11-03,12,8,Aston Villa,Tottenham Hotspur,away,0.15246875,0.1162364,-0.0362323464155197
3889,12437055,24/25,2024-11-03,1,24,Manchester United,Chelsea,home,0.09246666666666667,0.118211165,0.025744498403867083
3889,12437055,24/25,2024-11-03,24,1,Chelsea,Manchester United,away,0.18004545454545454,0.118136585,-0.06190886978669599
3890,12437052,24/25,2024-11-04,3027,5301,Fulham,Brentford,home,0.12756,0.115502246,-0.012057754275798804
3890,12437052,24/25,2024-11-04,5301,3027,Brentford,Fulham,away,0.052015384615384616,0.116305746,0.06429036152271124
3891,12436486,24/25,2024-11-09,7,10,West Ham United,Everton,home,0.06177222222222223,0.11180863,0.05003640562163458
3891,12436486,24/25,2024-11-09,10,7,Everton,West Ham United,away,0.07502727272727272,0.11639042,0.041363149259307175
3892,12436483,24/25,2024-11-09,18,3027,Crystal Palace,Fulham,home,0.10763529411764705,0.11081112,0.0031758276441518074
3892,12436483,24/25,2024-11-09,3027,18,Fulham,Crystal Palace,away,0.12101538461538462,0.11506102,-0.005954362274133249
3893,12436485,24/25,2024-11-09,3033,20,Wolverhampton,Southampton,home,0.0728111111111111,0.111053534,0.03824242274098927
3893,12436485,24/25,2024-11-09,20,3033,Southampton,Wolverhampton,away,0.1572,0.11366814,-0.04353186370134354
3894,12436876,24/25,2024-11-09,5301,769,Brentford,Bournemouth,home,0.17378,0.11378201,-0.05999798902750014
3894,12436876,24/25,2024-11-09,769,5301,Bournemouth,Brentford,away,0.1231,0.11470545,-0.00839454916715622
3895,12436882,24/25,2024-11-09,2275,22,Brighton & Hove Albion,Manchester City,home,0.14815333333333333,0.11690453,-0.0312488063844045
3895,12436882,24/25,2024-11-09,22,2275,Manchester City,Brighton & Hove Albion,away,0.22907,0.118001,-0.11106900090694427
3896,12436484,24/25,2024-11-09,19,12,Liverpool FC,Aston Villa,home,0.11635833333333333,0.11292622,-0.003432110949357345
3896,12436484,24/25,2024-11-09,12,19,Aston Villa,Liverpool FC,away,0.14437857142857144,0.11601803,-0.02836054436138699
3897,12436494,24/25,2024-11-10,1,9,Manchester United,Leicester City,home,0.10573333333333333,0.11182605,0.0060927139679590875
3897,12436494,24/25,2024-11-10,9,1,Leicester City,Manchester United,away,0.05817692307692308,0.11374454,0.05556761892575484
3898,12436492,24/25,2024-11-10,8,7583,Tottenham Hotspur,Ipswich Town,home,0.2028,0.12066579,-0.08213421134948731
3898,12436492,24/25,2024-11-10,7583,8,Ipswich Town,Tottenham Hotspur,away,0.0914,0.11498625,0.02358624831438065
3899,12436487,24/25,2024-11-10,6072,21,Nottingham Forest,Newcastle United,home,0.10022352941176471,0.10906992,0.008846391664533049
3899,12436487,24/25,2024-11-10,21,6072,Newcastle United,Nottingham Forest,away,0.07027777777777777,0.113902956,0.04362517846955194
3900,12436890,24/25,2024-11-10,24,17,Chelsea,Arsenal,home,0.11905384615384615,0.11710314,-0.0019507090779451175
3900,12436890,24/25,2024-11-10,17,24,Arsenal,Chelsea,away,0.0906,0.11574457,0.025144568407535553
3901,12436495,24/25,2024-11-23,9,24,Leicester City,Chelsea,home,0.1822625,0.117100514,-0.06516198552846908
3901,12436495,24/25,2024-11-23,24,9,Chelsea,Leicester City,away,0.2778,0.12046695,-0.157333052444458
3902,12436489,24/25,2024-11-23,17,6072,Arsenal,Nottingham Forest,home,0.047485714285714284,0.114966586,0.06748087194647108
3902,12436489,24/25,2024-11-23,6072,17,Nottingham Forest,Arsenal,away,0.06253684210526315,0.11111485,0.0485780100251499
3903,12436493,24/25,2024-11-23,12,18,Aston Villa,Crystal Palace,home,0.09686153846153846,0.113818884,0.016957345434335566
3903,12436493,24/25,2024-11-23,18,12,Crystal Palace,Aston Villa,away,0.18313529411764706,0.112289466,-0.07084582815380658
3904,12436491,24/25,2024-11-23,769,2275,Bournemouth,Brighton & Hove Albion,home,0.15758333333333333,0.11567745,-0.04190587975581486
3904,12436491,24/25,2024-11-23,2275,769,Brighton & Hove Albion,Bournemouth,away,0.08565263157894737,0.115459,0.029806370975469287
3905,12436488,24/25,2024-11-23,10,5301,Everton,Brentford,home,0.12252222222222223,0.11626757,-0.006254652859105009
3905,12436488,24/25,2024-11-23,5301,10,Brentford,Everton,away,0.04427777777777778,0.10407937,0.059801595403088464
3906,12436490,24/25,2024-11-23,3027,3033,Fulham,Wolverhampton,home,0.13193,0.11401201,-0.017917989604473106
3906,12436490,24/25,2024-11-23,3033,3027,Wolverhampton,Fulham,away,0.10256,0.11560695,0.013046948733329775
3907,12436499,24/25,2024-11-23,22,8,Manchester City,Tottenham Hotspur,home,0.2789111111111111,0.13241464,-0.14649647211498684
3907,12436499,24/25,2024-11-23,8,22,Tottenham Hotspur,Manchester City,away,0.09319130434782609,0.1224516,0.029260299064802084
3908,12436506,24/25,2024-11-24,20,19,Southampton,Liverpool FC,home,0.11648148148148148,0.12214816,0.00566668213517578
3908,12436506,24/25,2024-11-24,19,20,Liverpool FC,Southampton,away,0.18225714285714287,0.10978432,-0.07247282286030907
3909,12436497,24/25,2024-11-24,7583,1,Ipswich Town,Manchester United,home,0.07301818181818182,0.111128025,0.0381098429387266
3909,12436497,24/25,2024-11-24,1,7583,Manchester United,Ipswich Town,away,0.14496363636363635,0.123783305,-0.021180331076275205
3910,12436496,24/25,2024-11-25,21,7,Newcastle United,West Ham United,home,0.05367333333333333,0.11493216,0.06125882376591365
3910,12436496,24/25,2024-11-25,7,21,West Ham United,Newcastle United,away,0.09313333333333333,0.11552559,0.022392255059878033
3911,12436501,24/25,2024-11-29,2275,20,Brighton & Hove Albion,Southampton,home,0.1008,0.109490916,0.00869091613292694
3911,12436501,24/25,2024-11-29,20,2275,Southampton,Brighton & Hove Albion,away,0.0763590909090909,0.11819723,0.0418381415757266
3912,12436502,24/25,2024-11-30,21,18,Newcastle United,Crystal Palace,away,0.11190625,0.11424399,0.0023377416729927075
3913,12436500,24/25,2024-11-30,5301,9,Brentford,Leicester City,home,0.15182857142857142,0.11384556,-0.03798301445416041
3913,12436500,24/25,2024-11-30,9,5301,Leicester City,Brentford,away,0.18445384615384616,0.11762375,-0.06683009975873508
3914,12436922,24/25,2024-11-30,3033,769,Wolverhampton,Bournemouth,home,0.2737833333333333,0.11695977,-0.1568235603292783
3914,12436922,24/25,2024-11-30,769,3033,Bournemouth,Wolverhampton,away,0.0461,0.11199959,0.06589959367513656
3915,12436503,24/25,2024-11-30,6072,7583,Nottingham Forest,Ipswich Town,home,0.08371428571428571,0.11045612,0.02674183078323092
3915,12436503,24/25,2024-11-30,7583,6072,Ipswich Town,Nottingham Forest,away,0.13989166666666666,0.11211917,-0.027772498623530067
3916,12436914,24/25,2024-11-30,7,17,West Ham United,Arsenal,home,0.2249875,0.121535815,-0.10345168470144273
3916,12436914,24/25,2024-11-30,17,7,Arsenal,West Ham United,away,0.12816666666666668,0.11510304,-0.013063623050848655
3917,12436505,24/25,2024-12-01,1,10,Manchester United,Everton,home,0.0729,0.1180865,0.045186501955986016
3917,12436505,24/25,2024-12-01,10,1,Everton,Manchester United,away,0.09715454545454545,0.11426201,0.017107461722330616
3918,12436498,24/25,2024-12-01,24,12,Chelsea,Aston Villa,home,0.12419000000000001,0.11925008,-0.004939918520450601
3918,12436498,24/25,2024-12-01,12,24,Aston Villa,Chelsea,away,0.1010235294117647,0.11577092,0.014747391699342166
3919,12436507,24/25,2024-12-01,8,3027,Tottenham Hotspur,Fulham,home,0.11295714285714287,0.11945599,0.006498850318363725
3919,12436507,24/25,2024-12-01,3027,8,Fulham,Tottenham Hotspur,away,0.09696250000000001,0.11640753,0.019445028519630425
3920,12436504,24/25,2024-12-01,19,22,Liverpool FC,Manchester City,home,0.1046375,0.11373911,0.009101610529422766
3920,12436504,24/25,2024-12-01,22,19,Manchester City,Liverpool FC,away,0.19831666666666667,0.1238915,-0.074425164047877
3921,12436961,24/25,2024-12-03,7583,18,Ipswich Town,Crystal Palace,home,0.12643846153846153,0.115927525,-0.010510936673787913
3921,12436961,24/25,2024-12-03,18,7583,Crystal Palace,Ipswich Town,away,0.05427777777777778,0.10431871,0.05004093040360345
3922,12436966,24/25,2024-12-03,9,7,Leicester City,West Ham United,home,0.09995161290322581,0.115106516,0.015154902683150381
3922,12436966,24/25,2024-12-03,7,9,West Ham United,Leicester City,away,0.2089875,0.11184191,-0.09714559041261672
3923,12436972,24/25,2024-12-04,22,6072,Manchester City,Nottingham Forest,home,0.08655833333333333,0.11929901,0.03274067610899607
3923,12436972,24/25,2024-12-04,6072,22,Nottingham Forest,Manchester City,away,0.14178823529411766,0.114489295,-0.027298940705551833
3924,12436978,24/25,2024-12-04,21,19,Newcastle United,Liverpool FC,home,0.12458125,0.11698048,-0.00760077183246613
3924,12436978,24/25,2024-12-04,19,21,Liverpool FC,Newcastle United,away,0.12312941176470589,0.11109347,-0.012035942800606006
3925,12436984,24/25,2024-12-04,20,24,Southampton,Chelsea,home,0.21151923076923076,0.13252155,-0.07899767594154064
3925,12436984,24/25,2024-12-04,24,20,Chelsea,Southampton,away,0.2600166666666667,0.11426354,-0.14575312467018764
3926,12436947,24/25,2024-12-04,10,3033,Everton,Wolverhampton,home,0.13063333333333332,0.11226499,-0.018368342526753734
3926,12436947,24/25,2024-12-04,3033,10,Wolverhampton,Everton,away,0.07844615384615385,0.11116711,0.03272095665656603
3927,12436935,24/25,2024-12-04,17,1,Arsenal,Manchester United,home,0.04458,0.112349674,0.06776967410564422
3927,12436935,24/25,2024-12-04,1,17,Manchester United,Arsenal,away,0.15397142857142856,0.12040202,-0.03356940537520817
3928,12436942,24/25,2024-12-04,12,5301,Aston Villa,Brentford,home,0.1108,0.11610428,0.00530428243875504
3928,12436942,24/25,2024-12-04,5301,12,Brentford,Aston Villa,away,0.122255,0.11449824,-0.007756757264137271
3929,12436955,24/25,2024-12-05,3027,2275,Fulham,Brighton & Hove Albion,home,0.11336923076923076,0.1167225,0.003353271045134623
3929,12436955,24/25,2024-12-05,2275,3027,Brighton & Hove Albion,Fulham,away,0.10808333333333334,0.11726901,0.00918567601839701
3930,13015216,24/25,2024-12-05,769,8,Bournemouth,Tottenham Hotspur,home,0.07268333333333334,0.11095536,0.03827202421824137
3930,13015216,24/25,2024-12-05,8,769,Tottenham Hotspur,Bournemouth,away,0.17656190476190475,0.12264909,-0.053912816259974516
3931,12436445,24/25,2024-12-07,18,22,Crystal Palace,Manchester City,home,0.121125,0.111536376,-0.009588623821735379
3931,12436445,24/25,2024-12-07,22,18,Manchester City,Crystal Palace,away,0.11126666666666667,0.12228106,0.011014392956097921
3932,12436450,24/25,2024-12-07,5301,21,Brentford,Newcastle United,home,0.092425,0.1104473,0.018022302460670478
3932,12436450,24/25,2024-12-07,21,5301,Newcastle United,Brentford,away,0.11195454545454545,0.11220441,0.0002498646812005567
3933,12436990,24/25,2024-12-07,12,20,Aston Villa,Southampton,home,0.08325,0.110314526,0.027064525663852687
3933,12436990,24/25,2024-12-07,20,12,Southampton,Aston Villa,away,0.12727222222222223,0.122318886,-0.004953336001767061
3934,12436449,24/25,2024-12-07,1,6072,Manchester United,Nottingham Forest,home,0.0757090909090909,0.115801655,0.04009256384697828
3934,12436449,24/25,2024-12-07,6072,1,Nottingham Forest,Manchester United,away,0.10042941176470588,0.10866979,0.008240375880634088
3935,12436459,24/25,2024-12-08,3027,17,Fulham,Arsenal,home,0.16888333333333333,0.120908625,-0.047974707909425096
3936,12436444,24/25,2024-12-08,9,2275,Leicester City,Brighton & Hove Albion,home,0.0962375,0.1133252,0.01708770097494125
3936,12436444,24/25,2024-12-08,2275,9,Brighton & Hove Albion,Leicester City,away,0.13148,0.10972794,-0.021752058546543135
3937,12436462,24/25,2024-12-08,7583,769,Ipswich Town,Bournemouth,home,0.1545181818181818,0.1193775,-0.035140680509263805
3937,12436462,24/25,2024-12-08,769,7583,Bournemouth,Ipswich Town,away,0.07307222222222222,0.102312,0.02923977638350593
3938,12436441,24/25,2024-12-08,8,24,Tottenham Hotspur,Chelsea,home,0.1663235294117647,0.120625265,-0.04569826446911868
3938,12436441,24/25,2024-12-08,24,8,Chelsea,Tottenham Hotspur,away,0.22312307692307692,0.11876926,-0.10435381866235
3939,12436454,24/25,2024-12-09,7,3033,West Ham United,Wolverhampton,home,0.07748947368421052,0.11229851,0.034809037284474625
3939,12436454,24/25,2024-12-09,3033,7,Wolverhampton,West Ham United,away,0.05122631578947368,0.116887614,0.06566129834150014
3940,12436446,24/25,2024-12-14,19,3027,Liverpool FC,Fulham,home,0.10204166666666667,0.11345789,0.0114162216981252
3940,12436446,24/25,2024-12-14,3027,19,Fulham,Liverpool FC,away,0.1330375,0.11831667,-0.014720827257633212
3941,12436438,24/25,2024-12-14,10,17,Everton,Arsenal,away,0.09360769230769231,0.117420755,0.023813063019055586
3942,12436460,24/25,2024-12-14,21,9,Newcastle United,Leicester City,home,0.046375,0.112576425,0.066201425075531
3942,12436460,24/25,2024-12-14,9,21,Leicester City,Newcastle United,away,0.14035555555555557,0.115280114,-0.02507544144127105
3943,12436456,24/25,2024-12-14,3033,7583,Wolverhampton,Ipswich Town,home,0.11961,0.11397535,-0.005634646461009973
3943,12436456,24/25,2024-12-14,7583,3033,Ipswich Town,Wolverhampton,away,0.07925,0.11461194,0.03536193859577179
3944,12436447,24/25,2024-12-14,6072,12,Nottingham Forest,Aston Villa,home,0.051975,0.11317406,0.061199058496952057
3944,12436447,24/25,2024-12-14,12,6072,Aston Villa,Nottingham Forest,away,0.10451176470588236,0.10803696,0.003525192975296687
3945,12436457,24/25,2024-12-15,2275,18,Brighton & Hove Albion,Crystal Palace,home,0.1780153846153846,0.114800766,-0.06321461850496438
3945,12436457,24/25,2024-12-15,18,2275,Crystal Palace,Brighton & Hove Albion,away,0.05858823529411765,0.11213556,0.05354732402633218
3946,12436451,24/25,2024-12-15,22,1,Manchester City,Manchester United,home,0.20758,0.11516465,-0.092415347533226
3946,12436451,24/25,2024-12-15,1,22,Manchester United,Manchester City,away,0.09519,0.117755145,0.022565144834518436
3947,12436461,24/25,2024-12-15,24,5301,Chelsea,Brentford,home,0.1807888888888889,0.119106874,-0.06168201501899295
3947,12436461,24/25,2024-12-15,5301,24,Brentford,Chelsea,away,0.08581923076923077,0.114184715,0.028365484084532808
3948,12436458,24/25,2024-12-15,20,8,Southampton,Tottenham Hotspur,home,0.13542222222222222,0.11639459,-0.019027635361088646
3948,12436458,24/25,2024-12-15,8,20,Tottenham Hotspur,Southampton,away,0.09357777777777777,0.11411876,0.020540984536541837
3949,12436465,24/25,2024-12-16,769,7,Bournemouth,West Ham United,home,0.12885625,0.11214822,-0.016708032143116003
3949,12436465,24/25,2024-12-16,7,769,West Ham United,Bournemouth,away,0.06943793103448276,0.112433225,0.04299529388197537
3950,12436453,24/25,2024-12-21,12,22,Aston Villa,Manchester City,home,0.08565833333333334,0.114040904,0.02838257041374842
3950,12436453,24/25,2024-12-21,22,12,Manchester City,Aston Villa,away,0.152,0.12358151,-0.028418493688106533
3951,12436467,24/25,2024-12-21,7583,21,Ipswich Town,Newcastle United,home,0.1552,0.11757258,-0.037627416741848
3951,12436467,24/25,2024-12-21,21,7583,Newcastle United,Ipswich Town,away,0.0754,0.1122979,0.03689790002107621
3952,12436478,24/25,2024-12-21,7,2275,West Ham United,Brighton & Hove Albion,home,0.07974166666666667,0.11137664,0.0316349765141805
3952,12436478,24/25,2024-12-21,2275,7,Brighton & Hove Albion,West Ham United,away,0.11938181818181819,0.11537155,-0.0040102705424482216
3953,12436463,24/25,2024-12-21,5301,6072,Brentford,Nottingham Forest,home,0.08964,0.11093004,0.021290040478706362
3953,12436463,24/25,2024-12-21,6072,5301,Nottingham Forest,Brentford,away,0.10227142857142857,0.114359826,0.012088397278104512
3954,12436464,24/25,2024-12-21,18,17,Crystal Palace,Arsenal,home,0.21491428571428572,0.12125029,-0.09366399901594435
3954,12436464,24/25,2024-12-21,17,18,Arsenal,Crystal Palace,away,0.10611333333333334,0.12131791,0.015204574834505713
3955,12436470,24/25,2024-12-22,1,769,Manchester United,Bournemouth,home,0.16329,0.1199581,-0.04333189729690551
3955,12436470,24/25,2024-12-22,769,1,Bournemouth,Manchester United,away,0.09931304347826087,0.113478854,0.014165810820330749
3956,12436466,24/25,2024-12-22,10,24,Everton,Chelsea,home,0.106325,0.11607419,0.009749189543724057
3956,12436466,24/25,2024-12-22,24,10,Chelsea,Everton,away,0.20528,0.118061766,-0.08721823397159575
3957,12436469,24/25,2024-12-22,9,3033,Leicester City,Wolverhampton,home,0.1391,0.11150351,-0.027596488332748415
3957,12436469,24/25,2024-12-22,3033,9,Wolverhampton,Leicester City,away,0.089,0.11410305,0.025103049039840702
3958,12436468,24/25,2024-12-22,3027,20,Fulham,Southampton,home,0.05158,0.110037796,0.058457796199321746
3958,12436468,24/25,2024-12-22,20,3027,Southampton,Fulham,away,0.05854,0.11338154,0.05484154226541519
3959,12436471,24/25,2024-12-22,8,19,Tottenham Hotspur,Liverpool FC,home,0.2610708333333333,0.12324042,-0.13783041460116702
3959,12436471,24/25,2024-12-22,19,8,Liverpool FC,Tottenham Hotspur,away,0.1416,0.12218831,-0.01941169265508652
3960,12436481,24/25,2024-12-26,22,10,Manchester City,Everton,home,0.080875,0.115125544,0.03425054436922073
3960,12436481,24/25,2024-12-26,10,22,Everton,Manchester City,away,0.09759583333333333,0.113779984,0.016184151081244158
3961,12436473,24/25,2024-12-26,24,3027,Chelsea,Fulham,home,0.1274357142857143,0.115194164,-0.012241550069195889
3961,12436473,24/25,2024-12-26,3027,24,Fulham,Chelsea,away,0.09318333333333334,0.11566853,0.022485194448630008
3962,12436479,24/25,2024-12-26,6072,8,Nottingham Forest,Tottenham Hotspur,home,0.06927692307692308,0.1115005,0.04222357855576735
3962,12436479,24/25,2024-12-26,8,6072,Tottenham Hotspur,Nottingham Forest,away,0.11191000000000001,0.11292567,0.0010156710410118008
3963,12436477,24/25,2024-12-26,21,12,Newcastle United,Aston Villa,home,0.08675000000000001,0.118620254,0.03187025409936904
3963,12436477,24/25,2024-12-26,12,21,Aston Villa,Newcastle United,away,0.1253090909090909,0.11521271,-0.010096382197466752
3964,12436480,24/25,2024-12-26,20,7,Southampton,West Ham United,home,0.11498749999999999,0.11579993,0.0008124336719513015
3964,12436480,24/25,2024-12-26,7,20,West Ham United,Southampton,away,0.07773333333333333,0.11347296,0.03573962755600611
3965,12436476,24/25,2024-12-26,769,18,Bournemouth,Crystal Palace,home,0.04473,0.110321395,0.06559139509916306
3965,12436476,24/25,2024-12-26,18,769,Crystal Palace,Bournemouth,away,0.08176666666666667,0.114608265,0.03284159879287084
3966,12436482,24/25,2024-12-26,3033,1,Wolverhampton,Manchester United,home,0.03978181818181818,0.11852712,0.07874530366008932
3966,12436482,24/25,2024-12-26,1,3033,Manchester United,Wolverhampton,away,0.12327142857142857,0.11263254,-0.010638885722841537
3967,12436474,24/25,2024-12-26,19,9,Liverpool FC,Leicester City,home,0.0854,0.110705644,0.025305643892288204
3967,12436474,24/25,2024-12-26,9,19,Leicester City,Liverpool FC,away,0.10065263157894737,0.11560787,0.014955241026376423
3968,12436475,24/25,2024-12-27,2275,5301,Brighton & Hove Albion,Brentford,home,0.13375,0.11703521,-0.01671478986740113
3968,12436475,24/25,2024-12-27,5301,2275,Brentford,Brighton & Hove Albion,away,0.05440833333333333,0.11241027,0.05800193634430568
3969,12436472,24/25,2024-12-27,17,7583,Arsenal,Ipswich Town,home,0.050866666666666664,0.10553466,0.054667991169293724
3969,12436472,24/25,2024-12-27,7583,17,Ipswich Town,Arsenal,away,0.14281538461538462,0.11825531,-0.024560074854814096
3970,12436512,24/25,2024-12-29,9,22,Leicester City,Manchester City,home,0.0906,0.11560787,0.02500787260532379
3970,12436512,24/25,2024-12-29,22,9,Manchester City,Leicester City,away,0.11821818181818182,0.11089714,-0.007321043103391475
3971,12436521,24/25,2024-12-29,8,3033,Tottenham Hotspur,Wolverhampton,home,0.06502727272727273,0.11244454,0.04741726962111213
3971,12436521,24/25,2024-12-29,3033,8,Wolverhampton,Tottenham Hotspur,away,0.17296153846153847,0.1221459,-0.05081563982138268
3972,12436517,24/25,2024-12-29,10,6072,Everton,Nottingham Forest,home,0.1416909090909091,0.11050589,-0.031185022715005006
3972,12436517,24/25,2024-12-29,6072,10,Nottingham Forest,Everton,away,0.06809230769230769,0.10722036,0.03912805145428731
3973,12436515,24/25,2024-12-29,3027,769,Fulham,Bournemouth,home,0.12388125,0.11446828,-0.009412973499298094
3973,12436515,24/25,2024-12-29,769,3027,Bournemouth,Fulham,away,0.10123636363636364,0.10832355,0.00708718807805668
3974,12436532,24/25,2024-12-29,18,20,Crystal Palace,Southampton,home,0.13447142857142858,0.10934197,-0.02512945699521474
3974,12436532,24/25,2024-12-29,20,18,Southampton,Crystal Palace,away,0.10692631578947369,0.115514405,0.008588089282261693
3975,12436513,24/25,2024-12-29,7,19,West Ham United,Liverpool FC,home,0.1433090909090909,0.11174784,-0.031561252352324404
3975,12436513,24/25,2024-12-29,19,7,Liverpool FC,West Ham United,away,0.05161428571428572,0.11723031,0.0656160253218242
3976,12436510,24/25,2024-12-30,7583,24,Ipswich Town,Chelsea,home,0.10147,0.11729301,0.015823007671833034
3976,12436510,24/25,2024-12-30,24,7583,Chelsea,Ipswich Town,away,0.1758222222222222,0.112967,-0.06285522281063927
3977,12436530,24/25,2024-12-30,12,2275,Aston Villa,Brighton & Hove Albion,home,0.08726923076923077,0.113452666,0.02618343473856266
3977,12436530,24/25,2024-12-30,2275,12,Brighton & Hove Albion,Aston Villa,away,0.088965,0.11610524,0.027140243563652036
3978,12436522,24/25,2024-12-30,1,21,Manchester United,Newcastle United,home,0.159975,0.12018678,-0.03978821662664414
3978,12436522,24/25,2024-12-30,21,1,Newcastle United,Manchester United,away,0.09079,0.11673965,0.02594965305089951
3979,12436410,24/25,2025-01-01,5301,17,Brentford,Arsenal,home,0.13745714285714286,0.11571746,-0.021739679661818917
3979,12436410,24/25,2025-01-01,17,5301,Arsenal,Brentford,away,0.06404,0.109937735,0.04589773490190506
3980,12436519,24/25,2025-01-04,8,21,Tottenham Hotspur,Newcastle United,home,0.18040714285714285,0.12102862,-0.05937852583272116
3980,12436519,24/25,2025-01-04,21,8,Newcastle United,Tottenham Hotspur,away,0.07293076923076923,0.117603414,0.04467264452989285
3981,12436508,24/25,2025-01-04,22,7,Manchester City,West Ham United,home,0.08074705882352941,0.114713,0.033965939447459056
3981,12436508,24/25,2025-01-04,7,22,West Ham United,Manchester City,away,0.19118,0.114476055,-0.0767039450931549
3982,12436419,24/25,2025-01-04,18,24,Crystal Palace,Chelsea,home,0.08275333333333333,0.11097361,0.02822027814070384
3982,12436419,24/25,2025-01-04,24,18,Chelsea,Crystal Palace,away,0.08327692307692308,0.120760016,0.03748309306639891
3983,12436523,24/25,2025-01-04,12,9,Aston Villa,Leicester City,home,0.1069,0.110345855,0.0034458553552627613
3983,12436523,24/25,2025-01-04,9,12,Leicester City,Aston Villa,away,0.11988461538461538,0.11374038,-0.006144238256491144
3984,12436518,24/25,2025-01-04,769,10,Bournemouth,Everton,home,0.07845555555555556,0.11306544,0.03460988092687395
3984,12436518,24/25,2025-01-04,10,769,Everton,Bournemouth,away,0.09698947368421053,0.11561996,0.018630483762841474
3985,12436520,24/25,2025-01-04,20,5301,Southampton,Brentford,home,0.222835,0.1149719,-0.10786310150384903
3985,12436520,24/25,2025-01-04,5301,20,Brentford,Southampton,away,0.036425,0.10973309,0.07330808980464935
3986,12436528,24/25,2025-01-04,2275,17,Brighton & Hove Albion,Arsenal,home,0.09747777777777777,0.11993919,0.022461415351761715
3986,12436528,24/25,2025-01-04,17,2275,Arsenal,Brighton & Hove Albion,away,0.1383090909090909,0.112804726,-0.025504365142908964
3987,12436525,24/25,2025-01-05,3027,7583,Fulham,Ipswich Town,home,0.2269,0.10994086,-0.11695914330482482
3987,12436525,24/25,2025-01-05,7583,3027,Ipswich Town,Fulham,away,0.14939333333333332,0.11259312,-0.03680021150668461
3988,12436514,24/25,2025-01-05,19,1,Liverpool FC,Manchester United,home,0.08146923076923077,0.117340244,0.03587101358358677
3988,12436514,24/25,2025-01-05,1,19,Manchester United,Liverpool FC,away,0.14820526315789473,0.12139959,-0.026805674274971603
3989,12436437,24/25,2025-01-06,3033,6072,Wolverhampton,Nottingham Forest,home,0.19391818181818182,0.11593011,-0.07798807160204108
3989,12436437,24/25,2025-01-06,6072,3033,Nottingham Forest,Wolverhampton,away,0.1226,0.10581539,-0.01678461173772812
3990,12436436,24/25,2025-01-14,5301,22,Brentford,Manchester City,home,0.10501904761904762,0.11212236,0.007103309272584457
3990,12436436,24/25,2025-01-14,22,5301,Manchester City,Brentford,away,0.14347222222222222,0.121919364,-0.0215528584851159
3991,12436531,24/25,2025-01-14,24,769,Chelsea,Bournemouth,home,0.16911428571428572,0.120952584,-0.04816170186485563
3991,12436531,24/25,2025-01-14,769,24,Bournemouth,Chelsea,away,0.09621153846153846,0.11338862,0.01717708185544381
3992,12436509,24/25,2025-01-14,7,3027,West Ham United,Fulham,home,0.09376190476190475,0.114233665,0.020471760406380615
3992,12436509,24/25,2025-01-14,3027,7,Fulham,West Ham United,away,0.238125,0.123604044,-0.11452095568180085
3993,12436526,24/25,2025-01-14,6072,19,Nottingham Forest,Liverpool FC,home,0.08652173913043479,0.11493955,0.02841780894476434
3993,12436526,24/25,2025-01-14,19,6072,Liverpool FC,Nottingham Forest,away,0.0524,0.119356304,0.06695630440711975
3994,12436529,24/25,2025-01-15,21,3033,Newcastle United,Wolverhampton,home,0.12473076923076923,0.113812186,-0.01091858340685184
3994,12436529,24/25,2025-01-15,3033,21,Wolverhampton,Newcastle United,away,0.12410588235294118,0.12014152,-0.003964361256711624
3995,12436434,24/25,2025-01-15,10,12,Everton,Aston Villa,home,0.11031818181818182,0.1101383,-0.0001798847371881629
3995,12436434,24/25,2025-01-15,12,10,Aston Villa,Everton,away,0.11431,0.11257832,-0.0017316824769973704
3996,12436527,24/25,2025-01-15,9,18,Leicester City,Crystal Palace,home,0.20245555555555556,0.114812694,-0.08764286106559965
3996,12436527,24/25,2025-01-15,18,9,Crystal Palace,Leicester City,away,0.08104285714285714,0.106890395,0.025847538140841897
3997,12436511,24/25,2025-01-15,17,8,Arsenal,Tottenham Hotspur,home,0.07831,0.11977588,0.041465876402854915
3997,12436511,24/25,2025-01-15,8,17,Tottenham Hotspur,Arsenal,away,0.10334285714285714,0.12243243,0.01908957592589515
3998,12436524,24/25,2025-01-16,7583,2275,Ipswich Town,Brighton & Hove Albion,home,0.08837272727272727,0.11148126,0.023108529510281306
3998,12436524,24/25,2025-01-16,2275,7583,Brighton & Hove Albion,Ipswich Town,away,0.05666,0.113391586,0.05673158564805984
3999,12436516,24/25,2025-01-16,1,20,Manchester United,Southampton,home,0.11809230769230769,0.121791415,0.0036991072242076595
3999,12436516,24/25,2025-01-16,20,1,Southampton,Manchester United,away,0.14850869565217392,0.11975,-0.02875869511573212
4000,12436885,24/25,2025-01-18,21,769,Newcastle United,Bournemouth,home,0.12021052631578948,0.11901447,-0.0011960545464565903
4000,12436885,24/25,2025-01-18,769,21,Bournemouth,Newcastle United,away,0.06352307692307692,0.11278109,0.049258015601451585
4001,12436440,24/25,2025-01-18,5301,19,Brentford,Liverpool FC,home,0.09281351351351351,0.11441971,0.021606200102857645
4001,12436440,24/25,2025-01-18,19,5301,Liverpool FC,Brentford,away,0.0653,0.119297616,0.053997616183757785
4002,12436889,24/25,2025-01-18,7,18,West Ham United,Crystal Palace,home,0.10965,0.114204496,0.004554496145248416
4002,12436889,24/25,2025-01-18,18,7,Crystal Palace,West Ham United,away,0.04018571428571428,0.10778752,0.06760180540766035
4003,12436442,24/25,2025-01-18,9,3027,Leicester City,Fulham,home,0.12908823529411764,0.11729647,-0.011791763102307035
4003,12436442,24/25,2025-01-18,3027,9,Fulham,Leicester City,away,0.0592875,0.113332994,0.054045494282245636
4004,12436443,24/25,2025-01-18,17,12,Arsenal,Aston Villa,home,0.130225,0.11669459,-0.013530408060550697
4004,12436443,24/25,2025-01-18,12,17,Aston Villa,Arsenal,away,0.07486666666666666,0.11665398,0.041787312157948814
4005,12436883,24/25,2025-01-19,1,2275,Manchester United,Brighton & Hove Albion,home,0.32143333333333335,0.12072993,-0.20070340263446174
4005,12436883,24/25,2025-01-19,2275,1,Brighton & Hove Albion,Manchester United,away,0.14773,0.11522204,-0.032507963161468506
4006,12436448,24/25,2025-01-19,10,8,Everton,Tottenham Hotspur,home,0.10293636363636363,0.10996109,0.007024728835712785
4006,12436448,24/25,2025-01-19,8,10,Tottenham Hotspur,Everton,away,0.16266666666666665,0.11313231,-0.04953435377279916
4007,12436887,24/25,2025-01-19,6072,20,Nottingham Forest,Southampton,home,0.08947,0.10524883,0.015778831212520605
4007,12436887,24/25,2025-01-19,20,6072,Southampton,Nottingham Forest,away,0.14672142857142856,0.11336143,-0.033359995423044464
4008,12436439,24/25,2025-01-19,7583,22,Ipswich Town,Manchester City,home,0.18023529411764705,0.116621844,-0.0636134496471461
4008,12436439,24/25,2025-01-19,22,7583,Manchester City,Ipswich Town,away,0.0728375,0.11110522,0.03826771852970123
4009,12436455,24/25,2025-01-20,24,3033,Chelsea,Wolverhampton,home,0.0903,0.11130674,0.021006741833686823
4009,12436455,24/25,2025-01-20,3033,24,Wolverhampton,Chelsea,away,0.16856315789473683,0.12037658,-0.04818657843125493
4010,12436901,24/25,2025-01-25,19,7583,Liverpool FC,Ipswich Town,home,0.15976666666666667,0.11005197,-0.04971469946304957
4010,12436901,24/25,2025-01-25,7583,19,Ipswich Town,Liverpool FC,away,0.1403375,0.11862544,-0.021712060296535496
4011,12436909,24/25,2025-01-25,3033,17,Wolverhampton,Arsenal,home,0.11083333333333333,0.11644523,0.005611895124117541
4011,12436909,24/25,2025-01-25,17,3033,Arsenal,Wolverhampton,away,0.08273333333333334,0.11227069,0.029537357167402897
4012,12436905,24/25,2025-01-25,20,21,Southampton,Newcastle United,home,0.17259411764705881,0.11795751,-0.054636607592947334
4012,12436905,24/25,2025-01-25,21,20,Newcastle United,Southampton,away,0.06339166666666667,0.11016179,0.04677012209494909
4013,12436895,24/25,2025-01-25,2275,10,Brighton & Hove Albion,Everton,home,0.2825333333333333,0.11250445,-0.17002888086636858
4013,12436895,24/25,2025-01-25,10,2275,Everton,Brighton & Hove Albion,away,0.04583125,0.11218031,0.06634905750751496
4014,12436891,24/25,2025-01-25,769,6072,Bournemouth,Nottingham Forest,home,0.054511111111111114,0.11403834,0.0595272296362453
4014,12436891,24/25,2025-01-25,6072,769,Nottingham Forest,Bournemouth,away,0.10666874999999999,0.110474,0.0038052478909492565
4015,12436903,24/25,2025-01-25,22,24,Manchester City,Chelsea,home,0.18002,0.121224895,-0.05879510488033296
4015,12436903,24/25,2025-01-25,24,22,Chelsea,Manchester City,away,0.16674666666666665,0.11893022,-0.04781644606272378
4016,12436907,24/25,2025-01-26,8,9,Tottenham Hotspur,Leicester City,home,0.12973333333333334,0.11323324,-0.016500094874699917
4016,12436907,24/25,2025-01-26,9,8,Leicester City,Tottenham Hotspur,away,0.06909333333333334,0.11110756,0.04201422467867533
4017,12436897,24/25,2025-01-26,18,5301,Crystal Palace,Brentford,home,0.10503333333333333,0.11411197,0.00907863405148189
4017,12436897,24/25,2025-01-26,5301,18,Brentford,Crystal Palace,away,0.0673875,0.11045133,0.043063833224773404
4018,12436893,24/25,2025-01-26,12,7,Aston Villa,West Ham United,home,0.09384285714285714,0.111618675,0.017775818148681094
4018,12436893,24/25,2025-01-26,7,12,West Ham United,Aston Villa,away,0.06105,0.11134316,0.05029316027164459
4019,12436899,24/25,2025-01-26,3027,1,Fulham,Manchester United,home,0.0637,0.11909344,0.055393440473079675
4019,12436899,24/25,2025-01-26,1,3027,Manchester United,Fulham,away,0.07454444444444444,0.115924686,0.041380241749021746
4020,12436930,24/25,2025-02-01,6072,2275,Nottingham Forest,Brighton & Hove Albion,home,0.08802,0.10908035,0.021060351889133452
4020,12436930,24/25,2025-02-01,2275,6072,Brighton & Hove Albion,Nottingham Forest,away,0.24346428571428572,0.12025787,-0.1232064163514546
4021,12436911,24/25,2025-02-01,769,19,Bournemouth,Liverpool FC,home,0.13286842105263158,0.116000466,-0.01686795500391408
4021,12436911,24/25,2025-02-01,19,769,Liverpool FC,Bournemouth,away,0.11412142857142857,0.12538956,0.011268132485662191
4022,12436928,24/25,2025-02-01,21,3027,Newcastle United,Fulham,home,0.10373333333333333,0.114563316,0.010829982773462934
4022,12436928,24/25,2025-02-01,3027,21,Fulham,Newcastle United,away,0.06821818181818182,0.11874667,0.05052848628217524
4023,12436921,24/25,2025-02-01,10,9,Everton,Leicester City,home,0.03635555555555556,0.10832681,0.07197125206258562
4023,12436921,24/25,2025-02-01,9,10,Leicester City,Everton,away,0.18956153846153845,0.11266251,-0.07689902937779058
4024,12436924,24/25,2025-02-01,7583,20,Ipswich Town,Southampton,home,0.10275555555555556,0.1113712,0.008615641250875258
4024,12436924,24/25,2025-02-01,20,7583,Southampton,Ipswich Town,away,0.1228,0.115138106,-0.007661893951892859
4025,12436932,24/25,2025-02-01,3033,12,Wolverhampton,Aston Villa,home,0.04466,0.11442868,0.06976867666482925
4025,12436932,24/25,2025-02-01,12,3033,Aston Villa,Wolverhampton,away,0.2089625,0.113521114,-0.09544138600826263
4026,12436925,24/25,2025-02-02,1,18,Manchester United,Crystal Palace,home,0.23879090909090908,0.12173204,-0.11705886785117062
4026,12436925,24/25,2025-02-02,18,1,Crystal Palace,Manchester United,away,0.0661764705882353,0.10956987,0.04339339934727725
4027,12436916,24/25,2025-02-02,5301,8,Brentford,Tottenham Hotspur,home,0.06612307692307692,0.107121505,0.04099842792015809
4027,12436916,24/25,2025-02-02,8,5301,Tottenham Hotspur,Brentford,away,0.102965,0.116093956,0.013128955934047698
4028,12436913,24/25,2025-02-02,17,22,Arsenal,Manchester City,home,0.11544285714285714,0.115667924,0.00022506714207785883
4028,12436913,24/25,2025-02-02,22,17,Manchester City,Arsenal,away,0.08356666666666666,0.118195444,0.03462877767880758
4029,12436919,24/25,2025-02-03,24,7,Chelsea,West Ham United,home,0.08714285714285715,0.11138967,0.024246809652873444
4029,12436919,24/25,2025-02-03,7,24,West Ham United,Chelsea,away,0.07576363636363637,0.11619956,0.04043592409979213
4030,13344418,24/25,2025-02-12,10,19,Everton,Liverpool FC,home,0.1038,0.11684759,0.013047589612007138
4030,13344418,24/25,2025-02-12,19,10,Liverpool FC,Everton,away,0.09543,0.11476579,0.019335793085098266
4031,12436937,24/25,2025-02-14,2275,24,Brighton & Hove Albion,Chelsea,home,0.0675375,0.12066742,0.05312992032766342
4031,12436937,24/25,2025-02-14,24,2275,Chelsea,Brighton & Hove Albion,away,0.10922307692307692,0.11331126,0.0040881840155674865
4032,12436943,24/25,2025-02-15,9,17,Leicester City,Arsenal,home,0.12574545454545455,0.11411832,-0.011627131815390157
4032,12436943,24/25,2025-02-15,17,9,Arsenal,Leicester City,away,0.03668333333333333,0.106646016,0.0699626829067866
4033,12436948,24/25,2025-02-15,22,21,Manchester City,Newcastle United,home,0.16093333333333334,0.121671624,-0.039261708851655336
4033,12436948,24/25,2025-02-15,21,22,Newcastle United,Manchester City,away,0.1730909090909091,0.115571894,-0.057519015339287854
4034,12436934,24/25,2025-02-15,12,7583,Aston Villa,Ipswich Town,home,0.0917,0.112440445,0.020740444529056545
4034,12436934,24/25,2025-02-15,7583,12,Ipswich Town,Aston Villa,away,0.097412,0.11378241,0.016370413303852083
4035,12436956,24/25,2025-02-15,7,5301,West Ham United,Brentford,home,0.11847857142857143,0.11510057,-0.003378001405511588
4035,12436956,24/25,2025-02-15,5301,7,Brentford,West Ham United,away,0.06279230769230769,0.106558174,0.04376586620257451
4036,12436940,24/25,2025-02-15,3027,6072,Fulham,Nottingham Forest,home,0.0530875,0.118948914,0.06586141411066054
4036,12436940,24/25,2025-02-15,6072,3027,Nottingham Forest,Fulham,away,0.0915625,0.10927023,0.017707729935646052
4037,12436950,24/25,2025-02-15,20,769,Southampton,Bournemouth,home,0.0854357142857143,0.11560781,0.03017209871496472
4037,12436950,24/25,2025-02-15,769,20,Bournemouth,Southampton,away,0.07204545454545455,0.10664847,0.03460301293568177
4038,12436939,24/25,2025-02-15,18,10,Crystal Palace,Everton,home,0.08760909090909091,0.109786704,0.022177613273533903
4038,12436939,24/25,2025-02-15,10,18,Everton,Crystal Palace,away,0.1012235294117647,0.11439587,0.0131723423466963
4039,12436945,24/25,2025-02-16,19,3033,Liverpool FC,Wolverhampton,home,0.093525,0.11437111,0.020846113479137424
4039,12436945,24/25,2025-02-16,3033,19,Wolverhampton,Liverpool FC,away,0.1664,0.12034418,-0.04605582311153411
4040,12436952,24/25,2025-02-16,8,1,Tottenham Hotspur,Manchester United,home,0.09553125,0.11678956,0.021258307039737703
4040,12436952,24/25,2025-02-16,1,8,Manchester United,Tottenham Hotspur,away,0.10462272727272727,0.11615999,0.011537263157150965
4041,12437019,24/25,2025-02-19,12,19,Aston Villa,Liverpool FC,home,0.14735882352941176,0.117374875,-0.029983948877979727
4041,12437019,24/25,2025-02-19,19,12,Liverpool FC,Aston Villa,away,0.07405555555555556,0.11542132,0.04136576196220186
4042,12436623,24/25,2025-02-21,9,5301,Leicester City,Brentford,home,0.10827142857142857,0.11486812,0.0065966907875878444
4042,12436623,24/25,2025-02-21,5301,9,Brentford,Leicester City,away,0.06394999999999999,0.11055312,0.04660312305688859
4043,12436625,24/25,2025-02-22,10,1,Everton,Manchester United,home,0.045566666666666665,0.11316296,0.06759629046519597
4043,12436625,24/25,2025-02-22,1,10,Manchester United,Everton,away,0.21196666666666666,0.120788395,-0.09117827126185099
4044,12436960,24/25,2025-02-22,17,7,Arsenal,West Ham United,home,0.2131,0.11124497,-0.10185503093004228
4044,12436960,24/25,2025-02-22,7,17,West Ham United,Arsenal,away,0.061059999999999996,0.111468464,0.05040846413612366
4045,12436629,24/25,2025-02-22,7583,8,Ipswich Town,Tottenham Hotspur,home,0.17137,0.112913355,-0.0584566447687149
4045,12436629,24/25,2025-02-22,8,7583,Tottenham Hotspur,Ipswich Town,away,0.06793529411764705,0.11354127,0.04560597369460499
4046,12436965,24/25,2025-02-22,20,2275,Southampton,Brighton & Hove Albion,home,0.22044444444444444,0.113572575,-0.10687186929252412
4046,12436965,24/25,2025-02-22,2275,20,Brighton & Hove Albion,Southampton,away,0.020883333333333334,0.11436177,0.09347843711773554
4047,12436624,24/25,2025-02-22,3027,18,Fulham,Crystal Palace,home,0.13225,0.1164372,-0.015812803268432624
4047,12436624,24/25,2025-02-22,18,3027,Crystal Palace,Fulham,away,0.0205,0.11274663,0.09224663358926773
4048,12436958,24/25,2025-02-22,769,3033,Bournemouth,Wolverhampton,home,0.1538846153846154,0.11205431,-0.04183030464557502
4048,12436958,24/25,2025-02-22,3033,769,Wolverhampton,Bournemouth,away,0.078,0.1161429,0.03814289879798889
4049,12436621,24/25,2025-02-22,12,24,Aston Villa,Chelsea,home,0.15354,0.12225371,-0.03128629145860673
4049,12436621,24/25,2025-02-22,24,12,Chelsea,Aston Villa,away,0.19418333333333335,0.11136114,-0.08282219481070838
4050,12436963,24/25,2025-02-23,21,6072,Newcastle United,Nottingham Forest,home,0.10512941176470589,0.11430782,0.009178409032260665
4050,12436963,24/25,2025-02-23,6072,21,Nottingham Forest,Newcastle United,away,0.22457692307692306,0.11062506,-0.11395186466437118
4051,12436627,24/25,2025-02-23,22,19,Manchester City,Liverpool FC,home,0.088575,0.12054479,0.03196979122161865
4051,12436627,24/25,2025-02-23,19,22,Liverpool FC,Manchester City,away,0.040725,0.11771202,0.07698702087402344
4052,12436983,24/25,2025-02-25,18,12,Crystal Palace,Aston Villa,home,0.06285,0.1100113,0.04716130193471908
4052,12436983,24/25,2025-02-25,12,18,Aston Villa,Crystal Palace,away,0.22793684210526316,0.12794015,-0.09999669399010508
4053,12436970,24/25,2025-02-25,2275,769,Brighton & Hove Albion,Bournemouth,home,0.07670526315789473,0.11580471,0.03909944633621919
4053,12436970,24/25,2025-02-25,769,2275,Bournemouth,Brighton & Hove Albion,away,0.22019090909090908,0.120181516,-0.10000939327803524
4054,12436981,24/25,2025-02-25,3033,3027,Wolverhampton,Fulham,home,0.15393636363636365,0.11662117,-0.03731519716869702
4054,12436981,24/25,2025-02-25,3027,3033,Fulham,Wolverhampton,away,0.07285,0.11316199,0.04031198855638504
4055,12436986,24/25,2025-02-25,24,20,Chelsea,Southampton,home,0.1033,0.111905664,0.008605664205551145
4055,12436986,24/25,2025-02-25,20,24,Southampton,Chelsea,away,0.13497894736842106,0.11655027,-0.01842868062571476
4056,12436975,24/25,2025-02-26,8,22,Tottenham Hotspur,Manchester City,home,0.17644166666666666,0.12361875,-0.05282291490236918
4056,12436975,24/25,2025-02-26,22,8,Manchester City,Tottenham Hotspur,away,0.12074545454545454,0.11579532,-0.004950132782892747
4057,12436991,24/25,2025-02-26,1,7583,Manchester United,Ipswich Town,home,0.11904166666666667,0.118111566,-0.0009301009575525959
4057,12436991,24/25,2025-02-26,7583,1,Ipswich Town,Manchester United,away,0.07977,0.116429076,0.03665907559871674
4058,12436974,24/25,2025-02-26,6072,17,Nottingham Forest,Arsenal,home,0.0759076923076923,0.10773547,0.03182777762963222
4058,12436974,24/25,2025-02-26,17,6072,Arsenal,Nottingham Forest,away,0.06705,0.116701856,0.04965185625553131
4059,12436968,24/25,2025-02-26,5301,10,Brentford,Everton,home,0.09785,0.11255524,0.014705243074893945
4059,12436968,24/25,2025-02-26,10,5301,Everton,Brentford,away,0.14243333333333333,0.11530158,-0.027131754096349076
4060,12436988,24/25,2025-02-26,21,19,Newcastle United,Liverpool FC,away,0.141625,0.115508385,-0.026116614997386933
4061,13365051,24/25,2025-02-27,7,9,West Ham United,Leicester City,home,0.03677,0.10919459,0.07242459164142609
4061,13365051,24/25,2025-02-27,9,7,Leicester City,West Ham United,away,0.210025,0.11409556,-0.0959294387936592
4062,12437007,24/25,2025-03-08,6072,22,Nottingham Forest,Manchester City,home,0.06166428571428571,0.11140906,0.04974477494273867
4062,12437007,24/25,2025-03-08,22,6072,Manchester City,Nottingham Forest,away,0.0807,0.117148444,0.03644844405651093
4063,12437003,24/25,2025-03-08,19,20,Liverpool FC,Southampton,home,0.05943333333333333,0.11120978,0.05177644664446513
4063,12437003,24/25,2025-03-08,20,19,Southampton,Liverpool FC,away,0.14710714285714285,0.11643265,-0.030674490979739594
4064,12436996,24/25,2025-03-08,2275,3027,Brighton & Hove Albion,Fulham,home,0.15043333333333334,0.11475798,-0.03567535590728124
4064,12436996,24/25,2025-03-08,3027,2275,Fulham,Brighton & Hove Albion,away,0.17093333333333333,0.11531371,-0.05561962455113728
4065,12437000,24/25,2025-03-08,18,7583,Crystal Palace,Ipswich Town,home,0.11946666666666667,0.10466779,-0.014798876432577768
4065,12437000,24/25,2025-03-08,7583,18,Ipswich Town,Crystal Palace,away,0.17157368421052632,0.11963163,-0.05194205104802785
4066,12436994,24/25,2025-03-08,5301,12,Brentford,Aston Villa,home,0.11103333333333333,0.11186621,0.0008328800479571047
4066,12436994,24/25,2025-03-08,12,5301,Aston Villa,Brentford,away,0.06413846153846153,0.12592453,0.06178606610664955
4067,12437012,24/25,2025-03-08,3033,10,Wolverhampton,Everton,home,0.11786666666666666,0.11741496,-0.0004517078916231737
4067,12437012,24/25,2025-03-08,10,3033,Everton,Wolverhampton,away,0.07003636363636363,0.11275207,0.04271570887673985
4068,12436998,24/25,2025-03-09,9,24,Leicester City,Chelsea,away,0.08891,0.11785282,0.0289428219461441
4069,12437009,24/25,2025-03-09,8,769,Tottenham Hotspur,Bournemouth,home,0.1294764705882353,0.1183169,-0.011159566877870009
4069,12437009,24/25,2025-03-09,769,8,Bournemouth,Tottenham Hotspur,away,0.12715833333333335,0.11627719,-0.010881145270665499
4070,12437005,24/25,2025-03-09,1,17,Manchester United,Arsenal,home,0.09820588235294117,0.11780239,0.019596506613142356
4070,12437005,24/25,2025-03-09,17,1,Arsenal,Manchester United,away,0.15192,0.111441195,-0.04047880498886108
4071,12437010,24/25,2025-03-10,7,21,West Ham United,Newcastle United,home,0.15573333333333333,0.11541318,-0.04032015184958776
4071,12437010,24/25,2025-03-10,21,7,Newcastle United,West Ham United,away,0.07968888888888889,0.10922303,0.029534141618675652
4072,12437029,24/25,2025-03-15,22,2275,Manchester City,Brighton & Hove Albion,home,0.13577333333333333,0.12006518,-0.015708150885899858
4072,12437029,24/25,2025-03-15,2275,22,Brighton & Hove Albion,Manchester City,away,0.15795454545454546,0.11222485,-0.045729698376222094
4073,12437021,24/25,2025-03-15,10,7,Everton,West Ham United,home,0.08463999999999999,0.107185006,0.022545006141662605
4073,12437021,24/25,2025-03-15,7,10,West Ham United,Everton,away,0.07667692307692307,0.11347272,0.03679579939383727
4074,12437025,24/25,2025-03-15,7583,6072,Ipswich Town,Nottingham Forest,home,0.1379090909090909,0.11560793,-0.02230115869912233
4074,12437025,24/25,2025-03-15,6072,7583,Nottingham Forest,Ipswich Town,away,0.03860909090909091,0.11091679,0.07230770243731412
4075,12436578,24/25,2025-03-15,20,3033,Southampton,Wolverhampton,home,0.07238,0.113971554,0.04159155374288559
4075,12436578,24/25,2025-03-15,3033,20,Wolverhampton,Southampton,away,0.14008,0.11402425,-0.026055748300552378
4076,12437014,24/25,2025-03-15,769,5301,Bournemouth,Brentford,home,0.08333,0.11559652,0.03226651792049408
4076,12437014,24/25,2025-03-15,5301,769,Brentford,Bournemouth,away,0.09795294117647059,0.113192946,0.015240004542294669
4077,12437017,24/25,2025-03-16,17,24,Arsenal,Chelsea,home,0.0448625,0.120358415,0.0754959149479866
4077,12437017,24/25,2025-03-16,24,17,Chelsea,Arsenal,away,0.05955833333333333,0.11673539,0.057177057985464734
4078,12437023,24/25,2025-03-16,3027,8,Fulham,Tottenham Hotspur,home,0.07928333333333333,0.114143535,0.03486020216147105
4078,12437023,24/25,2025-03-16,8,3027,Tottenham Hotspur,Fulham,away,0.07475384615384616,0.11893948,0.04418563552177869
4079,12437027,24/25,2025-03-16,9,1,Leicester City,Manchester United,home,0.05068333333333333,0.113386415,0.06270308161179225
4079,12437027,24/25,2025-03-16,1,9,Manchester United,Leicester City,away,0.0957,0.11831098,0.022610980498790748
4080,12436580,24/25,2025-04-01,17,3027,Arsenal,Fulham,home,0.10994444444444444,0.1146821,0.004737656268808579
4080,12436580,24/25,2025-04-01,3027,17,Fulham,Arsenal,away,0.13978235294117647,0.11783972,-0.021942636566302354
4081,12436599,24/25,2025-04-01,3033,7,Wolverhampton,West Ham United,home,0.13434,0.114517994,-0.01982200577497481
4081,12436599,24/25,2025-04-01,7,3033,West Ham United,Wolverhampton,away,0.13125555555555554,0.11470842,-0.01654713194105359
4082,12436591,24/25,2025-04-01,6072,1,Nottingham Forest,Manchester United,home,0.0713304347826087,0.10933361,0.03800317724217539
4082,12436591,24/25,2025-04-01,1,6072,Manchester United,Nottingham Forest,away,0.0594375,0.11047913,0.05104163134098053
4083,12436594,24/25,2025-04-02,9,22,Leicester City,Manchester City,away,0.12466666666666666,0.11680296,-0.007863706032435094
4084,12436584,24/25,2025-04-02,2275,12,Brighton & Hove Albion,Aston Villa,home,0.1559625,0.11413392,-0.04182858320474625
4084,12436584,24/25,2025-04-02,12,2275,Aston Villa,Brighton & Hove Albion,away,0.08144545454545454,0.11729924,0.035853781811757524
4085,12436600,24/25,2025-04-02,21,5301,Newcastle United,Brentford,home,0.13365833333333332,0.11158994,-0.02206839493115742
4085,12436600,24/25,2025-04-02,5301,21,Brentford,Newcastle United,away,0.06127619047619048,0.111502,0.050225808723199934
4086,12436588,24/25,2025-04-02,20,18,Southampton,Crystal Palace,home,0.08257777777777778,0.11551315,0.03293537559641732
4086,12436588,24/25,2025-04-02,18,20,Crystal Palace,Southampton,away,0.08405,0.103208855,0.01915885479450226
4087,12436576,24/25,2025-04-02,769,7583,Bournemouth,Ipswich Town,home,0.11676,0.11205698,-0.004703021953105929
4087,12436576,24/25,2025-04-02,7583,769,Ipswich Town,Bournemouth,away,0.0841875,0.11532859,0.031141087591648103
4088,12436593,24/25,2025-04-02,19,10,Liverpool FC,Everton,home,0.133,0.1145115,-0.018488502681255348
4088,12436593,24/25,2025-04-02,10,19,Everton,Liverpool FC,away,0.08634705882352942,0.113835126,0.027488067338045902
4089,12436587,24/25,2025-04-03,24,8,Chelsea,Tottenham Hotspur,home,0.109175,0.116978906,0.007803906095027929
4089,12436587,24/25,2025-04-03,8,24,Tottenham Hotspur,Chelsea,away,0.09991818181818181,0.11878815,0.01886997111493892
4090,12436596,24/25,2025-04-05,10,17,Everton,Arsenal,home,0.13007142857142856,0.116878904,-0.013192524169172548
4090,12436596,24/25,2025-04-05,17,10,Arsenal,Everton,away,0.21772,0.12719336,-0.09052663847923278
4091,12436604,24/25,2025-04-05,7,769,West Ham United,Bournemouth,home,0.19457272727272729,0.118224785,-0.07634794254086236
4091,12436604,24/25,2025-04-05,769,7,Bournemouth,West Ham United,away,0.07665555555555556,0.111169115,0.03451355915334489
4092,12436595,24/25,2025-04-05,18,2275,Crystal Palace,Brighton & Hove Albion,home,0.09131818181818181,0.114513494,0.023195312256162823
4092,12436595,24/25,2025-04-05,2275,18,Brighton & Hove Albion,Crystal Palace,away,0.075575,0.116309494,0.040734493780136105
4093,12436601,24/25,2025-04-05,7583,3033,Ipswich Town,Wolverhampton,home,0.12316818181818182,0.11351372,-0.009654458802396598
4093,12436601,24/25,2025-04-05,3033,7583,Wolverhampton,Ipswich Town,away,0.13288333333333333,0.11307679,-0.01980654216607411
4094,12436597,24/25,2025-04-05,12,6072,Aston Villa,Nottingham Forest,home,0.07792631578947369,0.1123347,0.03440838264917072
4094,12436597,24/25,2025-04-05,6072,12,Nottingham Forest,Aston Villa,away,0.17808823529411766,0.111421354,-0.06666688117910835
4095,12436598,24/25,2025-04-06,3027,19,Fulham,Liverpool FC,home,0.10707142857142857,0.117658176,0.010586746956620902
4095,12436598,24/25,2025-04-06,19,3027,Liverpool FC,Fulham,away,0.06195833333333333,0.11168922,0.04973088405529658
4096,12436589,24/25,2025-04-06,5301,24,Brentford,Chelsea,home,0.05866190476190476,0.1146838,0.05602189468372436
4096,12436589,24/25,2025-04-06,24,5301,Chelsea,Brentford,away,0.13165555555555555,0.11718204,-0.014473516831133099
4097,12436606,24/25,2025-04-06,8,20,Tottenham Hotspur,Southampton,home,0.08648333333333333,0.11231345,0.025830116049448654
4097,12436606,24/25,2025-04-06,20,8,Southampton,Tottenham Hotspur,away,0.16277692307692307,0.11532354,-0.047453379528339085
4098,12436602,24/25,2025-04-06,1,22,Manchester United,Manchester City,home,0.054155555555555554,0.115058035,0.06090247910287645
4098,12436602,24/25,2025-04-06,22,1,Manchester City,Manchester United,away,0.07143076923076923,0.11492682,0.04349605325277035
4099,13560219,24/25,2025-04-07,9,21,Leicester City,Newcastle United,home,0.207725,0.11693246,-0.09079254082441329
4099,13560219,24/25,2025-04-07,21,9,Newcastle United,Leicester City,away,0.06792857142857144,0.110646605,0.04271803406306675
4100,12436610,24/25,2025-04-12,22,18,Manchester City,Crystal Palace,home,0.2271625,0.121747866,-0.10541463372707366
4100,12436610,24/25,2025-04-12,18,22,Crystal Palace,Manchester City,away,0.19152857142857144,0.112893514,-0.07863505709341595
4101,12436614,24/25,2025-04-12,20,12,Southampton,Aston Villa,home,0.130844,0.115807936,-0.015036064404487598
4101,12436614,24/25,2025-04-12,12,20,Aston Villa,Southampton,away,0.04435714285714286,0.10750178,0.06314463961975915
4102,12436607,24/25,2025-04-12,2275,9,Brighton & Hove Albion,Leicester City,home,0.10089333333333333,0.112616554,0.011723220569292703
4102,12436607,24/25,2025-04-12,9,2275,Leicester City,Brighton & Hove Albion,away,0.18599047619047618,0.116044775,-0.06994570153894877
4103,12436613,24/25,2025-04-12,6072,10,Nottingham Forest,Everton,home,0.10433846153846153,0.10850957,0.004171108821722183
4103,12436613,24/25,2025-04-12,10,6072,Everton,Nottingham Forest,away,0.05164,0.10860764,0.056967642352581026
4104,12436608,24/25,2025-04-12,17,5301,Arsenal,Brentford,home,0.08123333333333334,0.119079955,0.03784662158886591
4104,12436608,24/25,2025-04-12,5301,17,Brentford,Arsenal,away,0.06892857142857142,0.11338045,0.04445187560149602
4105,12436612,24/25,2025-04-13,19,7,Liverpool FC,West Ham United,home,0.13677272727272727,0.11356881,-0.023203914664008396
4105,12436612,24/25,2025-04-13,7,19,West Ham United,Liverpool FC,away,0.11846666666666666,0.1173984,-0.0010682630817095418
4106,12436609,24/25,2025-04-13,24,7583,Chelsea,Ipswich Town,home,0.08267692307692308,0.1105689,0.027891980309669787
4106,12436609,24/25,2025-04-13,7583,24,Ipswich Town,Chelsea,away,0.06683823529411764,0.11628622,0.049447982872233676
4107,12436617,24/25,2025-04-13,3033,8,Wolverhampton,Tottenham Hotspur,home,0.18831818181818183,0.116173394,-0.07214478779380973
4107,12436617,24/25,2025-04-13,8,3033,Tottenham Hotspur,Wolverhampton,away,0.18356153846153847,0.114822485,-0.06873905390867821
4108,12436611,24/25,2025-04-13,21,1,Newcastle United,Manchester United,home,0.08004444444444445,0.109774545,0.02973010039064619
4108,12436611,24/25,2025-04-13,1,21,Manchester United,Newcastle United,away,0.1669153846153846,0.11630476,-0.05061062195392754
4109,13560222,24/25,2025-04-14,769,3027,Bournemouth,Fulham,home,0.08881666666666667,0.11110375,0.02228708409865697
4109,13560222,24/25,2025-04-14,3027,769,Fulham,Bournemouth,away,0.12128333333333333,0.11482157,-0.006461765201886488
4110,12437031,24/25,2025-04-16,21,18,Newcastle United,Crystal Palace,home,0.18212727272727272,0.114225246,-0.06790202671506188
4110,12437031,24/25,2025-04-16,18,21,Crystal Palace,Newcastle United,away,0.10969285714285715,0.11144662,0.001753761890956329
4111,12436628,24/25,2025-04-19,10,22,Everton,Manchester City,home,0.1701,0.11383929,-0.056260708963871
4111,12436628,24/25,2025-04-19,22,10,Manchester City,Everton,away,0.1139,0.114965245,0.0010652451276779162
4112,12436619,24/25,2025-04-19,5301,2275,Brentford,Brighton & Hove Albion,home,0.1195,0.11227902,-0.007220979750156398
4112,12436619,24/25,2025-04-19,2275,5301,Brighton & Hove Albion,Brentford,away,0.140875,0.11367472,-0.027200277388095856
4113,12436554,24/25,2025-04-19,7,20,West Ham United,Southampton,home,0.04275333333333333,0.11308483,0.07033149701038996
4113,12436554,24/25,2025-04-19,20,7,Southampton,West Ham United,away,0.07575,0.111734025,0.035984025180339815
4114,12436616,24/25,2025-04-19,18,769,Crystal Palace,Bournemouth,home,0.04831333333333333,0.113636576,0.06532324230591456
4114,12436616,24/25,2025-04-19,769,18,Bournemouth,Crystal Palace,away,0.07406,0.113230884,0.039170884075164794
4115,12436615,24/25,2025-04-19,12,21,Aston Villa,Newcastle United,home,0.10044,0.11481637,0.014376367626190184
4115,12436615,24/25,2025-04-19,21,12,Newcastle United,Aston Villa,away,0.09808260869565218,0.115260474,0.017177865688178848
4116,12436622,24/25,2025-04-20,1,3033,Manchester United,Wolverhampton,home,0.06235,0.114846036,0.052496035838127134
4116,12436622,24/25,2025-04-20,3033,1,Wolverhampton,Manchester United,away,0.11004166666666666,0.11384132,0.0037996509273846985
4117,12436620,24/25,2025-04-20,7583,17,Ipswich Town,Arsenal,home,0.10607083333333334,0.11536538,0.009294545225302375
4117,12436620,24/25,2025-04-20,17,7583,Arsenal,Ipswich Town,away,0.04195,0.11033822,0.06838821851015091
4118,12436618,24/25,2025-04-20,3027,24,Fulham,Chelsea,home,0.06954615384615384,0.11349191,0.04394575386964358
4118,12436618,24/25,2025-04-20,24,3027,Chelsea,Fulham,away,0.042,0.1112204,0.06922039705514907
4119,12436626,24/25,2025-04-20,9,19,Leicester City,Liverpool FC,home,0.09343928571428571,0.11482544,0.021386156719071528
4119,12436626,24/25,2025-04-20,19,9,Liverpool FC,Leicester City,away,0.05476,0.110191025,0.05543102483987808
4120,12436537,24/25,2025-04-21,8,6072,Tottenham Hotspur,Nottingham Forest,home,0.120075,0.11348262,-0.006592383158206941
4120,12436537,24/25,2025-04-21,6072,8,Nottingham Forest,Tottenham Hotspur,away,0.09724090909090909,0.11187021,0.0146292978015813
4121,12436551,24/25,2025-04-22,22,12,Manchester City,Aston Villa,home,0.2508,0.12738517,-0.1234148307323456
4121,12436551,24/25,2025-04-22,12,22,Aston Villa,Manchester City,away,0.09513571428571428,0.11395075,0.018815037436144696
4122,12436547,24/25,2025-04-23,17,18,Arsenal,Crystal Palace,home,0.12039333333333334,0.11227069,-0.008122642832597102
4122,12436547,24/25,2025-04-23,18,17,Crystal Palace,Arsenal,away,0.103775,0.11727909,0.013504089987277978
4123,12436550,24/25,2025-04-26,24,10,Chelsea,Everton,home,0.07361666666666666,0.113298185,0.039681518503030144
4123,12436550,24/25,2025-04-26,10,24,Everton,Chelsea,away,0.08813,0.11032116,0.022191156680583954
4124,12436545,24/25,2025-04-26,21,7583,Newcastle United,Ipswich Town,home,0.02495,0.10794472,0.08299471949338913
4124,12436545,24/25,2025-04-26,7583,21,Ipswich Town,Newcastle United,away,0.11401599999999999,0.117841184,0.0038251841392517166
4125,12436546,24/25,2025-04-26,2275,7,Brighton & Hove Albion,West Ham United,home,0.10617499999999999,0.1135556,0.0073806027293205345
4125,12436546,24/25,2025-04-26,7,2275,West Ham United,Brighton & Hove Albion,away,0.08179375,0.1160302,0.03423645131587982
4126,12436558,24/25,2025-04-26,3033,9,Wolverhampton,Leicester City,home,0.143425,0.11128932,-0.032135677623748776
4126,12436558,24/25,2025-04-26,9,3033,Leicester City,Wolverhampton,away,0.101125,0.11403899,0.01291398894786834
4127,12436539,24/25,2025-04-26,20,3027,Southampton,Fulham,home,0.09295,0.11280238,0.01985237883329391
4127,12436539,24/25,2025-04-26,3027,20,Fulham,Southampton,away,0.08974285714285714,0.11255884,0.022815984562465128
4128,12436535,24/25,2025-04-27,769,1,Bournemouth,Manchester United,home,0.100664,0.11137704,0.010713038061618801
4128,12436535,24/25,2025-04-27,1,769,Manchester United,Bournemouth,away,0.0659,0.11658475,0.05068474802970886
4129,12436544,24/25,2025-04-27,19,8,Liverpool FC,Tottenham Hotspur,home,0.0571,0.120601684,0.06350168385505676
4129,12436544,24/25,2025-04-27,8,19,Tottenham Hotspur,Liverpool FC,away,0.091088,0.11672889,0.02564088696193695
4130,12436552,24/25,2025-05-01,6072,5301,Nottingham Forest,Brentford,home,0.11705454545454545,0.107353225,-0.009701320104165509
4130,12436552,24/25,2025-05-01,5301,6072,Brentford,Nottingham Forest,away,0.06419285714285715,0.10627744,0.04208458632571356
4131,12436562,24/25,2025-05-02,22,3033,Manchester City,Wolverhampton,home,0.06931666666666667,0.11880418,0.049487512465318045
4131,12436562,24/25,2025-05-02,3033,22,Wolverhampton,Manchester City,away,0.07914444444444445,0.116105355,0.036960910877916545
4132,12436553,24/25,2025-05-03,12,3027,Aston Villa,Fulham,home,0.0776090909090909,0.1065405,0.028931410208615393
4132,12436553,24/25,2025-05-03,3027,12,Fulham,Aston Villa,away,0.09576,0.1207952,0.025035197784900667
4133,12436571,24/25,2025-05-03,9,20,Leicester City,Southampton,home,0.066625,0.11215826,0.04553326123952865
4133,12436571,24/25,2025-05-03,20,9,Southampton,Leicester City,away,0.10015,0.11290143,0.012751426851749417
4134,12436572,24/25,2025-05-03,10,7583,Everton,Ipswich Town,home,0.07075833333333334,0.108820505,0.0380621721069018
4134,12436572,24/25,2025-05-03,7583,10,Ipswich Town,Everton,away,0.06925,0.11458472,0.04533472162485122
4135,12436543,24/25,2025-05-03,17,769,Arsenal,Bournemouth,home,0.10734444444444445,0.13138714,0.024042699882719246
4135,12436543,24/25,2025-05-03,769,17,Bournemouth,Arsenal,away,0.10903076923076924,0.11617082,0.0071400543432969255
4136,12436560,24/25,2025-05-04,5301,1,Brentford,Manchester United,home,0.11117142857142857,0.11276571,0.001594278504167282
4136,12436560,24/25,2025-05-04,1,5301,Manchester United,Brentford,away,0.23294166666666666,0.11882212,-0.11411954653660455
4137,12436565,24/25,2025-05-04,7,8,West Ham United,Tottenham Hotspur,home,0.11067142857142857,0.116765305,0.006093876828466141
4137,12436565,24/25,2025-05-04,8,7,Tottenham Hotspur,West Ham United,away,0.07656363636363636,0.11113395,0.03457031160484661
4138,12436567,24/25,2025-05-04,2275,21,Brighton & Hove Albion,Newcastle United,home,0.14366153846153845,0.119327605,-0.02433393369087805
4138,12436567,24/25,2025-05-04,21,2275,Newcastle United,Brighton & Hove Albion,away,0.13754,0.118478745,-0.01906125477790832
4139,12436563,24/25,2025-05-04,24,19,Chelsea,Liverpool FC,home,0.09535454545454546,0.118490376,0.023135830123858017
4139,12436563,24/25,2025-05-04,19,24,Liverpool FC,Chelsea,away,0.18434705882352942,0.11856292,-0.0657841369418537
4140,12436561,24/25,2025-05-05,18,6072,Crystal Palace,Nottingham Forest,home,0.060833333333333336,0.10726936,0.04643602828184763
4140,12436561,24/25,2025-05-05,6072,18,Nottingham Forest,Crystal Palace,away,0.11609,0.11263557,-0.0034544322156906115
4141,12436575,24/25,2025-05-10,20,22,Southampton,Manchester City,home,0.0701,0.11656118,0.0464611818432808
4142,12436581,24/25,2025-05-10,3033,2275,Wolverhampton,Brighton & Hove Albion,home,0.22457142857142856,0.11688047,-0.1076909595472472
4142,12436581,24/25,2025-05-10,2275,3033,Brighton & Hove Albion,Wolverhampton,away,0.09103,0.1166308,0.02560080006837845
4143,12436566,24/25,2025-05-10,3027,10,Fulham,Everton,home,0.10202727272727273,0.1122356,0.010208325538851995
4143,12436566,24/25,2025-05-10,10,3027,Everton,Fulham,away,0.04365,0.10732749,0.06367749104499817
4144,12436564,24/25,2025-05-10,7583,5301,Ipswich Town,Brentford,home,0.09449333333333333,0.11689854,0.022405203348795574
4144,12436564,24/25,2025-05-10,5301,7583,Brentford,Ipswich Town,away,0.08454545454545455,0.1032342,0.018688747124238445
4145,12436570,24/25,2025-05-10,769,12,Bournemouth,Aston Villa,home,0.16536666666666666,0.11620624,-0.049160423032442724
4145,12436570,24/25,2025-05-10,12,769,Aston Villa,Bournemouth,away,0.08419,0.11616484,0.03197484075784683
4146,12436573,24/25,2025-05-11,21,24,Newcastle United,Chelsea,home,0.06896,0.11968804,0.05072804150819779
4146,12436573,24/25,2025-05-11,24,21,Chelsea,Newcastle United,away,0.10432,0.11516576,0.010845762603282932
4147,12436569,24/25,2025-05-11,1,7,Manchester United,West Ham United,home,0.19556666666666667,0.115334764,-0.08023190254370371
4147,12436569,24/25,2025-05-11,7,1,West Ham United,Manchester United,away,0.111825,0.11633149,0.004506487894058234
4148,12436583,24/25,2025-05-11,8,18,Tottenham Hotspur,Crystal Palace,home,0.14626521739130435,0.117632784,-0.0286324334419292
4148,12436583,24/25,2025-05-11,18,8,Crystal Palace,Tottenham Hotspur,away,0.0914125,0.11057279,0.019160292589664465
4149,12436574,24/25,2025-05-11,6072,9,Nottingham Forest,Leicester City,home,0.10832,0.110989176,0.0026691757369041447
4149,12436574,24/25,2025-05-11,9,6072,Leicester City,Nottingham Forest,away,0.08732666666666666,0.11211062,0.02478395556052526
4150,12436568,24/25,2025-05-11,19,17,Liverpool FC,Arsenal,home,0.17323333333333332,0.12525587,-0.047977465494473764
4150,12436568,24/25,2025-05-11,17,19,Arsenal,Liverpool FC,away,0.17064285714285715,0.123483524,-0.047159333416393834
4151,12436577,24/25,2025-05-16,8,12,Tottenham Hotspur,Aston Villa,away,0.07716111111111111,0.1162477,0.03908658755355411
4152,12436582,24/25,2025-05-16,24,1,Chelsea,Manchester United,home,0.072825,0.11378639,0.04096139191389084
4152,12436582,24/25,2025-05-16,1,24,Manchester United,Chelsea,away,0.07417272727272728,0.11851978,0.04434705574729225
4153,12436579,24/25,2025-05-18,10,20,Everton,Southampton,home,0.21635,0.11409951,-0.10225048998594283
4153,12436579,24/25,2025-05-18,20,10,Southampton,Everton,away,0.20989230769230768,0.11697301,-0.09291929500653193
4154,12436533,24/25,2025-05-18,7,6072,West Ham United,Nottingham Forest,home,0.1958,0.11355777,-0.08224222915172577
4154,12436533,24/25,2025-05-18,6072,7,Nottingham Forest,West Ham United,away,0.07048125,0.11029533,0.03981408296823502
4155,12436534,24/25,2025-05-18,9,7583,Leicester City,Ipswich Town,home,0.07029,0.1122298,0.04193980171442031
4155,12436534,24/25,2025-05-18,7583,9,Ipswich Town,Leicester City,away,0.08942222222222222,0.11521629,0.025794070218669043
4156,12436586,24/25,2025-05-18,5301,3027,Brentford,Fulham,home,0.0621625,0.101210974,0.039048474156856534
4156,12436586,24/25,2025-05-18,3027,5301,Fulham,Brentford,away,0.2610636363636364,0.12603061,-0.1350330273519863
4157,12436585,24/25,2025-05-18,17,21,Arsenal,Newcastle United,home,0.13465,0.11938957,-0.015260428750514976
4157,12436585,24/25,2025-05-18,21,17,Newcastle United,Arsenal,away,0.05330833333333333,0.11968804,0.06637970817486445
4158,12436590,24/25,2025-05-19,2275,19,Brighton & Hove Albion,Liverpool FC,home,0.12416666666666666,0.116780646,-0.007386020521322881
4158,12436590,24/25,2025-05-19,19,2275,Liverpool FC,Brighton & Hove Albion,away,0.08931599999999999,0.12080464,0.031488637670516975
4159,13854588,24/25,2025-05-20,22,769,Manchester City,Bournemouth,home,0.1404125,0.12262998,-0.01778252223730087
4159,13854588,24/25,2025-05-20,769,22,Bournemouth,Manchester City,away,0.12810833333333332,0.11538519,-0.012723143680890392
4160,12436592,24/25,2025-05-20,18,3033,Crystal Palace,Wolverhampton,home,0.1178,0.10657563,-0.011224369394779207
4160,12436592,24/25,2025-05-20,3033,18,Wolverhampton,Crystal Palace,away,0.11839285714285715,0.11721448,-0.0011783785905156857
4161,12436559,24/25,2025-05-25,3027,22,Fulham,Manchester City,home,0.156455,0.12595043,-0.03050457413673402
4161,12436559,24/25,2025-05-25,22,3027,Manchester City,Fulham,away,0.10063846153846154,0.11481455,0.014176088146062998
4162,12436540,24/25,2025-05-25,1,12,Manchester United,Aston Villa,home,0.0657,0.11643394,0.05073394082784653
4162,12436540,24/25,2025-05-25,12,1,Aston Villa,Manchester United,away,0.11434615384615385,0.12059827,0.006252117642989524
4163,12436548,24/25,2025-05-25,19,18,Liverpool FC,Crystal Palace,home,0.2217,0.12543738,-0.09626262111663819
4163,12436548,24/25,2025-05-25,18,19,Crystal Palace,Liverpool FC,away,0.1528,0.1129626,-0.03983739643096923
4164,12436549,24/25,2025-05-25,20,17,Southampton,Arsenal,home,0.10380869565217392,0.11677305,0.012964350900961
4164,12436549,24/25,2025-05-25,17,20,Arsenal,Southampton,away,0.0882,0.11309815,0.024898151981830596
4165,12436556,24/25,2025-05-25,6072,24,Nottingham Forest,Chelsea,home,0.18095,0.11115673,-0.06979326815605164
4165,12436556,24/25,2025-05-25,24,6072,Chelsea,Nottingham Forest,away,0.11950999999999999,0.109090805,-0.010419194946289054
4166,12436557,24/25,2025-05-25,8,2275,Tottenham Hotspur,Brighton & Hove Albion,home,0.0973695652173913,0.11259839,0.015228824169739433
4166,12436557,24/25,2025-05-25,2275,8,Brighton & Hove Albion,Tottenham Hotspur,away,0.5,0.1495146,-0.3504853993654251
4167,12436541,24/25,2025-05-25,21,10,Newcastle United,Everton,home,0.0829357142857143,0.11277547,0.029839753050463533
4167,12436541,24/25,2025-05-25,10,21,Everton,Newcastle United,away,0.0748764705882353,0.116200596,0.041324125505896175
4168,12436538,24/25,2025-05-25,7583,7,Ipswich Town,West Ham United,home,0.10885,0.11180285,0.0029528536438941932
4168,12436538,24/25,2025-05-25,7,7583,West Ham United,Ipswich Town,away,0.053135714285714286,0.11355777,0.060422056562559945
4169,12436536,24/25,2025-05-25,9,769,Leicester City,Bournemouth,away,0.081095,0.116357565,0.03526256492614746
4170,12436542,24/25,2025-05-25,3033,5301,Wolverhampton,Brentford,home,0.11017692307692308,0.11791834,0.007741419274990377
4170,12436542,24/25,2025-05-25,5301,3033,Brentford,Wolverhampton,away,0.05792222222222222,0.10127869,0.043356470261679755
4171,14025013,25/26,2025-08-15,19,769,Liverpool FC,Bournemouth,home,0.16987,0.11150538,-0.05836461823701858
4171,14025013,25/26,2025-08-15,769,19,Bournemouth,Liverpool FC,away,0.11630526315789473,0.11150538,-0.004799881394913316
4172,14025016,25/26,2025-08-16,12,21,Aston Villa,Newcastle United,home,0.08953124999999999,0.11150538,0.021974131762981422
4172,14025016,25/26,2025-08-16,21,12,Newcastle United,Aston Villa,away,0.0679,0.11150538,0.04360538176298141
4173,14025047,25/26,2025-08-16,8,23,Tottenham Hotspur,Burnley,home,0.06682857142857143,0.11150538,0.04467681033440998
4173,14025047,25/26,2025-08-16,23,8,Burnley,Tottenham Hotspur,away,0.14515625000000001,0.11150538,-0.0336508682370186
4174,14025020,25/26,2025-08-16,2275,3027,Brighton & Hove Albion,Fulham,home,0.11274285714285714,0.11150538,-0.0012374753798757299
4174,14025020,25/26,2025-08-16,3027,2275,Fulham,Brighton & Hove Albion,away,0.14767,0.11150538,-0.03616461823701858
4175,14025038,25/26,2025-08-16,16,7,Sunderland,West Ham United,home,0.04683333333333333,0.11150538,0.06467204842964808
4175,14025038,25/26,2025-08-16,7,16,West Ham United,Sunderland,away,0.07534,0.11150538,0.03616538176298141
4176,14025050,25/26,2025-08-16,3033,22,Wolverhampton,Manchester City,home,0.16444666666666666,0.11150538,-0.05294128490368524
4176,14025050,25/26,2025-08-16,22,3033,Manchester City,Wolverhampton,away,0.0621,0.11150538,0.04940538176298141
4177,14025053,25/26,2025-08-17,24,18,Chelsea,Crystal Palace,home,0.059754545454545456,0.11150538,0.05175083630843596
4177,14025053,25/26,2025-08-17,18,24,Crystal Palace,Chelsea,away,0.08445263157894736,0.11150538,0.027052750184034052
4178,14025028,25/26,2025-08-17,6072,5301,Nottingham Forest,Brentford,home,0.14922,0.11150538,-0.03771461823701858
4178,14025028,25/26,2025-08-17,5301,6072,Brentford,Nottingham Forest,away,0.16621818181818182,0.11150538,-0.054712800055200406
4179,14025056,25/26,2025-08-17,1,17,Manchester United,Arsenal,home,0.14526666666666666,0.11150538,-0.03376128490368524
4179,14025056,25/26,2025-08-17,17,1,Arsenal,Manchester United,away,0.06926818181818181,0.11150538,0.0422371999447996
4180,14025059,25/26,2025-08-18,4546,10,Leeds United,Everton,home,0.11468571428571428,0.11150538,-0.003180332522732865
4180,14025059,25/26,2025-08-18,10,4546,Everton,Leeds United,away,0.10156190476190476,0.11150538,0.009943477001076659
4181,14025088,25/26,2025-08-22,7,24,West Ham United,Chelsea,home,0.22856666666666667,0.12703685,-0.10152981204191844
4181,14025088,25/26,2025-08-22,24,7,Chelsea,West Ham United,away,0.060533333333333335,0.11237748,0.05184414633909861
4182,14025083,25/26,2025-08-23,22,8,Manchester City,Tottenham Hotspur,home,0.09314166666666666,0.11330111,0.020159446581204735
4182,14025083,25/26,2025-08-23,8,22,Tottenham Hotspur,Manchester City,away,0.15524,0.1138874,-0.041352600564956654
4183,14025068,25/26,2025-08-23,5301,12,Brentford,Aston Villa,home,0.07012352941176471,0.11516384,0.04504031094172421
4183,14025068,25/26,2025-08-23,12,5301,Aston Villa,Brentford,away,0.13473333333333332,0.11696899,-0.017764343961079898
4184,14025062,25/26,2025-08-23,769,3033,Bournemouth,Wolverhampton,home,0.07745,0.11360887,0.03615886693000793
4184,14025062,25/26,2025-08-23,3033,769,Wolverhampton,Bournemouth,away,0.09223571428571428,0.11516384,0.02292812606777464
4185,14025071,25/26,2025-08-23,23,16,Burnley,Sunderland,home,0.08592222222222222,0.12448885,0.03856663069592582
4185,14025071,25/26,2025-08-23,16,23,Sunderland,Burnley,away,0.14225714285714286,0.115178764,-0.0270783789907183
4186,14025065,25/26,2025-08-23,4546,17,Leeds United,Arsenal,away,0.15993333333333334,0.11356345,-0.04636988514264426
4187,14025077,25/26,2025-08-24,10,2275,Everton,Brighton & Hove Albion,home,0.18716153846153846,0.11516384,-0.07199769810804954
4187,14025077,25/26,2025-08-24,2275,10,Brighton & Hove Albion,Everton,away,0.1450909090909091,0.11414093,-0.030949981299313645
4188,14025074,25/26,2025-08-24,18,6072,Crystal Palace,Nottingham Forest,home,0.10328888888888889,0.11554023,0.012251339895195432
4188,14025074,25/26,2025-08-24,6072,18,Nottingham Forest,Crystal Palace,away,0.1378,0.11233802,-0.02546197860240937
4189,14025080,25/26,2025-08-24,3027,1,Fulham,Manchester United,home,0.17648,0.12409091,-0.052389090042114256
4189,14025080,25/26,2025-08-24,1,3027,Manchester United,Fulham,away,0.13593076923076924,0.11235389,-0.02357687809650716
4190,14147154,25/26,2025-08-25,21,19,Newcastle United,Liverpool FC,home,0.13856,0.11237748,-0.026182520327568043
4190,14147154,25/26,2025-08-25,19,21,Liverpool FC,Newcastle United,away,0.09813999999999999,0.11347813,0.015338131592273721
4191,14025097,25/26,2025-08-30,24,3027,Chelsea,Fulham,home,0.09300909090909092,0.11330111,0.020292022338780483
4191,14025097,25/26,2025-08-30,3027,24,Fulham,Chelsea,away,0.18076923076923077,0.11445709,-0.06631213759000484
4192,14025106,25/26,2025-08-30,1,23,Manchester United,Burnley,home,0.20895,0.11272132,-0.09622868348360061
4192,14025106,25/26,2025-08-30,23,1,Burnley,Manchester United,away,0.13951538461538462,0.11356345,-0.025951936424695538
4193,14025115,25/26,2025-08-30,8,769,Tottenham Hotspur,Bournemouth,home,0.07931,0.11144561,0.032135613205432886
4193,14025115,25/26,2025-08-30,769,8,Bournemouth,Tottenham Hotspur,away,0.03746,0.112760775,0.0753007747912407
4194,14025118,25/26,2025-08-30,3033,10,Wolverhampton,Everton,home,0.1932,0.1165926,-0.07660739905834199
4194,14025118,25/26,2025-08-30,10,3033,Everton,Wolverhampton,away,0.09243333333333334,0.11552436,0.023091025714079533
4195,14025112,25/26,2025-08-30,16,5301,Sunderland,Brentford,home,0.1711,0.11516384,-0.05593615964651108
4195,14025112,25/26,2025-08-30,5301,16,Brentford,Sunderland,away,0.12856666666666666,0.115547135,-0.013019531194368994
4196,14025100,25/26,2025-08-30,4546,21,Leeds United,Newcastle United,home,0.057525,0.11516384,0.05763884035348892
4196,14025100,25/26,2025-08-30,21,4546,Newcastle United,Leeds United,away,0.06877,0.11233802,0.04356802139759064
4197,14025094,25/26,2025-08-31,2275,22,Brighton & Hove Albion,Manchester City,home,0.15168333333333334,0.11233802,-0.0393453119357427
4197,14025094,25/26,2025-08-31,22,2275,Manchester City,Brighton & Hove Albion,away,0.19145833333333334,0.11331698,-0.0781413503487905
4198,14025109,25/26,2025-08-31,6072,7,Nottingham Forest,West Ham United,home,0.2017,0.11237748,-0.08932252032756804
4198,14025109,25/26,2025-08-31,7,6072,West Ham United,Nottingham Forest,away,0.06668181818181818,0.11414093,0.047459109609777284
4199,14025103,25/26,2025-08-31,19,17,Liverpool FC,Arsenal,home,0.04410909090909091,0.113494,0.06938491041985426
4199,14025103,25/26,2025-08-31,17,19,Arsenal,Liverpool FC,away,0.05832222222222222,0.11144561,0.05312339098321067
4200,14025091,25/26,2025-08-31,12,18,Aston Villa,Crystal Palace,home,0.4416,0.113494,-0.32810599867105483
4200,14025091,25/26,2025-08-31,18,12,Crystal Palace,Aston Villa,away,0.08773076923076922,0.11414093,0.026410158560826236
4201,14025124,25/26,2025-09-13,17,6072,Arsenal,Nottingham Forest,home,0.04,0.11308766,0.07308766156435012
4201,14025124,25/26,2025-09-13,6072,17,Nottingham Forest,Arsenal,away,0.11470625,0.11345521,-0.0012510363936424213
4202,14025136,25/26,2025-09-13,10,12,Everton,Aston Villa,home,0.07644285714285715,0.112768725,0.036325867417880464
4202,14025136,25/26,2025-09-13,12,10,Aston Villa,Everton,away,0.104055,0.11600428,0.011949280745983129
4203,14025145,25/26,2025-09-13,21,3033,Newcastle United,Wolverhampton,home,0.0629375,0.113638744,0.050701243758201606
4203,14025145,25/26,2025-09-13,3033,21,Wolverhampton,Newcastle United,away,0.09713125,0.1173306,0.020199353301525114
4204,14025121,25/26,2025-09-13,769,2275,Bournemouth,Brighton & Hove Albion,home,0.10381666666666667,0.11312843,0.009311764474709827
4204,14025121,25/26,2025-09-13,2275,769,Brighton & Hove Albion,Bournemouth,away,0.11134615384615384,0.112646736,0.0013005823584703313
4205,14025133,25/26,2025-09-13,18,16,Crystal Palace,Sunderland,home,0.060283333333333335,0.11395469,0.053671359745661416
4205,14025133,25/26,2025-09-13,16,18,Sunderland,Crystal Palace,away,0.12727857142857144,0.1173306,-0.00994796812704632
4206,14025139,25/26,2025-09-13,3027,4546,Fulham,Leeds United,home,0.07899,0.11316789,0.0341778894162178
4206,14025139,25/26,2025-09-13,4546,3027,Leeds United,Fulham,away,0.16944,0.1173306,-0.05210939669847489
4207,14025148,25/26,2025-09-13,7,8,West Ham United,Tottenham Hotspur,home,0.09204285714285715,0.11454804,0.022505185273715422
4207,14025148,25/26,2025-09-13,8,7,Tottenham Hotspur,West Ham United,away,0.0856,0.11361682,0.028016816699504857
4208,14025127,25/26,2025-09-13,5301,24,Brentford,Chelsea,home,0.078275,0.11680442,0.03852942094802857
4208,14025127,25/26,2025-09-13,24,5301,Chelsea,Brentford,away,0.20375714285714286,0.11412404,-0.08963310553176063
4209,14025130,25/26,2025-09-14,23,19,Burnley,Liverpool FC,home,0.0981,0.11488776,0.016787759089469903
4210,14025142,25/26,2025-09-14,22,1,Manchester City,Manchester United,home,0.12639166666666668,0.11298621,-0.013405459658304864
4210,14025142,25/26,2025-09-14,1,22,Manchester United,Manchester City,away,0.20627692307692308,0.11481605,-0.09146087582569856
4211,14025166,25/26,2025-09-20,19,10,Liverpool FC,Everton,home,0.07783333333333334,0.11392418,0.03609084961811701
4211,14025166,25/26,2025-09-20,10,19,Everton,Liverpool FC,away,0.08207272727272727,0.11268248,0.03060974936702035
4212,14025157,25/26,2025-09-20,2275,8,Brighton & Hove Albion,Tottenham Hotspur,home,0.11134545454545454,0.1121065,0.000761047510667287
4212,14025157,25/26,2025-09-20,8,2275,Tottenham Hotspur,Brighton & Hove Albion,away,0.10998333333333334,0.113619804,0.003636471048990883
4213,14025175,25/26,2025-09-20,7,18,West Ham United,Crystal Palace,home,0.12834444444444446,0.11454804,-0.013796402027871885
4213,14025175,25/26,2025-09-20,18,7,Crystal Palace,West Ham United,away,0.083025,0.11233802,0.029313021397590636
4214,14025160,25/26,2025-09-20,23,6072,Burnley,Nottingham Forest,home,0.06457058823529412,0.11770699,0.0531364034968264
4214,14025160,25/26,2025-09-20,6072,23,Nottingham Forest,Burnley,away,0.071025,0.11399714,0.04297213903665542
4215,14025178,25/26,2025-09-20,3033,4546,Wolverhampton,Leeds United,home,0.0801,0.11822533,0.0381253286242485
4215,14025178,25/26,2025-09-20,4546,3033,Leeds United,Wolverhampton,away,0.1114875,0.1173306,0.005843103301525113
4216,14025169,25/26,2025-09-20,1,24,Manchester United,Chelsea,home,0.08504,0.11498415,0.02994414725065231
4216,14025169,25/26,2025-09-20,24,1,Chelsea,Manchester United,away,0.16707272727272726,0.11330111,-0.05377161402485586
4217,14025163,25/26,2025-09-20,3027,5301,Fulham,Brentford,home,0.07535,0.113908835,0.038558834755420685
4217,14025163,25/26,2025-09-20,5301,3027,Brentford,Fulham,away,0.07216428571428571,0.11680442,0.044640135233742856
4218,14025151,25/26,2025-09-21,769,21,Bournemouth,Newcastle United,home,0.03495,0.1131443,0.07819430087804793
4218,14025151,25/26,2025-09-21,21,769,Newcastle United,Bournemouth,away,0.04196363636363636,0.113638744,0.07167510739456523
4219,14025172,25/26,2025-09-21,16,12,Sunderland,Aston Villa,home,0.06535833333333334,0.11770699,0.052348658398787176
4219,14025172,25/26,2025-09-21,12,16,Aston Villa,Sunderland,away,0.074,0.11602787,0.04202786928415299
4220,14025154,25/26,2025-09-21,17,22,Arsenal,Manchester City,home,0.17342,0.11308766,-0.06033233843564986
4220,14025154,25/26,2025-09-21,22,17,Manchester City,Arsenal,away,0.07404166666666667,0.11298621,0.038944540341695144
4221,14025184,25/26,2025-09-27,5301,1,Brentford,Manchester United,home,0.14874285714285715,0.11285436,-0.0358884956087385
4221,14025184,25/26,2025-09-27,1,5301,Manchester United,Brentford,away,0.20214,0.11414577,-0.08799422933101653
4222,14025199,25/26,2025-09-27,22,23,Manchester City,Burnley,home,0.04566666666666667,0.10914532,0.06347865428527197
4222,14025199,25/26,2025-09-27,23,22,Burnley,Manchester City,away,0.09657619047619048,0.11855496,0.021978766734827127
4223,14025190,25/26,2025-09-27,18,19,Crystal Palace,Liverpool FC,home,0.10685,0.109082244,0.0022322443366050715
4223,14025190,25/26,2025-09-27,19,18,Liverpool FC,Crystal Palace,away,0.18384999999999999,0.11758748,-0.06626252303123473
4224,14025187,25/26,2025-09-27,24,2275,Chelsea,Brighton & Hove Albion,home,0.19036666666666666,0.1222061,-0.06816056733528772
4224,14025187,25/26,2025-09-27,2275,24,Brighton & Hove Albion,Chelsea,away,0.13923076923076924,0.11509593,-0.02413484091942128
4225,14025196,25/26,2025-09-27,4546,769,Leeds United,Bournemouth,home,0.0685,0.11440827,0.045908269524574274
4225,14025196,25/26,2025-09-27,769,4546,Bournemouth,Leeds United,away,0.09659473684210526,0.1095411,0.012946366401722559
4226,14025205,25/26,2025-09-27,6072,16,Nottingham Forest,Sunderland,home,0.15056363636363637,0.114113025,-0.03645061099637639
4226,14025205,25/26,2025-09-27,16,6072,Sunderland,Nottingham Forest,away,0.0763,0.112018876,0.0357188757777214
4227,14025208,25/26,2025-09-27,8,3033,Tottenham Hotspur,Wolverhampton,home,0.13293333333333335,0.11149312,-0.02144021522601447
4227,14025208,25/26,2025-09-27,3033,8,Wolverhampton,Tottenham Hotspur,away,0.08696,0.11202774,0.02506774196863175
4228,14025181,25/26,2025-09-28,12,3027,Aston Villa,Fulham,home,0.08394545454545455,0.114434935,0.030489480607076125
4228,14025181,25/26,2025-09-28,3027,12,Fulham,Aston Villa,away,0.12346666666666667,0.11281297,-0.010653693107763929
4229,14025202,25/26,2025-09-28,21,17,Newcastle United,Arsenal,home,0.102195,0.11699599,0.014800990276336676
4229,14025202,25/26,2025-09-28,17,21,Arsenal,Newcastle United,away,0.0765625,0.1169938,0.04043129980564117
4230,14311407,25/26,2025-09-29,10,7,Everton,West Ham United,home,0.08529285714285714,0.108164035,0.022871177640983037
4230,14311407,25/26,2025-09-29,7,10,West Ham United,Everton,away,0.061241666666666666,0.11652153,0.0552798631866773
4231,14025211,25/26,2025-10-03,769,3027,Bournemouth,Fulham,home,0.07353333333333334,0.113376565,0.03984323194424311
4231,14025211,25/26,2025-10-03,3027,769,Fulham,Bournemouth,away,0.10191818181818181,0.11373926,0.011821077722852888
4232,14025225,25/26,2025-10-04,4546,8,Leeds United,Tottenham Hotspur,home,0.05908888888888889,0.11157317,0.052484278256363336
4232,14025225,25/26,2025-10-04,8,4546,Tottenham Hotspur,Leeds United,away,0.10918125,0.11555107,0.006369819378852851
4233,14025227,25/26,2025-10-04,1,16,Manchester United,Sunderland,home,0.0887,0.11317157,0.024471570003032683
4233,14025227,25/26,2025-10-04,16,1,Sunderland,Manchester United,away,0.12613333333333335,0.11436419,-0.011769141443570469
4234,14025214,25/26,2025-10-04,17,7,Arsenal,West Ham United,home,0.12295,0.112418875,-0.01053112490177155
4234,14025214,25/26,2025-10-04,7,17,West Ham United,Arsenal,away,0.13816666666666666,0.12237867,-0.015787996987501773
4235,14025221,25/26,2025-10-04,24,19,Chelsea,Liverpool FC,home,0.16210833333333333,0.11980822,-0.04230011396010716
4235,14025221,25/26,2025-10-04,19,24,Liverpool FC,Chelsea,away,0.08366666666666667,0.1179398,0.034273133357365926
4236,14025229,25/26,2025-10-05,21,6072,Newcastle United,Nottingham Forest,home,0.05976,0.11563718,0.05587718318939209
4236,14025229,25/26,2025-10-05,6072,21,Nottingham Forest,Newcastle United,away,0.19179444444444443,0.1128082,-0.07898624670770432
4237,14025217,25/26,2025-10-05,12,23,Aston Villa,Burnley,home,0.08034,0.11363719,0.03329718658685685
4237,14025217,25/26,2025-10-05,23,12,Burnley,Aston Villa,away,0.07755333333333334,0.11386949,0.036316154905954995
4238,14025231,25/26,2025-10-05,3033,2275,Wolverhampton,Brighton & Hove Albion,home,0.05416470588235294,0.11665504,0.0624903309247073
4238,14025231,25/26,2025-10-05,2275,3033,Brighton & Hove Albion,Wolverhampton,away,0.09263333333333333,0.1080379,0.015404563121000928
4239,14025223,25/26,2025-10-05,10,18,Everton,Crystal Palace,home,0.10524,0.11344961,0.008209610769748688
4239,14025223,25/26,2025-10-05,18,10,Crystal Palace,Everton,away,0.15415,0.107717246,-0.04643275418281556
4240,14025219,25/26,2025-10-05,5301,22,Brentford,Manchester City,home,0.08482,0.113110855,0.028290855221748346
4240,14025219,25/26,2025-10-05,22,5301,Manchester City,Brentford,away,0.11588333333333334,0.114112414,-0.0017709189136823067
4241,14025245,25/26,2025-10-18,6072,24,Nottingham Forest,Chelsea,home,0.09849411764705883,0.12290507,0.02441095045243992
4241,14025245,25/26,2025-10-18,24,6072,Chelsea,Nottingham Forest,away,0.19655833333333333,0.11616971,-0.08038861989577611
4242,14025243,25/26,2025-10-18,22,10,Manchester City,Everton,home,0.162,0.12066663,-0.04133336943387986
4242,14025243,25/26,2025-10-18,10,22,Everton,Manchester City,away,0.12552105263157895,0.1144444,-0.011076655241690186
4243,14025233,25/26,2025-10-18,2275,21,Brighton & Hove Albion,Newcastle United,home,0.0906125,0.10930934,0.01869683803319931
4243,14025233,25/26,2025-10-18,21,2275,Newcastle United,Brighton & Hove Albion,away,0.07033846153846154,0.11547708,0.04513861612448325
4244,14025237,25/26,2025-10-18,18,769,Crystal Palace,Bournemouth,home,0.2538625,0.10607497,-0.14778753350973128
4244,14025237,25/26,2025-10-18,769,18,Bournemouth,Crystal Palace,away,0.223655,0.117477626,-0.10617737439155578
4245,14025247,25/26,2025-10-18,16,3033,Sunderland,Wolverhampton,home,0.05168125,0.112473525,0.06079227510690689
4245,14025247,25/26,2025-10-18,3033,16,Wolverhampton,Sunderland,away,0.0809,0.113387,0.03248700354099274
4246,14025235,25/26,2025-10-18,23,4546,Burnley,Leeds United,home,0.1381842105263158,0.114304855,-0.02387935506042682
4246,14025235,25/26,2025-10-18,4546,23,Leeds United,Burnley,away,0.112925,0.1113007,-0.0016243005871772742
4247,14025239,25/26,2025-10-18,3027,17,Fulham,Arsenal,home,0.1193,0.1196652,0.0003651980280876127
4247,14025239,25/26,2025-10-18,17,3027,Arsenal,Fulham,away,0.048933333333333336,0.11320171,0.06426837426821391
4248,14025249,25/26,2025-10-19,8,12,Tottenham Hotspur,Aston Villa,home,0.0394375,0.11236746,0.07292995864152908
4248,14025249,25/26,2025-10-19,12,8,Aston Villa,Tottenham Hotspur,away,0.07512,0.113825366,0.03870536590099334
4249,14025241,25/26,2025-10-19,19,1,Liverpool FC,Manchester United,home,0.111575,0.118111715,0.0065367147207260196
4249,14025241,25/26,2025-10-19,1,19,Manchester United,Liverpool FC,away,0.14483157894736842,0.11647119,-0.028360392667117873
4250,14504827,25/26,2025-10-20,7,5301,West Ham United,Brentford,home,0.10787272727272727,0.1096495,0.0017767744682051917
4250,14504827,25/26,2025-10-20,5301,7,Brentford,West Ham United,away,0.04985714285714286,0.10805715,0.05820000589745385
4251,14025265,25/26,2025-10-24,4546,7,Leeds United,West Ham United,home,0.07221111111111111,0.11164678,0.03943566777043872
4251,14025265,25/26,2025-10-24,7,4546,West Ham United,Leeds United,away,0.11741538461538462,0.11496544,-0.0024499457726111784
4252,14025261,25/26,2025-10-25,24,16,Chelsea,Sunderland,home,0.13076,0.11542061,-0.01533939028739928
4252,14025261,25/26,2025-10-25,16,24,Sunderland,Chelsea,away,0.0559375,0.111968115,0.05603061497211456
4253,14025269,25/26,2025-10-25,21,3027,Newcastle United,Fulham,home,0.12745833333333334,0.11161508,-0.015843256672223416
4253,14025269,25/26,2025-10-25,3027,21,Fulham,Newcastle United,away,0.12105,0.11395124,-0.00709875653982163
4254,14025267,25/26,2025-10-25,1,2275,Manchester United,Brighton & Hove Albion,home,0.06585294117647059,0.114039026,0.048186085024300745
4254,14025267,25/26,2025-10-25,2275,1,Brighton & Hove Albion,Manchester United,away,0.09938461538461539,0.117264375,0.01787975970598367
4255,14025259,25/26,2025-10-25,5301,19,Brentford,Liverpool FC,home,0.12766111111111111,0.114456244,-0.013204867298073242
4255,14025259,25/26,2025-10-25,19,5301,Liverpool FC,Brentford,away,0.16192352941176472,0.12158135,-0.040342176164599036
4256,14025257,25/26,2025-10-26,12,22,Aston Villa,Manchester City,home,0.0657611111111111,0.12408862,0.05832751151853138
4256,14025257,25/26,2025-10-26,22,12,Manchester City,Aston Villa,away,0.0903888888888889,0.10734744,0.016958554810947837
4257,14025255,25/26,2025-10-26,17,18,Arsenal,Crystal Palace,home,0.06497142857142857,0.11925852,0.054287094415937154
4257,14025255,25/26,2025-10-26,18,17,Crystal Palace,Arsenal,away,0.09549,0.11513974,0.019649737725257868
4258,14025253,25/26,2025-10-26,769,6072,Bournemouth,Nottingham Forest,home,0.0464125,0.11187884,0.06546634211540223
4258,14025253,25/26,2025-10-26,6072,769,Nottingham Forest,Bournemouth,away,0.044453846153846156,0.11252194,0.06806809282577955
4259,14025271,25/26,2025-10-26,3033,23,Wolverhampton,Burnley,home,0.1302909090909091,0.113426834,-0.016864074746045205
4259,14025271,25/26,2025-10-26,23,3033,Burnley,Wolverhampton,away,0.15178,0.11530599,-0.036474010019302366
4260,14025263,25/26,2025-10-26,10,8,Everton,Tottenham Hotspur,home,0.2461142857142857,0.10793366,-0.1381806228825024
4260,14025263,25/26,2025-10-26,8,10,Tottenham Hotspur,Everton,away,0.14489166666666667,0.11429608,-0.030595587984720868
4261,14025285,25/26,2025-11-01,6072,1,Nottingham Forest,Manchester United,home,0.06205,0.11809156,0.05604156090021133
4261,14025285,25/26,2025-11-01,1,6072,Manchester United,Nottingham Forest,away,0.11341764705882353,0.10929222,-0.0041254304598359465
4262,14025275,25/26,2025-11-01,23,17,Burnley,Arsenal,home,0.20185833333333333,0.11833127,-0.08352706490357717
4262,14025275,25/26,2025-11-01,17,23,Arsenal,Burnley,away,0.1403,0.11409186,-0.02620814173221589
4263,14025273,25/26,2025-11-01,2275,4546,Brighton & Hove Albion,Leeds United,home,0.09942,0.1144523,0.015032302455902105
4263,14025273,25/26,2025-11-01,4546,2275,Leeds United,Brighton & Hove Albion,away,0.21917142857142857,0.11364701,-0.10552442211934498
4264,14025277,25/26,2025-11-01,18,5301,Crystal Palace,Brentford,home,0.0895,0.111554235,0.022054235219955448
4264,14025277,25/26,2025-11-01,5301,18,Brentford,Crystal Palace,away,0.06996,0.11336305,0.04340304992437363
4265,14025279,25/26,2025-11-01,3027,3033,Fulham,Wolverhampton,home,0.04802,0.115268566,0.06724856571435928
4265,14025279,25/26,2025-11-01,3033,3027,Wolverhampton,Fulham,away,0.07484210526315789,0.11228847,0.037446362322882606
4266,14025289,25/26,2025-11-01,8,24,Tottenham Hotspur,Chelsea,home,0.24564,0.11588248,-0.12975752134561538
4266,14025289,25/26,2025-11-01,24,8,Chelsea,Tottenham Hotspur,away,0.03383333333333333,0.11449339,0.08066005907456081
4267,14025281,25/26,2025-11-01,19,12,Liverpool FC,Aston Villa,home,0.04075,0.11382611,0.07307611095905303
4267,14025281,25/26,2025-11-01,12,19,Aston Villa,Liverpool FC,away,0.07410625,0.123721026,0.04961477588415146
4268,14025291,25/26,2025-11-02,7,21,West Ham United,Newcastle United,home,0.04334166666666667,0.11624691,0.07290524223645528
4268,14025291,25/26,2025-11-02,21,7,Newcastle United,West Ham United,away,0.12820666666666666,0.11154736,-0.01665930833260218
4269,14025283,25/26,2025-11-02,22,769,Manchester City,Bournemouth,home,0.0905125,0.10909334,0.018580838251113896
4269,14025283,25/26,2025-11-02,769,22,Bournemouth,Manchester City,away,0.14777333333333334,0.11842624,-0.029347092352708187
4270,14723615,25/26,2025-11-03,16,10,Sunderland,Everton,home,0.1110375,0.113279924,0.0022424237966537502
4270,14723615,25/26,2025-11-03,10,16,Everton,Sunderland,away,0.07202941176470588,0.10996251,0.03793309631768395
4271,14025057,25/26,2025-11-08,8,1,Tottenham Hotspur,Manchester United,home,0.1253,0.11497469,-0.010325307536125178
4271,14025057,25/26,2025-11-08,1,8,Manchester United,Tottenham Hotspur,away,0.09236,0.11350255,0.021142547144889834
4272,14025060,25/26,2025-11-08,7,23,West Ham United,Burnley,home,0.066425,0.11018438,0.04375937892198563
4272,14025060,25/26,2025-11-08,23,7,Burnley,West Ham United,away,0.20422,0.114692636,-0.08952736416578294
4273,14025043,25/26,2025-11-08,10,3027,Everton,Fulham,home,0.049925,0.11115109,0.061226091754436496
4273,14025043,25/26,2025-11-08,3027,10,Fulham,Everton,away,0.1028,0.114431664,0.011631664347648618
4274,14025054,25/26,2025-11-08,16,17,Sunderland,Arsenal,home,0.1177,0.12248941,0.004789407658576966
4274,14025054,25/26,2025-11-08,17,16,Arsenal,Sunderland,away,0.07263333333333333,0.11288487,0.04025153832832973
4275,14025023,25/26,2025-11-08,24,3033,Chelsea,Wolverhampton,home,0.05583333333333333,0.10986529,0.05403195957342784
4275,14025023,25/26,2025-11-08,3033,24,Wolverhampton,Chelsea,away,0.16661,0.11715345,-0.04945654915332795
4276,14025017,25/26,2025-11-09,5301,21,Brentford,Newcastle United,home,0.08788,0.11200931,0.024129309232234955
4276,14025017,25/26,2025-11-09,21,5301,Newcastle United,Brentford,away,0.15698,0.1155265,-0.04145350263595582
4277,14025014,25/26,2025-11-09,12,769,Aston Villa,Bournemouth,home,0.13415833333333332,0.115516745,-0.018641588779290508
4277,14025014,25/26,2025-11-09,769,12,Bournemouth,Aston Villa,away,0.10616249999999999,0.116009094,0.009846593821048744
4278,14025033,25/26,2025-11-09,18,2275,Crystal Palace,Brighton & Hove Albion,home,0.05587142857142857,0.11120978,0.05533835140636989
4278,14025033,25/26,2025-11-09,2275,18,Brighton & Hove Albion,Crystal Palace,away,0.07476000000000001,0.11896384,0.044203837623596184
4279,14025051,25/26,2025-11-09,6072,4546,Nottingham Forest,Leeds United,home,0.06873,0.1175228,0.048792798478603364
4279,14025051,25/26,2025-11-09,4546,6072,Leeds United,Nottingham Forest,away,0.18220714285714285,0.11510192,-0.06710522427899496
4280,14025048,25/26,2025-11-09,22,19,Manchester City,Liverpool FC,home,0.08742857142857142,0.11795203,0.03052345499822072
4280,14025048,25/26,2025-11-09,19,22,Liverpool FC,Manchester City,away,0.10788571428571428,0.12227019,0.014384474939959396
4281,14025072,25/26,2025-11-22,23,24,Burnley,Chelsea,home,0.11448,0.11959667,0.005116667587757112
4281,14025072,25/26,2025-11-22,24,23,Chelsea,Burnley,away,0.0551875,0.11128455,0.05609704655408859
4282,14025081,25/26,2025-11-22,19,6072,Liverpool FC,Nottingham Forest,home,0.1074,0.11609389,0.008693888878822331
4282,14025081,25/26,2025-11-22,6072,19,Nottingham Forest,Liverpool FC,away,0.09188095238095238,0.11489746,0.023016507364454722
4283,14025063,25/26,2025-11-22,769,7,Bournemouth,West Ham United,home,0.1299,0.11712447,-0.012775531911849963
4283,14025063,25/26,2025-11-22,7,769,West Ham United,Bournemouth,away,0.14634285714285714,0.10976565,-0.036577208300999225
4284,14025069,25/26,2025-11-22,2275,5301,Brighton & Hove Albion,Brentford,home,0.19077,0.11642018,-0.07434982039451599
4284,14025069,25/26,2025-11-22,5301,2275,Brentford,Brighton & Hove Albion,away,0.08685714285714285,0.110089384,0.023232241162231992
4285,14025090,25/26,2025-11-22,3033,18,Wolverhampton,Crystal Palace,home,0.12747,0.117293574,-0.010176426084041595
4285,14025090,25/26,2025-11-22,18,3033,Crystal Palace,Wolverhampton,away,0.23223749999999999,0.10879173,-0.12344576870203017
4286,14025075,25/26,2025-11-22,3027,16,Fulham,Sunderland,home,0.0435,0.11107453,0.0675745295882225
4286,14025075,25/26,2025-11-22,16,3027,Sunderland,Fulham,away,0.08990416666666666,0.11258835,0.02268418678840002
4287,14025087,25/26,2025-11-22,21,22,Newcastle United,Manchester City,home,0.14652941176470588,0.11711819,-0.029411224515999063
4287,14025087,25/26,2025-11-22,22,21,Manchester City,Newcastle United,away,0.2793555555555556,0.11806576,-0.1612897960159514
4288,14025078,25/26,2025-11-23,4546,12,Leeds United,Aston Villa,home,0.11265714285714286,0.11434084,0.0016836989130292607
4288,14025078,25/26,2025-11-23,12,4546,Aston Villa,Leeds United,away,0.13984285714285713,0.11665713,-0.023185726722649153
4289,14025066,25/26,2025-11-23,17,8,Arsenal,Tottenham Hotspur,home,0.0246,0.112879194,0.0882791943192482
4289,14025066,25/26,2025-11-23,8,17,Tottenham Hotspur,Arsenal,away,0.11344705882352941,0.1179369,0.004489842924650975
4290,14723574,25/26,2025-11-24,1,10,Manchester United,Everton,home,0.07083333333333333,0.11306855,0.04223521749178569
4290,14723574,25/26,2025-11-24,10,1,Everton,Manchester United,away,0.068316,0.11171893,0.043402930304050444
4291,14025108,25/26,2025-11-29,22,4546,Manchester City,Leeds United,home,0.17073333333333332,0.11886879,-0.051864542766412086
4291,14025108,25/26,2025-11-29,4546,22,Leeds United,Manchester City,away,0.17211666666666667,0.119947545,-0.052169121436278026
4292,14025114,25/26,2025-11-29,16,769,Sunderland,Bournemouth,home,0.10357777777777778,0.116407365,0.012829586829079517
4292,14025114,25/26,2025-11-29,769,16,Bournemouth,Sunderland,away,0.10643333333333334,0.11579864,0.009365303937594091
4293,14025096,25/26,2025-11-29,5301,23,Brentford,Burnley,home,0.15775,0.10809305,-0.049656946897506715
4293,14025096,25/26,2025-11-29,23,5301,Burnley,Brentford,away,0.21877142857142856,0.1197294,-0.09904202889033725
4294,14025105,25/26,2025-11-29,10,21,Everton,Newcastle United,home,0.14656153846153847,0.11060415,-0.035957386378141554
4294,14025105,25/26,2025-11-29,21,10,Newcastle United,Everton,away,0.09898,0.12259371,0.023613708336353303
4295,14025117,25/26,2025-11-29,8,3027,Tottenham Hotspur,Fulham,home,0.06417142857142857,0.112677045,0.04850561659506389
4295,14025117,25/26,2025-11-29,3027,8,Fulham,Tottenham Hotspur,away,0.06175,0.11290069,0.051150689244270325
4296,14025102,25/26,2025-11-30,18,1,Crystal Palace,Manchester United,home,0.09692857142857143,0.10941427,0.012485700581754952
4296,14025102,25/26,2025-11-30,1,18,Manchester United,Crystal Palace,away,0.13065,0.114418,-0.016232000017166126
4297,14025120,25/26,2025-11-30,7,19,West Ham United,Liverpool FC,home,0.13785555555555556,0.11187388,-0.025981675526830894
4297,14025120,25/26,2025-11-30,19,7,Liverpool FC,West Ham United,away,0.0421,0.11986997,0.07776996978521347
4298,14025093,25/26,2025-11-30,12,3033,Aston Villa,Wolverhampton,home,0.0545,0.11345681,0.058956808030605316
4298,14025093,25/26,2025-11-30,3033,12,Wolverhampton,Aston Villa,away,0.05856875,0.11143908,0.05287032904624939
4299,14025111,25/26,2025-11-30,6072,2275,Nottingham Forest,Brighton & Hove Albion,home,0.11758823529411765,0.10925234,-0.008335894202484803
4299,14025111,25/26,2025-11-30,2275,6072,Brighton & Hove Albion,Nottingham Forest,away,0.04678421052631579,0.1183214,0.07153718588414945
4300,14025099,25/26,2025-11-30,24,17,Chelsea,Arsenal,home,0.1575125,0.12346524,-0.03404725999832153
4300,14025099,25/26,2025-11-30,17,24,Arsenal,Chelsea,away,0.07225454545454546,0.11774888,0.04549433344169096
4301,14025135,25/26,2025-12-02,3027,22,Fulham,Manchester City,home,0.20223636363636363,0.116566226,-0.08567013775001872
4301,14025135,25/26,2025-12-02,22,3027,Manchester City,Fulham,away,0.07591666666666666,0.11611087,0.040194202085336056
4302,14025123,25/26,2025-12-02,769,10,Bournemouth,Everton,home,0.11073076923076923,0.12394535,0.013214578733994412
4302,14025123,25/26,2025-12-02,10,769,Everton,Bournemouth,away,0.1007,0.11512006,0.0144200607419014
4303,14025141,25/26,2025-12-02,21,8,Newcastle United,Tottenham Hotspur,home,0.0938375,0.11219364,0.018356136596202846
4303,14025141,25/26,2025-12-02,8,21,Tottenham Hotspur,Newcastle United,away,0.10750526315789474,0.11683029,0.009325026205966341
4304,14025126,25/26,2025-12-03,17,5301,Arsenal,Brentford,home,0.05805,0.11737806,0.05932806349992752
4304,14025126,25/26,2025-12-03,5301,17,Brentford,Arsenal,away,0.12152666666666667,0.115740635,-0.0057860321656862945
4305,14025129,25/26,2025-12-03,2275,12,Brighton & Hove Albion,Aston Villa,home,0.1798357142857143,0.114345446,-0.06549026805673328
4305,14025129,25/26,2025-12-03,12,2275,Aston Villa,Brighton & Hove Albion,away,0.13785,0.11729957,-0.020550428366661072
4306,14025144,25/26,2025-12-03,3033,6072,Wolverhampton,Nottingham Forest,home,0.07437,0.11541345,0.04104344970464706
4306,14025144,25/26,2025-12-03,6072,3033,Nottingham Forest,Wolverhampton,away,0.18288000000000001,0.10884074,-0.07403925878286363
4307,14025132,25/26,2025-12-03,18,23,Crystal Palace,Burnley,away,0.0867090909090909,0.10862361,0.02191451803770933
4308,14025147,25/26,2025-12-03,19,16,Liverpool FC,Sunderland,home,0.04675555555555556,0.11372198,0.06696642608907488
4308,14025147,25/26,2025-12-03,16,19,Sunderland,Liverpool FC,away,0.07131304347826087,0.11404907,0.04273602610515512
4309,14025138,25/26,2025-12-03,4546,24,Leeds United,Chelsea,home,0.06869285714285714,0.11770967,0.04901680934769767
4309,14025138,25/26,2025-12-03,24,4546,Chelsea,Leeds United,away,0.16388235294117648,0.107540116,-0.0563422372271033
4310,14025150,25/26,2025-12-04,1,7,Manchester United,West Ham United,home,0.07456363636363636,0.11526223,0.04069859635721554
4310,14025150,25/26,2025-12-04,7,1,West Ham United,Manchester United,away,0.10895882352941176,0.11129529,0.002336466761897596
4311,14025156,25/26,2025-12-06,12,17,Aston Villa,Arsenal,home,0.12822666666666666,0.1222198,-0.006006865717569976
4311,14025156,25/26,2025-12-06,17,12,Arsenal,Aston Villa,away,0.15188000000000001,0.11568684,-0.03619315869092943
4312,14025171,25/26,2025-12-06,22,16,Manchester City,Sunderland,home,0.088575,0.11264831,0.024073308277130126
4312,14025171,25/26,2025-12-06,16,22,Sunderland,Manchester City,away,0.13486666666666666,0.1174527,-0.01741396325031916
4313,14025153,25/26,2025-12-06,769,24,Bournemouth,Chelsea,home,0.08392727272727273,0.11939147,0.035464198420264506
4313,14025153,25/26,2025-12-06,24,769,Chelsea,Bournemouth,away,0.10913846153846155,0.11849538,0.00935692083010306
4314,14025177,25/26,2025-12-06,8,5301,Tottenham Hotspur,Brentford,home,0.07175,0.11662055,0.04487054806947709
4314,14025177,25/26,2025-12-06,5301,8,Brentford,Tottenham Hotspur,away,0.14558666666666667,0.10806999,-0.03751667311112086
4315,14025174,25/26,2025-12-06,21,23,Newcastle United,Burnley,home,0.17856666666666668,0.11152187,-0.06704479676882427
4315,14025174,25/26,2025-12-06,23,21,Burnley,Newcastle United,away,0.1039529411764706,0.118528254,0.014575313153687638
4316,14025162,25/26,2025-12-06,10,6072,Everton,Nottingham Forest,home,0.07627142857142857,0.112632334,0.03636090566090175
4316,14025162,25/26,2025-12-06,6072,10,Nottingham Forest,Everton,away,0.10145454545454545,0.11867019,0.017215642435984183
4317,14025168,25/26,2025-12-06,4546,19,Leeds United,Liverpool FC,home,0.11952499999999999,0.11723782,-0.002287178778648369
4317,14025168,25/26,2025-12-06,19,4546,Liverpool FC,Leeds United,away,0.1255,0.117295794,-0.008204205811023713
4318,14025159,25/26,2025-12-07,2275,7,Brighton & Hove Albion,West Ham United,home,0.08302857142857142,0.113880076,0.030851504085745135
4318,14025159,25/26,2025-12-07,7,2275,West Ham United,Brighton & Hove Albion,away,0.08496363636363637,0.11888847,0.033924831186641344
4319,14025165,25/26,2025-12-07,3027,18,Fulham,Crystal Palace,home,0.1501909090909091,0.1173262,-0.03286470908251676
4319,14025165,25/26,2025-12-07,18,3027,Crystal Palace,Fulham,away,0.06304166666666666,0.106827535,0.04378586806853613
4320,14912436,25/26,2025-12-08,3033,1,Wolverhampton,Manchester United,home,0.15918888888888888,0.11369045,-0.04549843810134463
4320,14912436,25/26,2025-12-08,1,3033,Manchester United,Wolverhampton,away,0.0507,0.11408004,0.0633800416469574
4321,14025198,25/26,2025-12-13,19,2275,Liverpool FC,Brighton & Hove Albion,home,0.13572857142857142,0.117206104,-0.018522467328820902
4321,14025198,25/26,2025-12-13,2275,19,Brighton & Hove Albion,Liverpool FC,away,0.10478333333333334,0.119466335,0.014683001248041783
4322,14025192,25/26,2025-12-13,24,10,Chelsea,Everton,home,0.09374545454545455,0.11375717,0.020011716191335155
4322,14025192,25/26,2025-12-13,10,24,Everton,Chelsea,away,0.12928823529411765,0.11022658,-0.019061656283631045
4323,14025189,25/26,2025-12-13,23,3027,Burnley,Fulham,home,0.37093333333333334,0.11372843,-0.25720490693648657
4323,14025189,25/26,2025-12-13,3027,23,Fulham,Burnley,away,0.15530625,0.111670606,-0.04363564416170121
4324,14025183,25/26,2025-12-13,3033,17,Wolverhampton,Arsenal,away,0.08686875,0.11489724,0.0280284936785698
4325,14025195,25/26,2025-12-14,18,22,Crystal Palace,Manchester City,home,0.16977142857142857,0.11543907,-0.05433235632010869
4325,14025195,25/26,2025-12-14,22,18,Manchester City,Crystal Palace,away,0.11766875,0.11596867,-0.0017000830292701746
4326,14025204,25/26,2025-12-14,6072,8,Nottingham Forest,Tottenham Hotspur,home,0.05565,0.11194887,0.05629887012243271
4326,14025204,25/26,2025-12-14,8,6072,Tottenham Hotspur,Nottingham Forest,away,0.15560666666666667,0.114609726,-0.04099694089333217
4327,14025210,25/26,2025-12-14,7,12,West Ham United,Aston Villa,home,0.0905,0.116624616,0.026124616086483005
4327,14025210,25/26,2025-12-14,12,7,Aston Villa,West Ham United,away,0.10253,0.110752456,0.008222455890178684
4328,14025207,25/26,2025-12-14,16,21,Sunderland,Newcastle United,home,0.04036666666666667,0.11736099,0.07699432010253271
4328,14025207,25/26,2025-12-14,21,16,Newcastle United,Sunderland,away,0.05916,0.11235081,0.05319080659389496
4329,14025186,25/26,2025-12-14,5301,4546,Brentford,Leeds United,home,0.08432222222222223,0.112397425,0.028075202654467682
4329,14025186,25/26,2025-12-14,4546,5301,Leeds United,Brentford,away,0.10285714285714286,0.11064966,0.007792517372540067
4330,15035359,25/26,2025-12-15,1,769,Manchester United,Bournemouth,home,0.13835714285714285,0.11693482,-0.02142232184750692
4330,15035359,25/26,2025-12-15,769,1,Bournemouth,Manchester United,away,0.13592,0.116144955,-0.01977504484176637
4331,14025228,25/26,2025-12-20,21,24,Newcastle United,Chelsea,home,0.09377692307692308,0.115132205,0.021355282111351306
4331,14025228,25/26,2025-12-20,24,21,Chelsea,Newcastle United,away,0.22634545454545454,0.1208537,-0.10549175480170683
4332,14025226,25/26,2025-12-20,22,7,Manchester City,West Ham United,home,0.14235714285714285,0.11224869,-0.030108453920909328
4332,14025226,25/26,2025-12-20,7,22,West Ham United,Manchester City,away,0.12350588235294117,0.1183815,-0.005124382108800549
4333,14025218,25/26,2025-12-20,2275,16,Brighton & Hove Albion,Sunderland,home,0.09953571428571428,0.11395483,0.014419112903731213
4333,14025218,25/26,2025-12-20,16,2275,Sunderland,Brighton & Hove Albion,away,0.07049375000000001,0.1170148,0.046521052992343895
4334,14025232,25/26,2025-12-20,3033,5301,Wolverhampton,Brentford,home,0.1828142857142857,0.116909325,-0.06590496059145245
4334,14025232,25/26,2025-12-20,5301,3033,Brentford,Wolverhampton,away,0.14093333333333333,0.109720595,-0.031212738152345015
4335,14025213,25/26,2025-12-20,769,23,Bournemouth,Burnley,home,0.096125,0.11334966,0.017224661231040952
4335,14025213,25/26,2025-12-20,23,769,Burnley,Bournemouth,away,0.0880125,0.11919949,0.0311869920372963
4336,14025230,25/26,2025-12-20,8,19,Tottenham Hotspur,Liverpool FC,home,0.0827625,0.116942875,0.0341803750872612
4336,14025230,25/26,2025-12-20,19,8,Liverpool FC,Tottenham Hotspur,away,0.07116,0.11286947,0.04170947131156921
4337,14025220,25/26,2025-12-20,10,17,Everton,Arsenal,home,0.16416923076923076,0.11136716,-0.05280207217748348
4337,14025220,25/26,2025-12-20,17,10,Arsenal,Everton,away,0.04076,0.109436326,0.06867632572889329
4338,14025224,25/26,2025-12-20,4546,18,Leeds United,Crystal Palace,home,0.1738888888888889,0.11087466,-0.06301422857575947
4338,14025224,25/26,2025-12-20,18,4546,Crystal Palace,Leeds United,away,0.136625,0.11049307,-0.026131928622722622
4339,14025216,25/26,2025-12-21,12,1,Aston Villa,Manchester United,home,0.08894666666666667,0.118392296,0.029445629468758894
4339,14025216,25/26,2025-12-21,1,12,Manchester United,Aston Villa,away,0.130125,0.1149134,-0.015211603462696066
4340,14907281,25/26,2025-12-22,3027,6072,Fulham,Nottingham Forest,home,0.05563333333333333,0.113226,0.05759266316095988
4340,14907281,25/26,2025-12-22,6072,3027,Nottingham Forest,Fulham,away,0.13604545454545455,0.11240855,-0.023636905951933435
4341,14025246,25/26,2025-12-26,1,21,Manchester United,Newcastle United,home,0.07361875,0.117336966,0.04371821609735489
4341,14025246,25/26,2025-12-26,21,1,Newcastle United,Manchester United,away,0.12706,0.11626067,-0.01079932987451554
4342,14025248,25/26,2025-12-27,6072,22,Nottingham Forest,Manchester City,home,0.090775,0.11637081,0.025595812058448797
4342,14025248,25/26,2025-12-27,22,6072,Manchester City,Nottingham Forest,away,0.07915714285714286,0.11128321,0.03212607004301889
4343,14025244,25/26,2025-12-27,19,3033,Liverpool FC,Wolverhampton,home,0.1318111111111111,0.11371111,-0.01809999986357158
4343,14025244,25/26,2025-12-27,3033,19,Wolverhampton,Liverpool FC,away,0.11025714285714286,0.11335918,0.003102040215900964
4344,14025234,25/26,2025-12-27,17,2275,Arsenal,Brighton & Hove Albion,home,0.106775,0.12381495,0.017039947903156286
4344,14025234,25/26,2025-12-27,2275,17,Brighton & Hove Albion,Arsenal,away,0.13606666666666667,0.1202953,-0.015771365586916608
4345,14025252,25/26,2025-12-27,7,3027,West Ham United,Fulham,home,0.09555882352941177,0.11284684,0.017288012918303994
4345,14025252,25/26,2025-12-27,3027,7,Fulham,West Ham United,away,0.08242727272727272,0.11186154,0.02943426913998344
4346,14025236,25/26,2025-12-27,5301,769,Brentford,Bournemouth,home,0.135795,0.11716893,-0.018626066846847533
4346,14025236,25/26,2025-12-27,769,5301,Bournemouth,Brentford,away,0.24397333333333332,0.11279432,-0.13117901602824528
4347,14025238,25/26,2025-12-27,23,10,Burnley,Everton,home,0.05656666666666667,0.11835831,0.06179163992007573
4347,14025238,25/26,2025-12-27,10,23,Everton,Burnley,away,0.0881625,0.11445328,0.026290778481960292
4348,14025240,25/26,2025-12-27,24,12,Chelsea,Aston Villa,home,0.10856363636363636,0.11645192,0.007888282715190542
4348,14025240,25/26,2025-12-27,12,24,Aston Villa,Chelsea,away,0.15312142857142857,0.109766416,-0.04335501231976918
4349,14025250,25/26,2025-12-28,16,4546,Sunderland,Leeds United,home,0.1274705882352941,0.11707586,-0.01039472773495842
4349,14025250,25/26,2025-12-28,4546,16,Leeds United,Sunderland,away,0.087675,0.10713987,0.01946487052440643
4350,14025242,25/26,2025-12-28,18,8,Crystal Palace,Tottenham Hotspur,home,0.110075,0.11092998,0.0008549808740615783
4350,14025242,25/26,2025-12-28,8,18,Tottenham Hotspur,Crystal Palace,away,0.09804,0.117271684,0.01923168411016464
4351,14025260,25/26,2025-12-30,24,769,Chelsea,Bournemouth,home,0.18459411764705883,0.12005677,-0.06453734690511928
4351,14025260,25/26,2025-12-30,769,24,Bournemouth,Chelsea,away,0.1356764705882353,0.115646906,-0.020029564391164212
4352,14025258,25/26,2025-12-30,23,21,Burnley,Newcastle United,home,0.134335,0.11716428,-0.01717072345972062
4352,14025258,25/26,2025-12-30,21,23,Newcastle United,Burnley,away,0.07249333333333334,0.117071055,0.04457772154251734
4353,14025272,25/26,2025-12-30,7,2275,West Ham United,Brighton & Hove Albion,home,0.18383750000000001,0.11878851,-0.06504898943901063
4353,14025272,25/26,2025-12-30,2275,7,Brighton & Hove Albion,West Ham United,away,0.20599,0.11226192,-0.09372807883262635
4354,14025268,25/26,2025-12-30,6072,10,Nottingham Forest,Everton,home,0.11431818181818182,0.11061853,-0.003699650114232844
4354,14025268,25/26,2025-12-30,10,6072,Everton,Nottingham Forest,away,0.07397619047619047,0.10969747,0.03572127810262499
4355,14025254,25/26,2025-12-30,17,12,Arsenal,Aston Villa,home,0.30005454545454546,0.11927363,-0.18078091268972918
4355,14025254,25/26,2025-12-30,12,17,Aston Villa,Arsenal,away,0.13834545454545455,0.118771836,-0.019573618383841085
4356,14025266,25/26,2025-12-30,1,3033,Manchester United,Wolverhampton,home,0.11771818181818182,0.11337533,-0.004342853336984462
4356,14025266,25/26,2025-12-30,3033,1,Wolverhampton,Manchester United,away,0.05583333333333333,0.113591604,0.05775827060143153
4357,14025264,25/26,2026-01-01,19,4546,Liverpool FC,Leeds United,home,0.17365,0.119203284,-0.05444671561717987
4357,14025264,25/26,2026-01-01,4546,19,Leeds United,Liverpool FC,away,0.11107368421052631,0.109309465,-0.0017642195174568526
4358,14025262,25/26,2026-01-01,18,3027,Crystal Palace,Fulham,home,0.10361176470588235,0.11323719,0.009625422560467445
4358,14025262,25/26,2026-01-01,3027,18,Fulham,Crystal Palace,away,0.1756818181818182,0.121642895,-0.05403892313892192
4359,14025270,25/26,2026-01-01,16,22,Sunderland,Manchester City,home,0.16069285714285714,0.11826071,-0.04243214571135384
4359,14025270,25/26,2026-01-01,22,16,Manchester City,Sunderland,away,0.0883,0.109505825,0.021205824744701382
4360,14025256,25/26,2026-01-01,5301,8,Brentford,Tottenham Hotspur,home,0.09581111111111111,0.1118194,0.016008290272288853
4360,14025256,25/26,2026-01-01,8,5301,Tottenham Hotspur,Brentford,away,0.13195714285714286,0.112605594,-0.019351548758574894
4361,14025276,25/26,2026-01-03,12,6072,Aston Villa,Nottingham Forest,home,0.08866,0.1112553,0.022595303025245664
4361,14025276,25/26,2026-01-03,6072,12,Nottingham Forest,Aston Villa,away,0.14480909090909092,0.11636989,-0.028439202722636142
4362,14025292,25/26,2026-01-03,3033,7,Wolverhampton,West Ham United,home,0.0419,0.1089363,0.06703630236387254
4362,14025292,25/26,2026-01-03,7,3033,West Ham United,Wolverhampton,away,0.17,0.112825006,-0.05717499375343324
4363,14025278,25/26,2026-01-03,2275,23,Brighton & Hove Albion,Burnley,home,0.05968,0.11843873,0.0587587281537056
4363,14025278,25/26,2026-01-03,23,2275,Burnley,Brighton & Hove Albion,away,0.09662,0.11738975,0.020769753460884097
4364,14025274,25/26,2026-01-03,769,17,Bournemouth,Arsenal,home,0.09416666666666666,0.11133328,0.01716661413510641
4364,14025274,25/26,2026-01-03,17,769,Arsenal,Bournemouth,away,0.09566,0.11691314,0.021253139820098882
4365,14025284,25/26,2026-01-04,4546,1,Leeds United,Manchester United,home,0.10566,0.11583517,0.010175167467594143
4365,14025284,25/26,2026-01-04,1,4546,Manchester United,Leeds United,away,0.08171818181818181,0.11710286,0.03538467958623713
4366,14025290,25/26,2026-01-04,8,16,Tottenham Hotspur,Sunderland,home,0.04363,0.10900186,0.06537186002254486
4366,14025290,25/26,2026-01-04,16,8,Sunderland,Tottenham Hotspur,away,0.09086153846153845,0.113634326,0.02277278710236917
4367,14025288,25/26,2026-01-04,21,18,Newcastle United,Crystal Palace,home,0.06378181818181818,0.1165762,0.052794384031946015
4367,14025288,25/26,2026-01-04,18,21,Crystal Palace,Newcastle United,away,0.18708333333333332,0.11471679,-0.07236654271682103
4368,14025280,25/26,2026-01-04,10,5301,Everton,Brentford,home,0.24146363636363635,0.11018354,-0.13128009935725818
4368,14025280,25/26,2026-01-04,5301,10,Brentford,Everton,away,0.06355,0.11225155,0.048701549959182744
4369,14025282,25/26,2026-01-04,3027,19,Fulham,Liverpool FC,home,0.13715,0.12344143,-0.013708572053909296
4369,14025282,25/26,2026-01-04,19,3027,Liverpool FC,Fulham,away,0.0922625,0.118350536,0.026088035631179812
4370,14025286,25/26,2026-01-04,22,24,Manchester City,Chelsea,home,0.2313875,0.11801843,-0.11336906654834747
4370,14025286,25/26,2026-01-04,24,22,Chelsea,Manchester City,away,0.07267857142857143,0.12368305,0.05100447884627751
4371,14025055,25/26,2026-01-06,7,6072,West Ham United,Nottingham Forest,home,0.10580769230769231,0.112654366,0.006846673291463115
4371,14025055,25/26,2026-01-06,6072,7,Nottingham Forest,West Ham United,away,0.06807142857142857,0.11244271,0.04437128093412944
4372,14025061,25/26,2026-01-07,22,2275,Manchester City,Brighton & Hove Albion,home,0.19263333333333332,0.120144404,-0.07248892886241276
4372,14025061,25/26,2026-01-07,2275,22,Brighton & Hove Albion,Manchester City,away,0.1218047619047619,0.12182113,1.6365927173980777e-05
4373,14025049,25/26,2026-01-07,3027,24,Fulham,Chelsea,home,0.18030714285714286,0.11799642,-0.06231072587115424
4373,14025049,25/26,2026-01-07,24,3027,Chelsea,Fulham,away,0.07476250000000001,0.11987019,0.04510769330263137
4374,14025015,25/26,2026-01-07,769,8,Bournemouth,Tottenham Hotspur,home,0.0778625,0.11045038,0.032587879550457
4374,14025015,25/26,2026-01-07,8,769,Tottenham Hotspur,Bournemouth,away,0.1152,0.114740394,-0.0004596059441566436
4375,14025058,25/26,2026-01-07,18,12,Crystal Palace,Aston Villa,home,0.11596,0.11629644,0.0003364403629303042
4375,14025058,25/26,2026-01-07,12,18,Aston Villa,Crystal Palace,away,0.13705454545454546,0.1244054,-0.01264914648966356
4376,14025046,25/26,2026-01-07,10,3033,Everton,Wolverhampton,home,0.05579230769230769,0.11280066,0.057008350056868336
4376,14025046,25/26,2026-01-07,3033,10,Wolverhampton,Everton,away,0.06840769230769231,0.10576605,0.03735835820986674
4377,14025027,25/26,2026-01-07,5301,16,Brentford,Sunderland,home,0.15654545454545454,0.11491727,-0.04162818370624022
4377,14025027,25/26,2026-01-07,16,5301,Sunderland,Brentford,away,0.18017777777777777,0.1176275,-0.06255027629004584
4378,14025037,25/26,2026-01-07,23,1,Burnley,Manchester United,home,0.08488666666666667,0.11859393,0.03370726453145345
4378,14025037,25/26,2026-01-07,1,23,Manchester United,Burnley,away,0.03378571428571429,0.11341612,0.07963040612425124
4379,14025052,25/26,2026-01-07,21,4546,Newcastle United,Leeds United,home,0.13513571428571428,0.11652454,-0.018611174397809155
4379,14025052,25/26,2026-01-07,4546,21,Leeds United,Newcastle United,away,0.13637777777777776,0.11809477,-0.018283005677329156
4380,14025019,25/26,2026-01-08,17,19,Arsenal,Liverpool FC,home,0.03955,0.11491523,0.07536522938013077
4380,14025019,25/26,2026-01-08,19,17,Liverpool FC,Arsenal,away,0.06376666666666667,0.12008715,0.05632048009236654
4381,14025079,25/26,2026-01-17,1,22,Manchester United,Manchester City,home,0.06405714285714285,0.11539087,0.051333724137714934
4381,14025079,25/26,2026-01-17,22,1,Manchester City,Manchester United,away,0.2081181818181818,0.11800908,-0.09010909884517843
4382,14025076,25/26,2026-01-17,19,23,Liverpool FC,Burnley,home,0.05665714285714286,0.11252932,0.055872179647854396
4382,14025076,25/26,2026-01-17,23,19,Burnley,Liverpool FC,away,0.09946875,0.11535366,0.015884908795356756
4383,14025070,25/26,2026-01-17,24,5301,Chelsea,Brentford,home,0.10108,0.11990224,0.018822238249778744
4383,14025070,25/26,2026-01-17,5301,24,Brentford,Chelsea,away,0.26525,0.11533281,-0.14991718792915343
4384,14025089,25/26,2026-01-17,8,7,Tottenham Hotspur,West Ham United,home,0.16741176470588234,0.10923092,-0.058180844033465656
4384,14025089,25/26,2026-01-17,7,8,West Ham United,Tottenham Hotspur,away,0.07027619047619048,0.11440895,0.04413275705121812
4385,14025085,25/26,2026-01-17,16,18,Sunderland,Crystal Palace,home,0.10178333333333334,0.116202675,0.014419341472784675
4385,14025085,25/26,2026-01-17,18,16,Crystal Palace,Sunderland,away,0.14154615384615385,0.11583593,-0.025710226419338816
4386,14025073,25/26,2026-01-17,4546,3027,Leeds United,Fulham,home,0.048425,0.11587251,0.06744750977754593
4386,14025073,25/26,2026-01-17,3027,4546,Fulham,Leeds United,away,0.10218571428571428,0.12347455,0.02128883894171034
4387,14025082,25/26,2026-01-17,6072,17,Nottingham Forest,Arsenal,home,0.13987333333333332,0.11485388,-0.025019452033837625
4387,14025082,25/26,2026-01-17,17,6072,Arsenal,Nottingham Forest,away,0.05683333333333333,0.11294702,0.056113683621088664
4388,14025092,25/26,2026-01-18,3033,21,Wolverhampton,Newcastle United,home,0.07913333333333333,0.11690872,0.03777538829247157
4388,14025092,25/26,2026-01-18,21,3033,Newcastle United,Wolverhampton,away,0.04753333333333333,0.11467313,0.067139796880881
4389,14025064,25/26,2026-01-18,12,10,Aston Villa,Everton,home,0.056822222222222225,0.116101235,0.05927901292906867
4389,14025064,25/26,2026-01-18,10,12,Everton,Aston Villa,away,0.0800388888888889,0.111870356,0.03183146701521343
4390,15129445,25/26,2026-01-19,2275,769,Brighton & Hove Albion,Bournemouth,home,0.11696363636363637,0.11899995,0.0020363142241131144
4390,15129445,25/26,2026-01-19,769,2275,Bournemouth,Brighton & Hove Albion,away,0.06025882352941176,0.11035725,0.05009842376358369
4391,14025122,25/26,2026-01-24,7,16,West Ham United,Sunderland,home,0.09567142857142857,0.11610618,0.020434753765378677
4391,14025122,25/26,2026-01-24,16,7,Sunderland,West Ham United,away,0.11714615384615384,0.11558239,-0.0015637622264715323
4392,14025116,25/26,2026-01-24,22,3033,Manchester City,Wolverhampton,home,0.0552,0.114629276,0.05942927609682083
4392,14025116,25/26,2026-01-24,3033,22,Wolverhampton,Manchester City,away,0.07827272727272727,0.113738626,0.03546589896895669
4393,14025104,25/26,2026-01-24,23,8,Burnley,Tottenham Hotspur,home,0.11421666666666666,0.114863746,0.0006470792015393634
4393,14025104,25/26,2026-01-24,8,23,Tottenham Hotspur,Burnley,away,0.15977777777777777,0.11351003,-0.046267750249968626
4394,14025113,25/26,2026-01-24,3027,2275,Fulham,Brighton & Hove Albion,home,0.12879230769230768,0.12070334,-0.008088968115586487
4394,14025113,25/26,2026-01-24,2275,3027,Brighton & Hove Albion,Fulham,away,0.08745,0.122484304,0.03503430401086807
4395,14025095,25/26,2026-01-24,769,19,Bournemouth,Liverpool FC,home,0.06638571428571428,0.11271649,0.04633077425445829
4395,14025095,25/26,2026-01-24,19,769,Liverpool FC,Bournemouth,away,0.19544166666666668,0.11786267,-0.07757899505297344
4396,14025107,25/26,2026-01-25,18,24,Crystal Palace,Chelsea,home,0.22036,0.11193894,-0.10842106150150299
4396,14025107,25/26,2026-01-25,24,18,Chelsea,Crystal Palace,away,0.13714615384615383,0.12696587,-0.010180288353333095
4397,14025119,25/26,2026-01-25,21,12,Newcastle United,Aston Villa,home,0.08265,0.117162645,0.03451264486312866
4397,14025119,25/26,2026-01-25,12,21,Aston Villa,Newcastle United,away,0.14503333333333332,0.11727792,-0.027755413087209052
4398,14025101,25/26,2026-01-25,5301,6072,Brentford,Nottingham Forest,home,0.11132857142857143,0.10805629,-0.0032722794907433655
4398,14025101,25/26,2026-01-25,6072,5301,Nottingham Forest,Brentford,away,0.18086,0.11419922,-0.0666607788658142
4399,14025098,25/26,2026-01-25,17,1,Arsenal,Manchester United,home,0.07143,0.11677043,0.045340431399345404
4399,14025098,25/26,2026-01-25,1,17,Manchester United,Arsenal,away,0.07957333333333333,0.11675252,0.037179186870257064
4400,15129439,25/26,2026-01-26,10,4546,Everton,Leeds United,home,0.09937857142857143,0.111729585,0.01235101320573262
4400,15129439,25/26,2026-01-26,4546,10,Leeds United,Everton,away,0.06962,0.10787439,0.038254393463134764
4401,14025134,25/26,2026-01-31,4546,17,Leeds United,Arsenal,home,0.14624,0.1137036,-0.03253639893770219
4402,14025128,25/26,2026-01-31,2275,10,Brighton & Hove Albion,Everton,home,0.17825714285714286,0.11429017,-0.06396697248561042
4402,14025128,25/26,2026-01-31,10,2275,Everton,Brighton & Hove Albion,away,0.13084545454545454,0.112556785,-0.018288669200377028
4403,14025152,25/26,2026-01-31,3033,769,Wolverhampton,Bournemouth,home,0.15097777777777777,0.115587875,-0.03538990253077612
4403,14025152,25/26,2026-01-31,769,3033,Bournemouth,Wolverhampton,away,0.0819235294117647,0.10851368,0.026590153668908517
4404,14025131,25/26,2026-01-31,24,7,Chelsea,West Ham United,home,0.10150909090909091,0.12129809,0.019788998714360323
4404,14025131,25/26,2026-01-31,7,24,West Ham United,Chelsea,away,0.23150714285714286,0.11733277,-0.11417437143666403
4405,14025137,25/26,2026-01-31,19,21,Liverpool FC,Newcastle United,home,0.04485,0.11909862,0.07424861862659454
4405,14025137,25/26,2026-01-31,21,19,Newcastle United,Liverpool FC,away,0.1342470588235294,0.12049754,-0.013749519184056452
4406,14025140,25/26,2026-02-01,1,3027,Manchester United,Fulham,home,0.13872142857142858,0.12024918,-0.018472246585573476
4406,14025140,25/26,2026-02-01,3027,1,Fulham,Manchester United,away,0.13799999999999998,0.12152676,-0.016473237156867965
4407,14025125,25/26,2026-02-01,12,5301,Aston Villa,Brentford,home,0.06271666666666667,0.11617711,0.053460445197423295
4407,14025125,25/26,2026-02-01,5301,12,Brentford,Aston Villa,away,0.08954074074074074,0.11554934,0.026008600103413618
4408,14025143,25/26,2026-02-01,6072,18,Nottingham Forest,Crystal Palace,home,0.13565,0.11223997,-0.023410028243064873
4408,14025143,25/26,2026-02-01,18,6072,Crystal Palace,Nottingham Forest,away,0.053955555555555555,0.11129629,0.05734073311355379
4409,14025149,25/26,2026-02-01,8,22,Tottenham Hotspur,Manchester City,home,0.13895333333333335,0.119173616,-0.019779717162450167
4409,14025149,25/26,2026-02-01,22,8,Manchester City,Tottenham Hotspur,away,0.08755,0.11833253,0.030782527577877042
4410,15129444,25/26,2026-02-02,16,23,Sunderland,Burnley,home,0.0116,0.110188834,0.09858883436918259
4410,15129444,25/26,2026-02-02,23,16,Burnley,Sunderland,away,0.11075,0.115678824,0.004928824484348296
4411,14025170,25/26,2026-02-06,4546,6072,Leeds United,Nottingham Forest,home,0.0832,0.109577596,0.026377596187591557
4411,14025170,25/26,2026-02-06,6072,4546,Nottingham Forest,Leeds United,away,0.18023571428571428,0.10959592,-0.07063979712043489
4412,14025176,25/26,2026-02-07,1,8,Manchester United,Tottenham Hotspur,home,0.06944285714285714,0.112952195,0.04350933796507972
4412,14025176,25/26,2026-02-07,8,1,Tottenham Hotspur,Manchester United,away,0.07721304347826087,0.11609472,0.03888167986558831
4413,14025158,25/26,2026-02-07,17,16,Arsenal,Sunderland,home,0.03752,0.11312959,0.07560959343194962
4413,14025158,25/26,2026-02-07,16,17,Sunderland,Arsenal,away,0.0932625,0.11820279,0.024940290617942812
4414,14025182,25/26,2026-02-07,3033,24,Wolverhampton,Chelsea,home,0.22924,0.116876,-0.11236400132417679
4414,14025182,25/26,2026-02-07,24,3033,Chelsea,Wolverhampton,away,0.0963,0.11631499,0.02001499230861664
4415,14025155,25/26,2026-02-07,769,12,Bournemouth,Aston Villa,home,0.0847,0.11178511,0.027085106360912325
4415,14025155,25/26,2026-02-07,12,769,Aston Villa,Bournemouth,away,0.104025,0.118383616,0.014358616209030145
4416,14025167,25/26,2026-02-07,3027,10,Fulham,Everton,home,0.117575,0.11602899,-0.0015460131287574758
4416,14025167,25/26,2026-02-07,10,3027,Everton,Fulham,away,0.15165384615384617,0.11306837,-0.038585474142661474
4417,14025164,25/26,2026-02-07,23,7,Burnley,West Ham United,home,0.11576666666666667,0.11615484,0.00038817541201909
4417,14025164,25/26,2026-02-07,7,23,West Ham United,Burnley,away,0.07429444444444444,0.11298284,0.038688394901487566
4418,14025179,25/26,2026-02-07,21,5301,Newcastle United,Brentford,home,0.16254545454545455,0.11640111,-0.04614434097571807
4418,14025179,25/26,2026-02-07,5301,21,Brentford,Newcastle United,away,0.14020625,0.117430486,-0.022775764214992528
4419,14025161,25/26,2026-02-08,2275,18,Brighton & Hove Albion,Crystal Palace,home,0.16528571428571429,0.116883755,-0.048401959555489676
4419,14025161,25/26,2026-02-08,18,2275,Crystal Palace,Brighton & Hove Albion,away,0.10632857142857143,0.112500906,0.006172334562029161
4420,14025173,25/26,2026-02-08,19,22,Liverpool FC,Manchester City,home,0.16165882352941177,0.12298991,-0.03866891566865585
4420,14025173,25/26,2026-02-08,22,19,Manchester City,Liverpool FC,away,0.06691333333333334,0.121025294,0.054111960732142125
4421,14025188,25/26,2026-02-10,24,4546,Chelsea,Leeds United,home,0.36025,0.11838749,-0.24186250948905946
4421,14025188,25/26,2026-02-10,4546,24,Leeds United,Chelsea,away,0.16472105263157893,0.11764128,-0.04707977502032329
4422,14025200,25/26,2026-02-10,8,21,Tottenham Hotspur,Newcastle United,home,0.11824761904761905,0.11576614,-0.0024814812092553984
4422,14025200,25/26,2026-02-10,21,8,Newcastle United,Tottenham Hotspur,away,0.1156375,0.11523276,-0.00040474177598953665
4423,14025191,25/26,2026-02-10,10,769,Everton,Bournemouth,home,0.12147272727272727,0.11513312,-0.006339605663039469
4423,14025191,25/26,2026-02-10,769,10,Bournemouth,Everton,away,0.18519375,0.10682803,-0.0783657235264778
4424,14025203,25/26,2026-02-10,7,1,West Ham United,Manchester United,home,0.06385555555555555,0.1171106,0.053255047002103595
4424,14025203,25/26,2026-02-10,1,7,Manchester United,West Ham United,away,0.15837142857142858,0.11392877,-0.04444265606233053
4425,14025212,25/26,2026-02-11,22,3027,Manchester City,Fulham,home,0.10127857142857143,0.11668245,0.015403876064504898
4425,14025212,25/26,2026-02-11,3027,22,Fulham,Manchester City,away,0.10523076923076922,0.123034485,0.01780371545369809
4426,14025206,25/26,2026-02-11,12,2275,Aston Villa,Brighton & Hove Albion,home,0.06238888888888889,0.113011,0.05062211365169949
4426,14025206,25/26,2026-02-11,2275,12,Brighton & Hove Albion,Aston Villa,away,0.054246666666666665,0.11830885,0.06406218296607336
4427,14025194,25/26,2026-02-11,6072,3033,Nottingham Forest,Wolverhampton,home,0.06194285714285714,0.11121003,0.04926717615468162
4427,14025194,25/26,2026-02-11,3033,6072,Wolverhampton,Nottingham Forest,away,0.07614571428571429,0.114791065,0.03864535116876874
4428,14025209,25/26,2026-02-11,18,23,Crystal Palace,Burnley,home,0.0656375,0.109766945,0.044129445242881774
4428,14025209,25/26,2026-02-11,23,18,Burnley,Crystal Palace,away,0.08556666666666667,0.11723673,0.03167006676991781
4429,14025197,25/26,2026-02-11,16,19,Sunderland,Liverpool FC,home,0.10993913043478261,0.118740454,0.008801323881356612
4429,14025197,25/26,2026-02-11,19,16,Liverpool FC,Sunderland,away,0.057081818181818185,0.114554726,0.057472907405549827
4430,14025185,25/26,2026-02-12,5301,17,Brentford,Arsenal,home,0.08574285714285715,0.12170184,0.03595897944314139
4430,14025185,25/26,2026-02-12,17,5301,Arsenal,Brentford,away,0.125575,0.11545792,-0.01011707777976989
4431,14025018,25/26,2026-02-18,3033,17,Wolverhampton,Arsenal,home,0.16097,0.11152811,-0.04944188651561737
4431,14025018,25/26,2026-02-18,17,3033,Arsenal,Wolverhampton,away,0.05814,0.11243545,0.05429545264005661
4432,14024007,25/26,2026-02-21,24,23,Chelsea,Burnley,home,0.07045,0.11439016,0.04394015716314316
4432,14024007,25/26,2026-02-21,23,24,Burnley,Chelsea,away,0.165625,0.11895778,-0.0466672196984291
4433,14025215,25/26,2026-02-21,12,4546,Aston Villa,Leeds United,home,0.09671428571428571,0.114512116,0.017797830002648493
4433,14025215,25/26,2026-02-21,4546,12,Leeds United,Aston Villa,away,0.0912625,0.11282347,0.02156097142696381
4434,14024006,25/26,2026-02-21,5301,2275,Brentford,Brighton & Hove Albion,home,0.09972727272727273,0.1081182,0.00839092608473517
4434,14024006,25/26,2026-02-21,2275,5301,Brighton & Hove Albion,Brentford,away,0.12321538461538462,0.116770044,-0.006445340646230258
4435,14023969,25/26,2026-02-21,7,769,West Ham United,Bournemouth,home,0.06516,0.11660206,0.05144206317901612
4435,14023969,25/26,2026-02-21,769,7,Bournemouth,West Ham United,away,0.163705,0.114684455,-0.04902054490327834
4436,14024010,25/26,2026-02-21,22,21,Manchester City,Newcastle United,home,0.04794615384615385,0.1195371,0.07159094634973086
4436,14024010,25/26,2026-02-21,21,22,Newcastle United,Manchester City,away,0.09052,0.12688771,0.036367708902359006
4437,14024013,25/26,2026-02-22,6072,19,Nottingham Forest,Liverpool FC,home,0.18058,0.11300707,-0.06757293136596679
4437,14024013,25/26,2026-02-22,19,6072,Liverpool FC,Nottingham Forest,away,0.06613888888888889,0.114233606,0.04809471667475171
4438,14024008,25/26,2026-02-22,18,3033,Crystal Palace,Wolverhampton,home,0.13606666666666667,0.112316296,-0.023750371162096662
4438,14024008,25/26,2026-02-22,3033,18,Wolverhampton,Crystal Palace,away,0.14268571428571428,0.11216633,-0.030519384067399152
4439,14024011,25/26,2026-02-22,16,3027,Sunderland,Fulham,home,0.15668333333333334,0.1268307,-0.029852636273701993
4439,14024011,25/26,2026-02-22,3027,16,Fulham,Sunderland,away,0.15385,0.115666345,-0.03818365523815154
4440,14024012,25/26,2026-02-22,8,17,Tottenham Hotspur,Arsenal,home,0.103335,0.11653623,0.013201229848861698
4440,14024012,25/26,2026-02-22,17,8,Arsenal,Tottenham Hotspur,away,0.12718333333333334,0.11410642,-0.013076916631062835
4441,15238290,25/26,2026-02-23,10,1,Everton,Manchester United,home,0.11505454545454545,0.114321224,-0.0007333210630850323
4441,15238290,25/26,2026-02-23,1,10,Manchester United,Everton,away,0.05288333333333333,0.114492886,0.06160955243508021
4442,14023979,25/26,2026-02-27,3033,12,Wolverhampton,Aston Villa,home,0.07327857142857143,0.11085972,0.037581150470461164
4442,14023979,25/26,2026-02-27,12,3033,Aston Villa,Wolverhampton,away,0.09571111111111111,0.1135782,0.017867089229159888
4443,14023970,25/26,2026-02-28,769,16,Bournemouth,Sunderland,home,0.180625,0.11190177,-0.06872323244810105
4443,14023970,25/26,2026-02-28,16,769,Sunderland,Bournemouth,away,0.08191428571428572,0.117891036,0.03597675025974001
4444,14023976,25/26,2026-02-28,19,7,Liverpool FC,West Ham United,home,0.16866363636363638,0.11880339,-0.04986024699319494
4444,14023976,25/26,2026-02-28,7,19,West Ham United,Liverpool FC,away,0.10195,0.114828944,0.012878944206237794
4445,14023977,25/26,2026-02-28,21,10,Newcastle United,Everton,home,0.2384777777777778,0.124435276,-0.11404250198470223
4445,14023977,25/26,2026-02-28,10,21,Everton,Newcastle United,away,0.061517647058823524,0.11450636,0.05298870935930926
4446,14023975,25/26,2026-02-28,23,5301,Burnley,Brentford,home,0.147325,0.11792996,-0.029395042192935955
4446,14023975,25/26,2026-02-28,5301,23,Brentford,Burnley,away,0.08095833333333333,0.10889551,0.027937177101771044
4447,14023974,25/26,2026-02-28,4546,22,Leeds United,Manchester City,home,0.14252857142857142,0.11209286,-0.030435711385522562
4447,14023974,25/26,2026-02-28,22,4546,Manchester City,Leeds United,away,0.1064642857142857,0.11910489,0.012640606301171448
4448,14023978,25/26,2026-03-01,1,18,Manchester United,Crystal Palace,home,0.047925,0.117816806,0.06989180583953858
4448,14023978,25/26,2026-03-01,18,1,Crystal Palace,Manchester United,away,0.108065,0.11353967,0.005474673388004309
4449,14023973,25/26,2026-03-01,3027,8,Fulham,Tottenham Hotspur,home,0.06776923076923078,0.116003886,0.04823465509598071
4449,14023973,25/26,2026-03-01,8,3027,Tottenham Hotspur,Fulham,away,0.12667777777777778,0.1155079,-0.01116987706290351
4450,14023972,25/26,2026-03-01,2275,6072,Brighton & Hove Albion,Nottingham Forest,home,0.06096923076923077,0.1233395,0.062370265783713415
4450,14023972,25/26,2026-03-01,6072,2275,Nottingham Forest,Brighton & Hove Albion,away,0.09419285714285715,0.11227392,0.018081059459277557
4451,14023971,25/26,2026-03-01,17,24,Arsenal,Chelsea,home,0.11903333333333332,0.11601789,-0.0030154403765996207
4451,14023971,25/26,2026-03-01,24,17,Chelsea,Arsenal,away,0.09070833333333334,0.12115764,0.030449305395285287
4452,14023980,25/26,2026-03-03,769,5301,Bournemouth,Brentford,home,0.07962,0.11767648,0.038056481604576115
4452,14023980,25/26,2026-03-03,5301,769,Brentford,Bournemouth,away,0.14804615384615386,0.1102343,-0.03781185603416884
4453,14023941,25/26,2026-03-03,10,23,Everton,Burnley,home,0.15794,0.10899101,-0.04894898802280426
4453,14023941,25/26,2026-03-03,23,10,Burnley,Everton,away,0.09332142857142857,0.11895778,0.025636351730142323
4454,14023982,25/26,2026-03-03,16,4546,Sunderland,Leeds United,away,0.06390555555555556,0.11542917,0.05152361487415101
4455,14023985,25/26,2026-03-03,3033,19,Wolverhampton,Liverpool FC,home,0.12798,0.11337477,-0.014605230312347423
4455,14023985,25/26,2026-03-03,19,3033,Liverpool FC,Wolverhampton,away,0.109925,0.108698316,-0.0012266840815544078
4456,14023984,25/26,2026-03-04,22,6072,Manchester City,Nottingham Forest,home,0.10782222222222222,0.12995222,0.02212999988661872
4456,14023984,25/26,2026-03-04,6072,22,Nottingham Forest,Manchester City,away,0.10109047619047619,0.11682334,0.015732861781687965
4457,14023933,25/26,2026-03-04,2275,17,Brighton & Hove Albion,Arsenal,home,0.06692857142857143,0.11654154,0.04961297068425587
4457,14023933,25/26,2026-03-04,17,2275,Arsenal,Brighton & Hove Albion,away,0.07452727272727273,0.113595106,0.03906783298037268
4458,14023986,25/26,2026-03-04,12,24,Aston Villa,Chelsea,home,0.24005333333333334,0.116732135,-0.12332119791825613
4458,14023986,25/26,2026-03-04,24,12,Chelsea,Aston Villa,away,0.08697777777777778,0.11553052,0.02855274289978875
4459,14023947,25/26,2026-03-04,3027,7,Fulham,West Ham United,home,0.12083333333333333,0.117109925,-0.003723408778508505
4459,14023947,25/26,2026-03-04,7,3027,West Ham United,Fulham,away,0.06833846153846154,0.1132471,0.04490863500008216
4460,14023983,25/26,2026-03-04,21,1,Newcastle United,Manchester United,home,0.10635,0.11553989,0.009189893507957458
4460,14023983,25/26,2026-03-04,1,21,Manchester United,Newcastle United,away,0.20685,0.11413548,-0.0927145185828209
4461,14023981,25/26,2026-03-05,8,18,Tottenham Hotspur,Crystal Palace,home,0.19757777777777777,0.11159551,-0.08598226634131537
4461,14023981,25/26,2026-03-05,18,8,Crystal Palace,Tottenham Hotspur,away,0.09065833333333333,0.112316296,0.02165796217123668
4462,14023996,25/26,2026-03-14,16,2275,Sunderland,Brighton & Hove Albion,home,0.13979166666666668,0.113294765,-0.026496901313463855
4462,14023996,25/26,2026-03-14,2275,16,Brighton & Hove Albion,Sunderland,away,0.06393571428571429,0.11107626,0.0471405438372067
4463,14023988,25/26,2026-03-14,23,769,Burnley,Bournemouth,home,0.11603636363636363,0.1151096,-0.0009267635096203153
4463,14023988,25/26,2026-03-14,769,23,Bournemouth,Burnley,away,0.09313333333333333,0.11436703,0.021233697227636975
4464,14023987,25/26,2026-03-14,17,10,Arsenal,Everton,home,0.11843333333333333,0.11594724,-0.00248609423240026
4464,14023987,25/26,2026-03-14,10,17,Everton,Arsenal,away,0.107932,0.11260952,0.004677520554542541
4465,14023990,25/26,2026-03-14,24,21,Chelsea,Newcastle United,home,0.20085714285714285,0.11791262,-0.08294452255112783
4465,14023990,25/26,2026-03-14,21,24,Newcastle United,Chelsea,away,0.06301818181818182,0.11559002,0.05257183919603174
4466,14023993,25/26,2026-03-14,7,22,West Ham United,Manchester City,home,0.0845625,0.114598624,0.030036124408245088
4467,14023994,25/26,2026-03-15,1,12,Manchester United,Aston Villa,home,0.11081111111111111,0.112589374,0.0017782630734973492
4467,14023994,25/26,2026-03-15,12,1,Aston Villa,Manchester United,away,0.06899375,0.116701305,0.04770755491256713
4468,14023995,25/26,2026-03-15,6072,3027,Nottingham Forest,Fulham,home,0.17228333333333334,0.11916027,-0.053123061152299256
4468,14023995,25/26,2026-03-15,3027,6072,Fulham,Nottingham Forest,away,0.08609090909090909,0.11904686,0.03295595035227862
4469,14023991,25/26,2026-03-15,18,4546,Crystal Palace,Leeds United,home,0.11159,0.11442876,0.0028387586212158256
4469,14023991,25/26,2026-03-15,4546,18,Leeds United,Crystal Palace,away,0.056133333333333334,0.11130664,0.05517330419222514
4470,14023992,25/26,2026-03-15,19,8,Liverpool FC,Tottenham Hotspur,home,0.09043076923076923,0.111835785,0.021405015979363368
4470,14023992,25/26,2026-03-15,8,19,Tottenham Hotspur,Liverpool FC,away,0.09980588235294117,0.11454765,0.014741765182859759
4471,15408501,25/26,2026-03-16,5301,3033,Brentford,Wolverhampton,home,0.1026923076923077,0.108721904,0.006029596764307754
4471,15408501,25/26,2026-03-16,3033,5301,Wolverhampton,Brentford,away,0.25609,0.11218992,-0.143900081243515
4472,14023997,25/26,2026-03-20,769,1,Bournemouth,Manchester United,home,0.1263,0.11608394,-0.010216057646274562
4472,14023997,25/26,2026-03-20,1,769,Manchester United,Bournemouth,away,0.11276875,0.11840165,0.005632896614074706
4473,14024015,25/26,2026-03-21,2275,19,Brighton & Hove Albion,Liverpool FC,home,0.08544166666666667,0.11626523,0.030823563214143118
4473,14024015,25/26,2026-03-21,19,2275,Liverpool FC,Brighton & Hove Albion,away,0.13608125000000001,0.11442745,-0.021653802680969253
4474,14024016,25/26,2026-03-21,3027,23,Fulham,Burnley,home,0.1382888888888889,0.112690665,-0.025598224061065267
4474,14024016,25/26,2026-03-21,23,3027,Burnley,Fulham,away,0.14622272727272728,0.11659947,-0.029623256895758898
4475,14024017,25/26,2026-03-21,10,24,Everton,Chelsea,home,0.07755,0.1159126,0.03836260135173798
4475,14024017,25/26,2026-03-21,24,10,Chelsea,Everton,away,0.1176,0.11740575,-0.0001942501425743065
4476,14024018,25/26,2026-03-21,4546,5301,Leeds United,Brentford,home,0.07695,0.11227936,0.03532936297655105
4476,14024018,25/26,2026-03-21,5301,4546,Brentford,Leeds United,away,0.03745,0.11242654,0.07497654174566269
4477,14024021,25/26,2026-03-22,21,16,Newcastle United,Sunderland,home,0.1485,0.107897565,-0.040602435231208794
4477,14024021,25/26,2026-03-22,16,21,Sunderland,Newcastle United,away,0.08058125,0.11693102,0.0363497712135315
4478,14024020,25/26,2026-03-22,8,6072,Tottenham Hotspur,Nottingham Forest,home,0.1673125,0.11716414,-0.05014835757017136
4478,14024020,25/26,2026-03-22,6072,8,Nottingham Forest,Tottenham Hotspur,away,0.09039285714285715,0.11596617,0.02557331388337271
4479,14024014,25/26,2026-03-22,12,7,Aston Villa,West Ham United,home,0.09445555555555556,0.11715412,0.022698565843370225
4479,14024014,25/26,2026-03-22,7,12,West Ham United,Aston Villa,away,0.07543478260869566,0.11092799,0.03549320896034655
4480,14025029,25/26,2026-04-10,7,3033,West Ham United,Wolverhampton,home,0.04182857142857143,0.11333073,0.07150215787717273
4480,14025029,25/26,2026-04-10,3033,7,Wolverhampton,West Ham United,away,0.1305888888888889,0.11390954,-0.0166793463283115
4481,14025021,25/26,2026-04-11,17,769,Arsenal,Bournemouth,home,0.149225,0.116823725,-0.0324012745976448
4481,14025021,25/26,2026-04-11,769,17,Bournemouth,Arsenal,away,0.15495333333333333,0.11797252,-0.03698081035931905
4482,14025022,25/26,2026-04-11,5301,10,Brentford,Everton,home,0.11072857142857143,0.11566016,0.004931589351381577
4482,14025022,25/26,2026-04-11,10,5301,Everton,Brentford,away,0.16999411764705882,0.1147945,-0.05519961747492061
4483,14024002,25/26,2026-04-11,23,2275,Burnley,Brighton & Hove Albion,home,0.1487153846153846,0.116316676,-0.03239870847555307
4483,14024002,25/26,2026-04-11,2275,23,Brighton & Hove Albion,Burnley,away,0.08767,0.11046633,0.022796331243515017
4484,14024000,25/26,2026-04-11,19,3027,Liverpool FC,Fulham,home,0.05461052631578947,0.11705783,0.06244730377950167
4484,14024000,25/26,2026-04-11,3027,19,Fulham,Liverpool FC,away,0.08814444444444444,0.11924941,0.031104966482851243
4485,14025026,25/26,2026-04-12,16,8,Sunderland,Tottenham Hotspur,home,0.076,0.111811444,0.03581144416332245
4485,14025026,25/26,2026-04-12,8,16,Tottenham Hotspur,Sunderland,away,0.10326923076923077,0.11409397,0.010824736012862282
4486,14025025,25/26,2026-04-12,6072,12,Nottingham Forest,Aston Villa,home,0.08540833333333334,0.11234918,0.026940849033991493
4486,14025025,25/26,2026-04-12,12,6072,Aston Villa,Nottingham Forest,away,0.07677333333333333,0.11384674,0.03707340828339259
4487,14023999,25/26,2026-04-12,18,21,Crystal Palace,Newcastle United,home,0.1621142857142857,0.11739885,-0.04471543509449277
4487,14023999,25/26,2026-04-12,21,18,Newcastle United,Crystal Palace,away,0.23565454545454545,0.1134692,-0.12218534710840745
4488,14023998,25/26,2026-04-12,24,22,Chelsea,Manchester City,home,0.12724444444444444,0.11941002,-0.007834421351220866
4488,14023998,25/26,2026-04-12,22,24,Manchester City,Chelsea,away,0.09511666666666667,0.12121093,0.02609426606496175
4489,14025024,25/26,2026-04-13,1,4546,Manchester United,Leeds United,home,0.17142,0.120549046,-0.05087095449686049
4489,14025024,25/26,2026-04-13,4546,1,Leeds United,Manchester United,away,0.06344,0.116111994,0.052671993789672855
4490,14025031,25/26,2026-04-18,5301,3027,Brentford,Fulham,home,0.0704,0.116025314,0.045625313735008236
4490,14025031,25/26,2026-04-18,3027,5301,Fulham,Brentford,away,0.10992307692307693,0.11711832,0.007195244436080633
4491,14025040,25/26,2026-04-18,21,769,Newcastle United,Bournemouth,home,0.248875,0.12002662,-0.12884838175773622
4491,14025040,25/26,2026-04-18,769,21,Bournemouth,Newcastle United,away,0.1326,0.11805879,-0.014541206753253932
4492,14025036,25/26,2026-04-18,4546,3033,Leeds United,Wolverhampton,home,0.08097142857142857,0.111755826,0.030784397007737843
4492,14025036,25/26,2026-04-18,3033,4546,Wolverhampton,Leeds United,away,0.1659,0.11409677,-0.0518032317996025
4493,14025042,25/26,2026-04-18,8,2275,Tottenham Hotspur,Brighton & Hove Albion,home,0.08169,0.115558185,0.03386818468332291
4493,14025042,25/26,2026-04-18,2275,8,Brighton & Hove Albion,Tottenham Hotspur,away,0.08665384615384615,0.11462667,0.027972822239765757
4494,14025032,25/26,2026-04-18,24,1,Chelsea,Manchester United,home,0.072825,0.11947446,0.046649463164806365
4494,14025032,25/26,2026-04-18,1,24,Manchester United,Chelsea,away,0.07468095238095238,0.12175388,0.04707292651051567
4495,14025035,25/26,2026-04-19,10,19,Everton,Liverpool FC,home,0.10362142857142857,0.11448835,0.010866919793401444
4495,14025035,25/26,2026-04-19,19,10,Liverpool FC,Everton,away,0.07924,0.11808322,0.03884322370052337
4496,14025030,25/26,2026-04-19,12,16,Aston Villa,Sunderland,home,0.1728,0.11638613,-0.05641386954784394
4496,14025030,25/26,2026-04-19,16,12,Sunderland,Aston Villa,away,0.18940666666666667,0.11115176,-0.07825490435997645
4497,14025041,25/26,2026-04-19,6072,23,Nottingham Forest,Burnley,home,0.0888,0.10874546,0.019945463192462917
4497,14025041,25/26,2026-04-19,23,6072,Burnley,Nottingham Forest,away,0.11910000000000001,0.114365175,-0.004734824633598339
4498,14025039,25/26,2026-04-19,22,17,Manchester City,Arsenal,home,0.1981888888888889,0.12416314,-0.07402574555211597
4498,14025039,25/26,2026-04-19,17,22,Arsenal,Manchester City,away,0.09170666666666667,0.115839094,0.024132427256902053
4499,14025034,25/26,2026-04-20,18,7,Crystal Palace,West Ham United,home,0.06817777777777778,0.11411927,0.04594149117602242
4499,14025034,25/26,2026-04-20,7,18,West Ham United,Crystal Palace,away,0.08082222222222223,0.116217375,0.035395152579413516
4500,14024001,25/26,2026-04-21,2275,24,Brighton & Hove Albion,Chelsea,home,0.06161666666666667,0.11700346,0.05538679654200872
4500,14024001,25/26,2026-04-21,24,2275,Chelsea,Brighton & Hove Albion,away,0.14250666666666667,0.116522215,-0.02598445135990779
4501,14024003,25/26,2026-04-22,23,22,Burnley,Manchester City,home,0.12105,0.11923234,-0.0018176583528518725
4501,14024003,25/26,2026-04-22,22,23,Manchester City,Burnley,away,0.06953333333333334,0.11284939,0.04331605866352717
4502,14025044,25/26,2026-04-22,769,4546,Bournemouth,Leeds United,home,0.08097,0.11583445,0.03486445221185684
4502,14025044,25/26,2026-04-22,4546,769,Leeds United,Bournemouth,away,0.09708823529411766,0.11610074,0.01901250811885384
4503,14023932,25/26,2026-04-24,16,6072,Sunderland,Nottingham Forest,home,0.10964,0.111209676,0.0015696756696701036
4503,14023932,25/26,2026-04-24,6072,16,Nottingham Forest,Sunderland,away,0.050042857142857146,0.11309364,0.06305077978713172
4504,14024004,25/26,2026-04-25,3027,12,Fulham,Aston Villa,home,0.09321,0.1156774,0.022467401423454283
4504,14024004,25/26,2026-04-25,12,3027,Aston Villa,Fulham,away,0.0949076923076923,0.12031844,0.025410750275391802
4505,14024005,25/26,2026-04-25,19,18,Liverpool FC,Crystal Palace,home,0.16235,0.115324095,-0.04702590510845184
4505,14024005,25/26,2026-04-25,18,19,Crystal Palace,Liverpool FC,away,0.1272111111111111,0.1163779,-0.010833213550514642
4506,14024022,25/26,2026-04-25,3033,8,Wolverhampton,Tottenham Hotspur,home,0.0836909090909091,0.11389796,0.030207047816840082
4506,14024022,25/26,2026-04-25,8,3033,Tottenham Hotspur,Wolverhampton,away,0.06408181818181818,0.109043926,0.04496210781877691
4507,14023934,25/26,2026-04-25,7,10,West Ham United,Everton,home,0.14145454545454544,0.109370604,-0.03208394129709763
4507,14023934,25/26,2026-04-25,10,7,Everton,West Ham United,away,0.11746,0.11110049,-0.006359512588977809
4508,14025045,25/26,2026-04-25,17,21,Arsenal,Newcastle United,home,0.07692307692307693,0.11426697,0.03734389234047669
4508,14025045,25/26,2026-04-25,21,17,Newcastle United,Arsenal,away,0.04461818181818182,0.11544019,0.0708220080202276
4509,14023926,25/26,2026-04-27,1,5301,Manchester United,Brentford,home,0.09785,0.11812813,0.02027812834978103
4509,14023926,25/26,2026-04-27,5301,1,Brentford,Manchester United,away,0.12376363636363637,0.11199409,-0.011769548667560928
4510,14023940,25/26,2026-05-01,4546,23,Leeds United,Burnley,home,0.0632111111111111,0.107687674,0.04447656335168415
4510,14023940,25/26,2026-05-01,23,4546,Burnley,Leeds United,away,0.09182222222222222,0.11792801,0.026105790983306038
4511,14023949,25/26,2026-05-02,21,2275,Newcastle United,Brighton & Hove Albion,home,0.11767692307692308,0.11550125,-0.002175675730521867
4511,14023949,25/26,2026-05-02,2275,21,Brighton & Hove Albion,Newcastle United,away,0.2429076923076923,0.116699114,-0.12620857786582065
4512,14023945,25/26,2026-05-02,5301,7,Brentford,West Ham United,home,0.07096153846153846,0.112665094,0.04170355597367653
4512,14023945,25/26,2026-05-02,7,5301,West Ham United,Brentford,away,0.16245714285714286,0.11520641,-0.04725072988612311
4513,14023951,25/26,2026-05-02,3033,16,Wolverhampton,Sunderland,home,0.06585,0.11264895,0.04679894902706146
4513,14023951,25/26,2026-05-02,16,3033,Sunderland,Wolverhampton,away,0.08611,0.1129477,0.026837702407836908
4514,14023931,25/26,2026-05-02,17,3027,Arsenal,Fulham,home,0.037,0.11430651,0.07730650949478149
4514,14023931,25/26,2026-05-02,3027,17,Fulham,Arsenal,away,0.1812777777777778,0.11715939,-0.06411838881836998
4515,14024023,25/26,2026-05-03,769,18,Bournemouth,Crystal Palace,home,0.12747142857142857,0.117212795,-0.010258633850302012
4515,14024023,25/26,2026-05-03,18,769,Crystal Palace,Bournemouth,away,0.12981875,0.115074456,-0.014744294261932384
4516,14023939,25/26,2026-05-03,1,19,Manchester United,Liverpool FC,home,0.06807692307692308,0.11379312,0.045716196711246784
4516,14023939,25/26,2026-05-03,19,1,Liverpool FC,Manchester United,away,0.13005555555555556,0.11426756,-0.015787997696134787
4517,14023927,25/26,2026-05-03,12,8,Aston Villa,Tottenham Hotspur,home,0.0989,0.11130559,0.012405586993694304
4517,14023927,25/26,2026-05-03,8,12,Tottenham Hotspur,Aston Villa,away,0.06416,0.116633125,0.052473124649524694
4518,14023925,25/26,2026-05-04,24,6072,Chelsea,Nottingham Forest,home,0.3450666666666667,0.11575935,-0.22930731630722684
4518,14023925,25/26,2026-05-04,6072,24,Nottingham Forest,Chelsea,away,0.0918047619047619,0.108753055,0.016948293429329284
