match_id,sofascore_event_id,season_year,match_date,home_team_id,away_team_id,home_team_name,away_team_name,home_goals,away_goals,xg_home,xg_away,shot_quality_home,shot_quality_away,fragility_home,fragility_away,feature_coverage_score_home,feature_coverage_score_away,xg_feature_available_home,xg_feature_available_away,rolling_history_count_home,rolling_history_count_away,tempo_feature_coverage_score_home,tempo_feature_coverage_score_away,rolling_tempo_count_home,rolling_tempo_count_away,match_tempo_index,lambda_home,lambda_away,tempo_multiplier
4171,14025013,25/26,2025-08-15,19,769,Liverpool FC,Bournemouth,4,2,1.8780646324157715,1.190935730934143,0.12252520024776459,0.11567995697259903,0.11293264478445053,0.12012892216444016,1.0,1.0,True,True,417,302,1.0,1.0,5,5,1.331484250398724,1.9802597039441976,1.147572520908501,0.9893384384443465
4172,14025016,25/26,2025-08-16,12,21,Aston Villa,Newcastle United,0,0,1.5518158674240112,1.370283842086792,0.11438246071338654,0.11916603147983551,0.118070088326931,0.10757055878639221,1.0,1.0,True,True,304,380,1.0,1.0,5,5,1.2966218102073366,1.538164551193326,1.3566010054891726,0.990732936052002
4173,14025047,25/26,2025-08-16,8,23,Tottenham Hotspur,Burnley,3,0,2.2686164379119873,1.1533560752868652,0.1420796662569046,0.11373966932296753,0.11290596425533295,0.13878169655799866,1.0,1.0,True,True,417,302,1.0,1.0,5,5,0.9287968500797448,2.6522502865589366,1.1293029592124768,1.0054459344571056
4174,14025020,25/26,2025-08-16,2275,3027,Brighton & Hove Albion,Fulham,1,1,1.6981573104858398,1.1103649139404297,0.11260820925235748,0.11123137176036835,0.10860743373632431,0.11372659355401993,1.0,1.0,True,True,304,190,1.0,1.0,5,5,1.4092005582137161,1.7291797506277367,1.0432465519590408,0.9862297861317468
4175,14025038,25/26,2025-08-16,16,7,Sunderland,West Ham United,3,0,1.5252748727798462,1.2462199926376343,0.11543594300746918,0.1091948077082634,0.11294052004814148,0.1110394150018692,0.6923076923076923,1.0,True,True,113,418,0.875,1.0,5,5,1.008640350877193,1.5570103618331719,1.216566788398595,1.0022521944252079
4176,14025050,25/26,2025-08-16,3033,22,Wolverhampton,Manchester City,0,4,0.988961398601532,1.8724483251571655,0.1094898134469986,0.12881702184677124,0.13186530768871307,0.11378014087677002,1.0,1.0,True,True,266,417,1.0,1.0,5,5,1.3840281100478469,1.008328027811409,1.9728025244482643,0.9872366840583816
4177,14025053,25/26,2025-08-17,24,18,Chelsea,Crystal Palace,0,0,1.5618499517440796,1.0792908668518066,0.12214474380016327,0.10746807605028152,0.10467325150966644,0.11601395905017853,1.0,1.0,True,True,417,417,1.0,1.0,5,5,1.1699740829346092,1.6243123056349718,1.003065519066292,0.9957988451429111
4178,14025028,25/26,2025-08-17,6072,5301,Nottingham Forest,Brentford,3,1,1.396440863609314,1.206031322479248,0.11376485973596573,0.11026514321565628,0.10646150261163712,0.11266734451055527,1.0,1.0,True,True,114,152,1.0,1.0,5,5,1.2281937799043061,1.4247490182281413,1.1287859576822916,0.9934700572641232
4179,14025056,25/26,2025-08-17,1,17,Manchester United,Arsenal,0,1,1.2158926725387573,1.7681797742843628,0.10441336035728455,0.13012146949768066,0.12607106566429138,0.10813509672880173,1.0,1.0,True,True,417,416,1.0,1.0,5,5,1.432064393939394,1.2021229555166466,1.8096028944853495,0.9853152327027197
4180,14025059,25/26,2025-08-18,4546,10,Leeds United,Everton,1,0,1.3305110931396484,1.2910670042037964,0.10350489616394043,0.11927428096532822,0.12195911258459091,0.1083943098783493,1.0,1.0,True,True,114,416,0.875,1.0,5,5,1.0303648325358852,1.338690766816603,1.3166780187355163,1.00138321515886
4181,14025088,25/26,2025-08-22,7,24,West Ham United,Chelsea,1,5,1.0632520914077759,1.659571647644043,0.10716332495212555,0.12338817119598389,0.12460603564977646,0.11064329743385315,1.0,1.0,True,True,419,418,1.0,1.0,5,5,1.1558841706539076,1.0768141917662384,1.7055624770446456,0.9963624416341392
4182,14025083,25/26,2025-08-23,22,8,Manchester City,Tottenham Hotspur,0,2,2.084465742111206,1.0561602115631104,0.1265445202589035,0.12531813979148865,0.12358775734901428,0.12417459487915039,1.0,1.0,True,True,418,418,1.0,1.0,5,5,1.1802900717703348,2.2549773548190353,1.0790932886638338,0.9953862055894821
4183,14025068,25/26,2025-08-23,5301,12,Brentford,Aston Villa,1,0,1.6523594856262207,1.2068220376968384,0.11680176109075546,0.11118283122777939,0.10522226989269257,0.11703325062990189,1.0,1.0,True,True,153,305,1.0,1.0,5,5,1.09832336523126,1.7321337620090758,1.1280766083157434,0.9986648738510451
4184,14025062,25/26,2025-08-23,769,3033,Bournemouth,Wolverhampton,1,0,1.8218718767166138,0.9539615511894226,0.1219104453921318,0.10368545353412628,0.1013832837343216,0.12188874930143356,1.0,1.0,True,True,303,267,1.0,1.0,5,5,1.120444577352472,1.954035457169925,0.8729287249244247,0.9977800253661966
4185,14025071,25/26,2025-08-23,23,16,Burnley,Sunderland,2,0,1.354128122329712,1.4160481691360474,0.10773875564336777,0.11805857717990875,0.11800696700811386,0.10340598225593567,1.0,1.0,True,True,303,114,1.0,1.0,5,5,0.9917533891547049,1.3293263570207747,1.418722672290776,1.0029276728941072
4186,14025065,25/26,2025-08-23,17,4546,Arsenal,Leeds United,5,0,2.1413631439208984,0.960137128829956,0.12016711384057999,0.08856005221605301,0.09575939178466797,0.1256825178861618,1.0,1.0,True,True,417,115,1.0,1.0,5,5,1.2355990829346093,2.3280565137312257,0.8481117993351179,0.9931738451429111
4187,14025077,25/26,2025-08-24,10,2275,Everton,Brighton & Hove Albion,2,0,1.3466441631317139,1.4158576726913452,0.11454004049301147,0.11233377456665039,0.11141318082809448,0.11324859410524368,1.0,1.0,True,True,417,305,1.0,1.0,5,5,1.1995305023923446,1.3795767963384142,1.3610450938594998,0.9946165883646017
4188,14025074,25/26,2025-08-24,18,6072,Crystal Palace,Nottingham Forest,1,1,1.5851035118103027,1.1277726888656616,0.12382931262254715,0.10716677457094193,0.10530906915664673,0.1172124445438385,1.0,1.0,True,True,418,115,1.0,1.0,5,5,1.1535655901116428,1.6594259175962691,1.0523331112890255,0.9964551848558297
4189,14025080,25/26,2025-08-24,3027,1,Fulham,Manchester United,1,1,1.1199402809143066,1.5614455938339233,0.11334791779518127,0.12188763171434402,0.12865744531154633,0.1148592010140419,1.0,1.0,True,True,191,418,1.0,1.0,5,5,1.3028638357256779,1.1518512451572764,1.626107555616583,0.9904832550312683
4190,14147154,25/26,2025-08-25,21,19,Newcastle United,Liverpool FC,2,3,1.5435758829116821,1.5198936462402344,0.11044090241193771,0.12484029680490494,0.12330057471990585,0.10953298211097717,1.0,1.0,True,True,381,418,1.0,1.0,5,5,1.4544158692185007,1.5357559324212189,1.5336733721852922,0.9844211736915555
4191,14025097,25/26,2025-08-30,24,3027,Chelsea,Fulham,2,0,1.8157556056976318,1.0561326742172241,0.12297971546649933,0.10631010681390762,0.1068597361445427,0.12234339118003845,1.0,1.0,True,True,419,192,1.0,1.0,5,5,1.181134370015949,1.9470100468677587,0.992422904095845,0.9953524336596575
4192,14025106,25/26,2025-08-30,1,23,Manchester United,Burnley,3,2,1.9751478433609009,0.8862791657447815,0.12286846339702606,0.10663183778524399,0.10837540775537491,0.13363830745220184,1.0,1.0,True,True,419,304,1.0,1.0,5,5,1.2611383572567783,2.2262119126496884,0.8367018648615987,0.9921522741700244
4193,14025115,25/26,2025-08-30,8,769,Tottenham Hotspur,Bournemouth,0,1,1.5220130681991577,1.4321075677871704,0.12913468480110168,0.10821295529603958,0.10459122061729431,0.11370551586151123,1.0,1.0,True,True,419,304,1.0,1.0,5,5,1.0878917464114832,1.5698479062414767,1.3347747393390548,0.9990821386038361
4194,14025118,25/26,2025-08-30,3033,10,Wolverhampton,Everton,2,3,1.2325184345245361,1.3719065189361572,0.10067369788885117,0.12273897975683212,0.12132512032985687,0.10225477814674377,1.0,1.0,True,True,268,418,1.0,1.0,5,5,1.068438995215311,1.1988663083040831,1.3927102244484244,0.999860248651683
4195,14025112,25/26,2025-08-30,16,5301,Sunderland,Brentford,2,1,1.0331363677978516,1.569485068321228,0.09991376847028732,0.11143587529659271,0.11457112431526184,0.09921758621931076,1.0,1.0,True,True,115,154,1.0,1.0,5,5,1.0117783094098884,0.9908545600360356,1.5445789572747832,1.0021266760839
4196,14025100,25/26,2025-08-30,4546,21,Leeds United,Newcastle United,0,0,1.2394198179244995,1.740970492362976,0.0986238569021225,0.1215554028749466,0.11965908110141754,0.10775058716535568,1.0,1.0,True,True,116,382,1.0,1.0,5,5,1.1767902711323763,1.2356154192398243,1.745488591773451,0.9955261976150004
4197,14025094,25/26,2025-08-31,2275,22,Brighton & Hove Albion,Manchester City,2,1,1.2670502662658691,1.7401609420776367,0.12351443618535995,0.1248885914683342,0.12052229791879654,0.12739041447639465,1.0,1.0,True,True,306,419,1.0,1.0,5,5,1.5047198963317385,1.3736413736017123,1.7289567284212162,0.982409012607026
4198,14025109,25/26,2025-08-31,6072,7,Nottingham Forest,West Ham United,0,3,1.5353856086730957,0.9940085411071777,0.11725714802742004,0.1105966791510582,0.10929827392101288,0.11579341441392899,1.0,1.0,True,True,116,420,1.0,1.0,5,5,1.148456937799043,1.5964147709048024,0.9471708794164119,0.9966595309483337
4199,14025103,25/26,2025-08-31,19,17,Liverpool FC,Arsenal,1,0,1.378424048423767,1.2681400775909424,0.11053285747766495,0.11354212462902069,0.10930624604225159,0.11104249209165573,1.0,1.0,True,True,419,418,1.0,1.0,5,5,1.3888965311004784,1.3857715625543363,1.1967737896100787,0.9870419472162764
4200,14025091,25/26,2025-08-31,12,18,Aston Villa,Crystal Palace,0,3,1.5531002283096313,1.2915300130844116,0.10652229934930801,0.13118425011634827,0.13318631052970886,0.10238422453403473,1.0,1.0,True,True,306,419,1.0,1.0,5,5,1.0639413875598087,1.512012366924678,1.3868003045372437,1.000040152957903
4201,14025124,25/26,2025-09-13,17,6072,Arsenal,Nottingham Forest,3,0,1.736369252204895,0.9789153933525085,0.12954068183898926,0.10834316909313202,0.10593231767416,0.12463681399822235,1.0,1.0,True,True,419,117,1.0,1.0,5,5,1.2718500797448167,1.8756337142308255,0.9120759957684232,0.9917238052705029
4202,14025136,25/26,2025-09-13,10,12,Everton,Aston Villa,0,0,1.3697714805603027,1.3256702423095703,0.1130526214838028,0.11484520137310028,0.10923536121845245,0.10625601559877396,1.0,1.0,True,True,419,307,1.0,1.0,5,5,1.1468769936204146,1.3565975901523826,1.2628753812429916,0.9967227287154788
4203,14025145,25/26,2025-09-13,21,3033,Newcastle United,Wolverhampton,1,0,1.8311007022857666,0.9970279932022095,0.1192697137594223,0.10311299562454224,0.10478883236646652,0.11776991933584213,1.0,1.0,True,True,383,269,1.0,1.0,5,5,1.1638377192982456,1.921454107758812,0.9274061933755688,0.9960442996883656
4204,14025121,25/26,2025-09-13,769,2275,Bournemouth,Brighton & Hove Albion,2,1,1.5483955144882202,1.1555498838424683,0.11326373368501663,0.10851211100816727,0.10766418278217316,0.11266035586595535,1.0,1.0,True,True,305,307,1.0,1.0,5,5,1.436762360446571,1.566462245524492,1.079198272611417,0.9851273140424326
4205,14025133,25/26,2025-09-13,18,16,Crystal Palace,Sunderland,0,0,1.744140863418579,0.9440268874168396,0.122574582695961,0.10140056163072586,0.10163138061761856,0.11640775203704834,1.0,1.0,True,True,420,116,1.0,1.0,5,5,0.8406240031897927,1.8414941137353023,0.8746920785394364,1.0089728483327038
4206,14025139,25/26,2025-09-13,3027,4546,Fulham,Leeds United,1,0,1.4637590646743774,1.1913714408874512,0.11024516075849533,0.10311449319124222,0.10514327883720398,0.11223354190587997,1.0,1.0,True,True,193,117,1.0,1.0,5,5,1.0726315789473684,1.4994849188947479,1.1143168088852693,0.9996925453024007
4207,14025148,25/26,2025-09-13,7,8,West Ham United,Tottenham Hotspur,0,3,1.3284510374069214,1.437700629234314,0.10821416974067688,0.12760460376739502,0.1238076239824295,0.11042299121618271,1.0,1.0,True,True,421,420,1.0,1.0,5,5,1.0070753588516745,1.3519079510945118,1.4807034490058277,1.0023147941062285
4208,14025127,25/26,2025-09-13,5301,24,Brentford,Chelsea,2,2,1.3435574769973755,1.5851608514785767,0.10708218812942505,0.12298277765512466,0.1199379712343216,0.10904229432344437,1.0,1.0,True,True,155,420,1.0,1.0,5,5,1.116267942583732,1.351696609174529,1.5953121562810313,0.9979470907569462
4209,14025130,25/26,2025-09-14,23,19,Burnley,Liverpool FC,0,1,0.8792968988418579,2.155848503112793,0.09154857695102692,0.12591958045959473,0.1259816735982895,0.1004762202501297,1.0,1.0,True,True,305,420,1.0,1.0,5,5,1.1657127192982457,0.8438612229537124,2.2292652056036766,0.9959692996883657
4210,14025142,25/26,2025-09-14,22,1,Manchester City,Manchester United,3,0,1.7509706020355225,1.3611177206039429,0.12363087385892868,0.11699975281953812,0.12433964759111404,0.12361720949411392,1.0,1.0,True,True,420,420,1.0,1.0,5,5,1.3809350079744818,1.8739181205387554,1.3844361356685326,0.9873604081413162
4211,14025166,25/26,2025-09-20,19,10,Liverpool FC,Everton,2,1,1.9870024919509888,0.8479338884353638,0.12492235004901886,0.10872898250818253,0.10880468040704727,0.12013445794582367,1.0,1.0,True,True,421,420,1.0,1.0,5,5,1.301374601275917,2.097732617176492,0.8009787354692385,0.9905428244092588
4212,14025157,25/26,2025-09-20,2275,8,Brighton & Hove Albion,Tottenham Hotspur,2,2,1.5368956327438354,1.2319366931915283,0.10733705759048462,0.1243552416563034,0.11735983937978745,0.10917168855667114,1.0,1.0,True,True,308,421,1.0,1.0,5,5,1.1749451754385964,1.5435989886143664,1.2213365534864555,0.9956000014427516
4213,14025175,25/26,2025-09-20,7,18,West Ham United,Crystal Palace,1,2,1.1854743957519531,1.384096622467041,0.11333109438419342,0.12363729625940323,0.1133873462677002,0.1082073375582695,1.0,1.0,True,True,422,421,1.0,1.0,5,5,0.9152980462519936,1.1970852438456658,1.3592603012484972,1.0059858866102158
4214,14025160,25/26,2025-09-20,23,6072,Burnley,Nottingham Forest,1,1,1.0578850507736206,1.869247317314148,0.1015477329492569,0.12029435485601425,0.1186487078666687,0.10270266979932785,1.0,1.0,True,True,306,118,1.0,1.0,5,5,1.0377482057416267,1.0327309796275383,1.8752566379915894,1.0010878802306304
4215,14025178,25/26,2025-09-20,3033,4546,Wolverhampton,Leeds United,1,3,1.2832422256469727,1.200859785079956,0.10187051445245743,0.09945856034755707,0.1053369790315628,0.1067788377404213,1.0,1.0,True,True,270,118,1.0,1.0,5,5,1.0301505183413078,1.2803475323688784,1.1262478173995187,1.0013917877266432
4216,14025169,25/26,2025-09-20,1,24,Manchester United,Chelsea,2,1,1.5559062957763672,1.5818700790405273,0.10634977370500565,0.12713973224163055,0.12203191965818405,0.1039612889289856,1.0,1.0,True,True,421,421,1.0,1.0,5,5,1.4482027511961721,1.5040267936183451,1.5868824709930045,0.9846696984124486
4217,14025163,25/26,2025-09-20,3027,5301,Fulham,Brentford,3,1,1.2146011590957642,1.3525843620300293,0.10361022502183914,0.11228197813034058,0.11254063993692398,0.10168151557445526,1.0,1.0,True,True,194,156,1.0,1.0,5,5,1.0125937001594896,1.180449451683405,1.3175225672367115,1.002094060453916
4218,14025151,25/26,2025-09-21,769,21,Bournemouth,Newcastle United,0,0,1.4888203144073486,1.2870712280273438,0.10787853598594666,0.11639281362295151,0.11458408087491989,0.11097163707017899,1.0,1.0,True,True,306,384,1.0,1.0,5,5,1.3573026315789474,1.4981305137376602,1.2492587636311396,0.9883057031971376
4219,14025172,25/26,2025-09-21,16,12,Sunderland,Aston Villa,1,1,1.1584265232086182,1.279622197151184,0.10431575775146484,0.11645106226205826,0.11149773001670837,0.10698417574167252,1.0,1.0,True,True,117,308,1.0,1.0,5,5,0.9607565789473684,1.1602592572583865,1.242430876072736,1.0041675453024008
4220,14025154,25/26,2025-09-21,17,22,Arsenal,Manchester City,1,1,1.4388195276260376,1.2479714155197144,0.12370466440916061,0.12078148871660233,0.11661533266305923,0.1241515502333641,1.0,1.0,True,True,420,421,1.0,1.0,5,5,1.3283522727272727,1.5470847828137697,1.22508002056332,0.9894637175512045
4221,14025184,25/26,2025-09-27,5301,1,Brentford,Manchester United,3,1,1.4350725412368774,1.3395812511444092,0.10823102295398712,0.11599577963352203,0.12048473954200745,0.10960090160369873,1.0,1.0,True,True,157,422,1.0,1.0,5,5,1.1321630781499203,1.4470035497893228,1.3508985145421726,0.9973112853342987
4222,14025199,25/26,2025-09-27,22,23,Manchester City,Burnley,5,1,2.448671579360962,0.8053056597709656,0.12243784964084625,0.10495959222316742,0.10500817000865936,0.1261802464723587,1.0,1.0,True,True,422,307,1.0,1.0,5,5,0.9465988835725678,2.699511139994368,0.7564806912721006,1.0047338531173928
4223,14025190,25/26,2025-09-27,18,19,Crystal Palace,Liverpool FC,2,1,1.122611403465271,1.592288613319397,0.10646960139274597,0.12182825803756714,0.11968087404966354,0.11251287907361984,1.0,1.0,True,True,422,422,1.0,1.0,5,5,1.145515350877193,1.1482825743263143,1.5985973015073884,0.9967771944252077
4224,14025187,25/26,2025-09-27,24,2275,Chelsea,Brighton & Hove Albion,1,3,1.877504587173462,0.9770182967185974,0.12197355180978775,0.10241960734128952,0.10736475884914398,0.12256941199302673,1.0,1.0,True,True,422,309,1.0,1.0,5,5,1.1786652711323764,2.015619011321894,0.9205911126755352,0.9954511976150004
4225,14025196,25/26,2025-09-27,4546,769,Leeds United,Bournemouth,2,2,1.1680974960327148,1.4507923126220703,0.10140912234783173,0.12222572416067123,0.11617793142795563,0.10238764435052872,1.0,1.0,True,True,119,307,1.0,1.0,5,5,1.076389553429027,1.136649575251521,1.4355631905911463,0.9995422263231344
4226,14025205,25/26,2025-09-27,6072,16,Nottingham Forest,Sunderland,0,1,1.4086636304855347,1.050754189491272,0.11416274309158325,0.10424573719501495,0.1073879823088646,0.11324691027402878,1.0,1.0,True,True,119,118,1.0,1.0,5,5,1.0722258771929825,1.4504890128286003,0.9944231263346097,0.9997087733725761
4227,14025208,25/26,2025-09-27,8,3033,Tottenham Hotspur,Wolverhampton,1,1,1.8347043991088867,0.8240975737571716,0.12570565938949585,0.1009344607591629,0.10519085824489594,0.1251257061958313,1.0,1.0,True,True,422,271,1.0,1.0,5,5,1.2027621610845296,1.9920169160643506,0.766975846106925,0.9944873220169143
4228,14025181,25/26,2025-09-28,12,3027,Aston Villa,Fulham,3,1,1.5087698698043823,1.06228506565094,0.11985141783952713,0.10713716596364975,0.10866039246320724,0.11205039918422699,1.0,1.0,True,True,309,195,1.0,1.0,5,5,1.0899372009569377,1.5430886426461028,1.0112736722128985,0.9990003204220179
4229,14025202,25/26,2025-09-28,21,17,Newcastle United,Arsenal,1,2,1.3326811790466309,1.3187994956970215,0.10975605994462967,0.12158576399087906,0.1176408976316452,0.10870403796434402,1.0,1.0,True,True,385,421,1.0,1.0,5,5,1.220020933014354,1.3328491295241274,1.3068983297613321,0.9937969711397213
4230,14311407,25/26,2025-09-29,10,7,Everton,West Ham United,1,1,1.388318657875061,1.138536810874939,0.1122080609202385,0.11848699301481247,0.1135634109377861,0.11185500770807266,1.0,1.0,True,True,421,423,1.0,1.0,5,5,1.0743211722488037,1.4193753857763154,1.11202383293864,0.9996249615703433
4231,14025211,25/26,2025-10-03,769,3027,Bournemouth,Fulham,3,1,1.5483566522598267,1.000274419784546,0.10804428160190582,0.10736444592475891,0.10754896700382233,0.10965237021446228,1.0,1.0,True,True,308,196,1.0,1.0,5,5,1.1936353668261563,1.5577925108572357,0.9428399392223673,0.9948523937872492
4232,14025225,25/26,2025-10-04,4546,8,Leeds United,Tottenham Hotspur,1,2,0.978053092956543,1.6473767757415771,0.09892400354146957,0.12010474503040314,0.12494359165430069,0.10311620682477951,1.0,1.0,True,True,120,423,1.0,1.0,5,5,1.077923644338118,0.9553666396892216,1.701065791036358,0.9994808626867707
4233,14025227,25/26,2025-10-04,1,16,Manchester United,Sunderland,2,0,1.8317219018936157,0.9278578162193298,0.12011140584945679,0.10718218982219696,0.1060587540268898,0.1268337517976761,1.0,1.0,True,True,423,119,1.0,1.0,5,5,1.1215141547049443,2.0115101342900856,0.8703230773669027,0.9977372422720977
4234,14025214,25/26,2025-10-04,17,7,Arsenal,West Ham United,2,0,1.8477052450180054,0.7294199466705322,0.12657175958156586,0.11307860910892487,0.11136545240879059,0.12216946482658386,1.0,1.0,True,True,422,424,1.0,1.0,5,5,1.2456748405103668,1.9744714306141466,0.6997102172669878,0.9927708148398808
4235,14025221,25/26,2025-10-04,24,19,Chelsea,Liverpool FC,2,1,1.546045184135437,1.3783369064331055,0.11313547939062119,0.12289541214704514,0.12060222774744034,0.1123960018157959,1.0,1.0,True,True,423,423,1.0,1.0,5,5,1.2724770733652313,1.5724102922922583,1.3829501301632598,0.9916987255256863
4236,14025229,25/26,2025-10-05,21,6072,Newcastle United,Nottingham Forest,2,0,1.7959829568862915,1.084703803062439,0.1255263090133667,0.11222246289253235,0.10729622840881348,0.12417427450418472,1.0,1.0,True,True,386,120,1.0,1.0,5,5,1.1634579346092504,1.9442075644560977,1.0223171919106826,0.9960594910759255
4237,14025217,25/26,2025-10-05,12,23,Aston Villa,Burnley,2,1,2.1073756217956543,0.9324460625648499,0.1185174286365509,0.10346490144729614,0.10522931069135666,0.11706415563821793,1.0,1.0,True,True,310,308,1.0,1.0,5,5,0.9727462121212122,2.220568965971444,0.8760201782949989,1.003687959975447
4238,14025231,25/26,2025-10-05,3033,2275,Wolverhampton,Brighton & Hove Albion,1,1,1.185416340827942,1.4142566919326782,0.10164912790060043,0.11172838509082794,0.11465391516685486,0.10371050983667374,1.0,1.0,True,True,272,310,1.0,1.0,5,5,1.0942394338118022,1.1608229900296108,1.387808796521893,0.9988282311078234
4239,14025223,25/26,2025-10-05,10,18,Everton,Crystal Palace,2,1,1.1711806058883667,1.4059464931488037,0.10840431600809097,0.1162731796503067,0.12053385376930237,0.1050112247467041,1.0,1.0,True,True,422,423,1.0,1.0,5,5,1.1823644338118022,1.1507194233758782,1.4153081736993642,0.9953032311078234
4240,14025219,25/26,2025-10-05,5301,22,Brentford,Manchester City,0,1,1.1268596649169922,1.8141800165176392,0.10055824369192123,0.1242210790514946,0.12116332352161407,0.10801823437213898,1.0,1.0,True,True,158,423,1.0,1.0,5,5,1.0750837320574163,1.1295592845608018,1.8397557823212543,0.9995944591779988
4241,14025245,25/26,2025-10-18,6072,24,Nottingham Forest,Chelsea,0,3,1.3935258388519287,1.430166482925415,0.11032688617706299,0.12199711054563522,0.11783323436975479,0.115248903632164,1.0,1.0,True,True,121,424,1.0,1.0,5,5,1.1921331738437002,1.4424508525238342,1.420198995926721,0.9949124815065474
4242,14025243,25/26,2025-10-18,22,10,Manchester City,Everton,2,0,1.924332857131958,0.9186925292015076,0.12569622695446014,0.11451879143714905,0.11876074224710464,0.12163347750902176,1.0,1.0,True,True,424,423,1.0,1.0,5,5,1.2504037081339712,2.0506408730013885,0.9143179154586173,0.9925816601349366
4243,14025233,25/26,2025-10-18,2275,21,Brighton & Hove Albion,Newcastle United,2,1,1.4358716011047363,1.2927296161651611,0.10877745598554611,0.11592347174882889,0.11098263412714005,0.10984989255666733,1.0,1.0,True,True,311,387,1.0,1.0,5,5,1.123682216905901,1.4501564549099817,1.2437396407874084,0.9976505197840594
4244,14025237,25/26,2025-10-18,18,769,Crystal Palace,Bournemouth,3,3,1.6090785264968872,1.1669716835021973,0.12020617723464966,0.1049269512295723,0.10425452142953873,0.1273818016052246,1.0,1.0,True,True,424,309,1.0,1.0,5,5,1.2263267543859648,1.764144769174075,1.0797077817787921,0.9935447382848569
4245,14025247,25/26,2025-10-18,16,3033,Sunderland,Wolverhampton,2,0,1.4314806461334229,1.1196554899215698,0.10801897197961807,0.09983798861503601,0.10622204840183258,0.11106934398412704,1.0,1.0,True,True,120,273,1.0,1.0,5,5,1.007538875598086,1.4615521454882885,1.0559291147582586,1.002296253436372
4246,14025235,25/26,2025-10-18,23,4546,Burnley,Leeds United,2,0,1.114054799079895,1.4657402038574219,0.1007990911602974,0.10787273943424225,0.11147762089967728,0.10473043471574783,1.0,1.0,True,True,309,121,1.0,1.0,5,5,0.9195065789473684,1.1045187229273918,1.4253319205761832,1.0058175453024008
4247,14025239,25/26,2025-10-18,3027,17,Fulham,Arsenal,0,1,0.8545883893966675,1.963265061378479,0.11154773831367493,0.13092000782489777,0.12025424838066101,0.10259105265140533,1.0,1.0,True,True,197,423,1.0,1.0,5,5,1.295420653907496,0.8251874332110707,1.9646794518362611,0.9907809823039957
4248,14025249,25/26,2025-10-19,8,12,Tottenham Hotspur,Aston Villa,1,2,1.4573378562927246,1.1855770349502563,0.11955159902572632,0.11273464560508728,0.10734331607818604,0.12557069957256317,1.0,1.0,True,True,424,311,1.0,1.0,5,5,1.1288845693779905,1.590359312137867,1.1192143407150863,0.9974424256851758
4249,14025241,25/26,2025-10-19,19,1,Liverpool FC,Manchester United,1,2,1.7537106275558472,1.0807398557662964,0.12314049899578094,0.10032320767641068,0.11181464046239853,0.11892561614513397,1.0,1.0,True,True,424,424,1.0,1.0,5,5,1.3646521132376395,1.8358174946340435,1.0341130777144127,0.98801172393079
4250,14504827,25/26,2025-10-20,7,5301,West Ham United,Brentford,0,2,1.10408353805542,1.5291937589645386,0.12084373086690903,0.1144804134964943,0.11112947016954422,0.10925055295228958,1.0,1.0,True,True,425,159,1.0,1.0,5,5,0.8625578149920256,1.1232730559688768,1.4877607108570772,1.0080954958606145
4251,14025265,25/26,2025-10-24,4546,7,Leeds United,West Ham United,2,1,1.568332552909851,1.1357877254486084,0.1050785630941391,0.12770800292491913,0.11706147342920303,0.10782208293676376,1.0,1.0,True,True,122,426,1.0,1.0,5,5,1.0481409489633173,1.5721840014726358,1.1300813659995061,1.0006721705017627
4252,14025261,25/26,2025-10-25,24,16,Chelsea,Sunderland,1,2,1.8684743642807007,1.089776873588562,0.11858637630939484,0.11007960885763168,0.11670926958322525,0.12006247043609619,1.0,1.0,True,True,425,121,1.0,1.0,5,5,1.0188706140350878,1.9944020276512935,1.0836765262834271,1.001842983898892
4253,14025269,25/26,2025-10-25,21,3027,Newcastle United,Fulham,2,1,1.9715192317962646,0.9692432880401611,0.11998352408409119,0.10348328202962875,0.10185036808252335,0.11922117322683334,1.0,1.0,True,True,388,198,1.0,1.0,5,5,1.091481259968102,2.0896751591419815,0.8901694521317833,0.9989385580615714
4254,14025267,25/26,2025-10-25,1,2275,Manchester United,Brighton & Hove Albion,4,2,1.7902053594589233,1.1540334224700928,0.1193450465798378,0.10874653607606888,0.1040995717048645,0.11794055253267288,1.0,1.0,True,True,425,312,1.0,1.0,5,5,1.1503219696969698,1.8811434749219917,1.0701265677317398,0.9965849296724167
4255,14025259,25/26,2025-10-25,5301,19,Brentford,Liverpool FC,3,2,1.167183756828308,1.6883381605148315,0.11033318936824799,0.12452151626348495,0.12486802041530609,0.10829489678144455,1.0,1.0,True,True,160,425,1.0,1.0,5,5,1.3496162280701756,1.1587869096973558,1.7237847244735274,0.9886131593374885
4256,14025257,25/26,2025-10-26,12,22,Aston Villa,Manchester City,1,0,0.9624873995780945,1.8393689393997192,0.11376255750656128,0.12648805975914001,0.12494469434022903,0.10516558587551117,1.0,1.0,True,True,312,425,1.0,1.0,5,5,1.1487928628389155,0.9477180813985064,1.8939381365698498,0.9966460939467389
4257,14025255,25/26,2025-10-26,17,18,Arsenal,Crystal Palace,1,0,1.9668934345245361,0.7773367166519165,0.12504082918167114,0.10689419507980347,0.10991712659597397,0.11926516890525818,1.0,1.0,True,True,424,425,1.0,1.0,5,5,1.5385107655502392,2.0478957916353133,0.7314375696822254,0.981057377838286
4258,14025253,25/26,2025-10-26,769,6072,Bournemouth,Nottingham Forest,2,0,1.6013013124465942,1.2721002101898193,0.11225587129592896,0.10778050124645233,0.10907095670700073,0.10870356112718582,1.0,1.0,True,True,310,122,1.0,1.0,5,5,1.1495165470494417,1.6060438692849164,1.2106879802029877,0.9966171465783178
4259,14025271,25/26,2025-10-26,3033,23,Wolverhampton,Burnley,2,3,1.6895323991775513,0.9077176451683044,0.11539387702941895,0.10036475211381912,0.10013341903686523,0.11187708377838135,1.0,1.0,True,True,274,310,1.0,1.0,5,5,0.9013895534290272,1.7394753696868683,0.8322830414230078,1.0065422263231345
4260,14025263,25/26,2025-10-26,10,8,Everton,Tottenham Hotspur,0,3,1.181770920753479,1.3272150754928589,0.10802466422319412,0.12017769366502762,0.11734571307897568,0.11191321909427643,1.0,1.0,True,True,424,425,1.0,1.0,5,5,1.2327870813397128,1.2009012302253008,1.312645622312154,0.993286325206707
4261,14025285,25/26,2025-11-01,6072,1,Nottingham Forest,Manchester United,2,2,1.176360845565796,1.5184799432754517,0.1103227362036705,0.12574298679828644,0.12379594147205353,0.10343421250581741,1.0,1.0,True,True,123,426,1.0,1.0,5,5,1.1307236842105264,1.1485865792102545,1.5560947255229185,0.9973688610918744
4262,14025275,25/26,2025-11-01,23,17,Burnley,Arsenal,0,2,0.6983761191368103,2.256344795227051,0.1043020486831665,0.12414195388555527,0.12588894367218018,0.10248759388923645,1.0,1.0,True,True,311,425,1.0,1.0,5,5,1.2299401913875598,0.6757589012246666,2.326141766583754,0.9934002008047931
4263,14025273,25/26,2025-11-01,2275,4546,Brighton & Hove Albion,Leeds United,3,0,1.61830472946167,1.1009674072265625,0.1134224683046341,0.10374884307384491,0.10359415411949158,0.11507938802242279,1.0,1.0,True,True,313,123,1.0,1.0,5,5,1.2027033492822967,1.6729909398081153,1.0160470259967649,0.9944896744890036
4264,14025277,25/26,2025-11-01,18,5301,Crystal Palace,Brentford,2,0,1.393568515777588,1.2782083749771118,0.10506410896778107,0.11017413437366486,0.10519872605800629,0.10678257048130035,1.0,1.0,True,True,426,161,1.0,1.0,5,5,1.246670653907496,1.3784263421019027,1.1875585130204054,0.9927309823039956
4265,14025279,25/26,2025-11-01,3027,3033,Fulham,Wolverhampton,3,0,1.3120501041412354,1.0324944257736206,0.11010594666004181,0.10850509256124496,0.10975389927625656,0.11012289673089981,1.0,1.0,True,True,199,275,1.0,1.0,5,5,1.1541866028708134,1.3253384123579885,0.9859256710179098,0.996430344345463
4266,14025289,25/26,2025-11-01,8,24,Tottenham Hotspur,Chelsea,0,1,1.4755628108978271,1.5367809534072876,0.12982195615768433,0.12461993098258972,0.12255699932575226,0.12804372608661652,1.0,1.0,True,True,426,426,1.0,1.0,5,5,1.095219298245614,1.631374095923795,1.567725778978915,0.9987890365304709
4267,14025281,25/26,2025-11-01,19,12,Liverpool FC,Aston Villa,2,0,1.9508404731750488,1.0210058689117432,0.12703122198581696,0.10930564254522324,0.10358647257089615,0.12845253944396973,1.0,1.0,True,True,426,313,1.0,1.0,5,5,1.2615420653907496,2.1465863452895664,0.9399848732203366,0.9921361258446655
4268,14025291,25/26,2025-11-02,7,21,West Ham United,Newcastle United,3,1,1.1118247509002686,1.735896110534668,0.12305819243192673,0.11864092200994492,0.11953949183225632,0.10896793752908707,1.0,1.0,True,True,427,389,1.0,1.0,5,5,1.0265390749601275,1.1221524606897948,1.7498839666192385,1.0015362454618904
4269,14025283,25/26,2025-11-02,22,769,Manchester City,Bournemouth,3,1,1.9768644571304321,0.97471022605896,0.12463898211717606,0.10881149768829346,0.10831976681947708,0.12837468087673187,1.0,1.0,True,True,426,311,1.0,1.0,5,5,1.2581140350877194,2.1747280113276206,0.9200333674663468,0.9922732470567867
4270,14723615,25/26,2025-11-03,16,10,Sunderland,Everton,1,1,1.3315606117248535,1.2348123788833618,0.10069900006055832,0.11331527680158615,0.12136739492416382,0.10250052809715271,1.0,1.0,True,True,122,425,1.0,1.0,5,5,1.0126604864433812,1.2997996287836184,1.2565920141988176,1.0020913890025602
4271,14025057,25/26,2025-11-08,8,1,Tottenham Hotspur,Manchester United,2,2,1.3962187767028809,1.4858179092407227,0.11964524537324905,0.11893411725759506,0.10861049592494965,0.1050896868109703,1.0,1.0,True,True,427,427,1.0,1.0,5,5,1.0279366028708135,1.3809104681562245,1.4176140428309862,1.001480344345463
4272,14025060,25/26,2025-11-08,7,23,West Ham United,Burnley,3,2,1.744913101196289,1.0775375366210938,0.13216397166252136,0.10342942923307419,0.1045803427696228,0.1366860717535019,1.0,1.0,True,True,428,312,1.0,1.0,5,5,0.7873803827751196,2.0322373575815247,1.016327871318602,1.0111025931492907
4273,14025043,25/26,2025-11-08,10,3027,Everton,Fulham,2,0,1.4132847785949707,1.25342857837677,0.1194118931889534,0.10708355158567429,0.102672278881073,0.1250043660402298,1.0,1.0,True,True,426,200,1.0,1.0,5,5,1.114691985645933,1.5390092573254837,1.1551637915790656,0.9980101290344582
4274,14025054,25/26,2025-11-08,16,17,Sunderland,Arsenal,2,2,0.8146098852157593,2.025097608566284,0.099025197327137,0.12674008309841156,0.12289665639400482,0.10337638854980469,1.0,1.0,True,True,123,426,1.0,1.0,5,5,1.304427830940989,0.7895930955191808,2.051921488401536,0.990420695222656
4275,14025023,25/26,2025-11-08,24,3033,Chelsea,Wolverhampton,3,0,2.0599565505981445,0.9375829696655273,0.12200340628623962,0.11076348274946213,0.11235914379358292,0.12118304520845413,1.0,1.0,True,True,427,276,1.0,1.0,5,5,1.1526814194577353,2.1990033415075434,0.9073368657766027,0.9964905516819861
4276,14025017,25/26,2025-11-09,5301,21,Brentford,Newcastle United,3,1,1.5087753534317017,1.252015233039856,0.11063643544912338,0.11313125491142273,0.11142154037952423,0.1065855398774147,1.0,1.0,True,True,162,390,1.0,1.0,5,5,1.2346521132376396,1.4915687376453874,1.201896768787138,0.9932117239307899
4277,14025014,25/26,2025-11-09,12,769,Aston Villa,Bournemouth,4,0,1.522521734237671,1.2356905937194824,0.10735074430704117,0.11100607365369797,0.1111435666680336,0.10540049523115158,1.0,1.0,True,True,314,312,1.0,1.0,5,5,0.9848973285486443,1.5108857683114172,1.1964601221552866,1.0032019153183498
4278,14025033,25/26,2025-11-09,18,2275,Crystal Palace,Brighton & Hove Albion,0,0,1.4306018352508545,1.2995766401290894,0.10951142758131027,0.10489480942487717,0.10479411482810974,0.10665218532085419,1.0,1.0,True,True,427,314,1.0,1.0,5,5,1.245941985645933,1.414135883131804,1.204875871068498,0.9927601290344582
4279,14025051,25/26,2025-11-09,6072,4546,Nottingham Forest,Leeds United,3,1,1.5660302639007568,1.2359333038330078,0.11665040254592896,0.1034979373216629,0.11010201275348663,0.11711703985929489,1.0,1.0,True,True,124,124,1.0,1.0,5,5,1.184789673046252,1.6366302646603257,1.1808477415227305,0.9952062215384454
4280,14025048,25/26,2025-11-09,22,19,Manchester City,Liverpool FC,3,0,1.6596421003341675,1.1874970197677612,0.12069172412157059,0.12045712023973465,0.13776850700378418,0.13162633776664734,1.0,1.0,True,True,427,427,1.0,1.0,5,5,1.5924641148325358,1.8286173231842444,1.2743708734109613,0.978899243866994
4281,14025072,25/26,2025-11-22,23,24,Burnley,Chelsea,0,2,0.9430532455444336,2.056187629699707,0.10714396089315414,0.12529781460762024,0.12484528124332428,0.11202314496040344,1.0,1.0,True,True,313,428,1.0,1.0,5,5,1.0951086523125997,0.964170912847205,2.1207454327399082,0.9987934623677915
4282,14025081,25/26,2025-11-22,19,6072,Liverpool FC,Nottingham Forest,0,3,1.8848531246185303,0.9454079866409302,0.12254630029201508,0.09668130427598953,0.10023321211338043,0.12507891654968262,1.0,1.0,True,True,428,125,1.0,1.0,5,5,1.2134758771929826,2.0451277856688597,0.8565522325501986,0.9940587733725762
4283,14025063,25/26,2025-11-22,769,7,Bournemouth,West Ham United,2,2,1.7243715524673462,1.1742385625839233,0.11419498175382614,0.11926890909671783,0.10858133435249329,0.11215601861476898,1.0,1.0,True,True,313,429,1.0,1.0,5,5,0.9123744019138756,1.7770857690930781,1.125338615950369,1.0061028323837404
4284,14025069,25/26,2025-11-22,2275,5301,Brighton & Hove Albion,Brentford,2,1,1.465840220451355,1.2650915384292603,0.1049233078956604,0.11917934566736221,0.11382618546485901,0.1028926745057106,1.0,1.0,True,True,315,163,1.0,1.0,5,5,1.230503389154705,1.421403401171446,1.2295356463830167,0.9933776728941073
4285,14025090,25/26,2025-11-22,3033,18,Wolverhampton,Crystal Palace,0,2,1.045697808265686,1.6584690809249878,0.10344994813203812,0.12212266772985458,0.12444398552179337,0.101692795753479,1.0,1.0,True,True,277,428,1.0,1.0,5,5,1.1035207336523125,1.012667881420577,1.7066908034790864,0.998456979114203
4286,14025075,25/26,2025-11-22,3027,16,Fulham,Sunderland,1,0,1.4083648920059204,1.150073528289795,0.10958175361156464,0.11285775154829025,0.10583796352148056,0.11433320492506027,1.0,1.0,True,True,201,124,1.0,1.0,5,5,1.017340510366826,1.461336706158736,1.0820119698201522,1.0019041880456225
4287,14025087,25/26,2025-11-22,21,22,Newcastle United,Manchester City,2,1,1.3198851346969604,1.5754972696304321,0.11503372341394424,0.12275481224060059,0.12294575572013855,0.11706671118736267,1.0,1.0,True,True,391,428,1.0,1.0,5,5,1.3577681419457734,1.3694568527683828,1.5933034146048344,0.9882870827824646
4288,14025078,25/26,2025-11-23,4546,12,Leeds United,Aston Villa,1,2,1.2194291353225708,1.2995789051055908,0.10716816782951355,0.11405640840530396,0.1144389659166336,0.11200249940156937,1.0,1.0,True,True,125,315,1.0,1.0,5,5,1.0786114433811802,1.2474285091692878,1.2746987096251563,0.9994533507250483
4289,14025066,25/26,2025-11-23,17,8,Arsenal,Tottenham Hotspur,4,1,2.041905641555786,0.7881153225898743,0.12864243984222412,0.10329511761665344,0.10485368967056274,0.12143951654434204,1.0,1.0,True,True,427,428,1.0,1.0,5,5,1.2012161084529507,2.178195732526084,0.7322317150747558,0.9945491641221774
4290,14723574,25/26,2025-11-24,1,10,Manchester United,Everton,0,1,1.7687058448791504,1.0405428409576416,0.12116410583257675,0.10907106846570969,0.10911231487989426,0.11987567692995071,1.0,1.0,True,True,428,427,1.0,1.0,5,5,1.0856200159489633,1.881161540920684,0.9930607892981729,0.999173007822337
4291,14025108,25/26,2025-11-29,22,4546,Manchester City,Leeds United,3,2,2.3382351398468018,0.7175424695014954,0.12468719482421875,0.10917870700359344,0.11385959386825562,0.12655727565288544,1.0,1.0,True,True,429,126,1.0,1.0,5,5,1.355017942583732,2.540378872230591,0.6939958583304945,0.9883970907569462
4292,14025114,25/26,2025-11-29,16,769,Sunderland,Bournemouth,3,2,1.1684105396270752,1.5348517894744873,0.10728849470615387,0.11503192037343979,0.11443811655044556,0.10358628630638123,1.0,1.0,True,True,125,314,1.0,1.0,5,5,1.0954934210526315,1.1433587159827963,1.5044437592429787,0.9987780716181902
4293,14025096,25/26,2025-11-29,5301,23,Brentford,Burnley,3,1,2.2278449535369873,0.8557193875312805,0.119352787733078,0.09800373762845993,0.09854871034622192,0.12039241194725037,1.0,1.0,True,True,164,314,1.0,1.0,5,5,1.0968829744816586,2.3744033093813246,0.7718403990935161,0.9987224894810292
4294,14025105,25/26,2025-11-29,10,21,Everton,Newcastle United,1,4,1.3398668766021729,1.5211178064346313,0.12027368694543839,0.11783004552125931,0.11225198209285736,0.12022360414266586,1.0,1.0,True,True,428,392,1.0,1.0,5,5,1.0155651913875599,1.4314821498245078,1.4793447769825292,1.001975200804793
4295,14025117,25/26,2025-11-29,8,3027,Tottenham Hotspur,Fulham,1,2,1.5960545539855957,1.286198616027832,0.1303389072418213,0.11159070581197739,0.10522302985191345,0.1270134449005127,1.0,1.0,True,True,429,202,1.0,1.0,5,5,1.0188875598086125,1.7614168451109489,1.2061039194382834,1.0018423060679509
4296,14025102,25/26,2025-11-30,18,1,Crystal Palace,Manchester United,1,2,1.4312536716461182,1.2857249975204468,0.11125857383012772,0.11179254204034805,0.10523289442062378,0.10924920439720154,1.0,1.0,True,True,429,429,1.0,1.0,5,5,1.2000647926634769,1.436619294819562,1.1970004644530061,0.9945952167537564
4297,14025120,25/26,2025-11-30,7,19,West Ham United,Liverpool FC,0,2,0.9583982825279236,1.962772250175476,0.1035371720790863,0.12431570887565613,0.12536001205444336,0.10056913644075394,1.0,1.0,True,True,430,429,1.0,1.0,5,5,1.2297428229665073,0.9178695664028528,2.0184247391708863,0.9934080955416352
4298,14025093,25/26,2025-11-30,12,3033,Aston Villa,Wolverhampton,1,0,1.55906343460083,1.0506008863449097,0.1085372194647789,0.10716138780117035,0.10944349318742752,0.1118588000535965,1.0,1.0,True,True,316,278,1.0,1.0,5,5,1.054950159489633,1.5952059977850015,1.0056052124032047,1.00039980208071
4299,14025111,25/26,2025-11-30,6072,2275,Nottingham Forest,Brighton & Hove Albion,0,2,1.5438026189804077,1.4269403219223022,0.12100215256214142,0.10567115992307663,0.10598912835121155,0.12016288191080093,1.0,1.0,True,True,126,316,1.0,1.0,5,5,1.1540649920255184,1.6397571162596547,1.3362241716575716,0.9964352087792747
4300,14025099,25/26,2025-11-30,24,17,Chelsea,Arsenal,1,1,1.4494376182556152,1.236460566520691,0.11850246787071228,0.12827982008457184,0.11889112740755081,0.11229974031448364,1.0,1.0,True,True,429,428,1.0,1.0,5,5,1.416460326953748,1.4648787080142878,1.223120756418169,0.9859393953821456
4301,14025135,25/26,2025-12-02,3027,22,Fulham,Manchester City,4,5,0.9971784949302673,2.0080816745758057,0.11390899121761322,0.13063843548297882,0.12577633559703827,0.11352310329675674,1.0,1.0,True,True,203,430,1.0,1.0,5,5,1.3910147527910686,1.0151027895330385,2.0556729459584475,0.9869572183486527
4302,14025123,25/26,2025-12-02,769,10,Bournemouth,Everton,0,1,1.5756866931915283,1.1128910779953003,0.11534053832292557,0.11448045074939728,0.1226079985499382,0.1125866249203682,1.0,1.0,True,True,315,429,1.0,1.0,5,5,1.2114174641148325,1.608056843202739,1.1302950984147573,0.9941411098957021
4303,14025141,25/26,2025-12-02,21,8,Newcastle United,Tottenham Hotspur,2,2,1.7230452299118042,1.1690093278884888,0.11376143991947174,0.11925159394741058,0.1112055778503418,0.11012500524520874,1.0,1.0,True,True,393,430,1.0,1.0,5,5,0.9753847687400319,1.7530077643087447,1.132683455382099,1.0035824177106942
4304,14025126,25/26,2025-12-03,17,5301,Arsenal,Brentford,2,0,1.9309215545654297,0.8892894983291626,0.12740157544612885,0.10837186872959137,0.1114547923207283,0.12065321207046509,1.0,1.0,True,True,429,165,1.0,1.0,5,5,1.2720065789473685,2.0461095694398406,0.8525511745743259,0.9917175453024007
4305,14025129,25/26,2025-12-03,2275,12,Brighton & Hove Albion,Aston Villa,3,4,1.6380927562713623,1.2225620746612549,0.11065064370632172,0.11908911913633347,0.11771465092897415,0.11169639974832535,1.0,1.0,True,True,317,317,1.0,1.0,5,5,1.2041158293460925,1.664695284784325,1.2127465747620263,0.9944331752864518
4306,14025144,25/26,2025-12-03,3033,6072,Wolverhampton,Nottingham Forest,0,1,1.2588372230529785,1.4363164901733398,0.10332614928483963,0.1152631938457489,0.11429488658905029,0.10354240238666534,1.0,1.0,True,True,279,127,1.0,1.0,5,5,1.094902312599681,1.2315888100057388,1.4068819664172258,0.9988017159563083
4307,14025132,25/26,2025-12-03,23,18,Burnley,Crystal Palace,0,1,0.8960970640182495,1.8489971160888672,0.09877507388591766,0.12343267351388931,0.13629373908042908,0.10171818733215332,1.0,1.0,True,True,315,430,1.0,1.0,5,5,0.9997198963317384,0.8715197978149911,2.018860238170376,1.002609012607026
4308,14025147,25/26,2025-12-03,19,16,Liverpool FC,Sunderland,1,1,2.0994930267333984,0.8075215816497803,0.1235976442694664,0.09244050085544586,0.1014900803565979,0.1255374550819397,1.0,1.0,True,True,430,126,1.0,1.0,5,5,1.2410316985645933,2.280464013924437,0.7357774836628552,0.9929565405177118
4309,14025138,25/26,2025-12-03,4546,24,Leeds United,Chelsea,3,1,1.0098631381988525,1.7230497598648071,0.10699449479579926,0.12851391732692719,0.1246052011847496,0.11291272193193436,1.0,1.0,True,True,127,430,1.0,1.0,5,5,1.1486224082934609,1.034919921765469,1.7713089098922887,0.996652912128557
4310,14025150,25/26,2025-12-04,1,7,Manchester United,West Ham United,1,1,1.8608015775680542,0.9532692432403564,0.12452022731304169,0.11388538777828217,0.10890965908765793,0.12282928079366684,1.0,1.0,True,True,430,431,1.0,1.0,5,5,1.0651465311004784,2.0093142446210117,0.9095638922340238,0.9999919472162764
4311,14025156,25/26,2025-12-06,12,17,Aston Villa,Arsenal,2,1,0.9513258934020996,1.7063535451889038,0.13525062799453735,0.1294025033712387,0.12374582141637802,0.10342969000339508,1.0,1.0,True,True,318,430,1.0,1.0,5,5,1.2383572567783094,0.9248329278329018,1.7406556525870867,0.993063518189163
4312,14025171,25/26,2025-12-06,22,16,Manchester City,Sunderland,3,0,2.24947190284729,0.7260099053382874,0.12294206768274307,0.10353998839855194,0.10790161788463593,0.12674148380756378,1.0,1.0,True,True,431,127,1.0,1.0,5,5,1.2566208133971293,2.455812131368114,0.683841596232101,0.9923329759244103
4313,14025153,25/26,2025-12-06,769,24,Bournemouth,Chelsea,0,0,1.2412179708480835,1.4703572988510132,0.11338785290718079,0.13135991990566254,0.12312242388725281,0.10979927331209183,1.0,1.0,True,True,316,431,1.0,1.0,5,5,1.389262360446571,1.2398955721427374,1.4863424619163141,0.9870273140424326
4314,14025177,25/26,2025-12-06,8,5301,Tottenham Hotspur,Brentford,2,0,1.389393925666809,1.3540029525756836,0.12109704315662384,0.11365806311368942,0.10955976694822311,0.11680606752634048,1.0,1.0,True,True,431,166,1.0,1.0,5,5,1.0154017145135565,1.4596652521320423,1.298839315891067,1.0019817398797533
4315,14025174,25/26,2025-12-06,21,23,Newcastle United,Burnley,2,1,2.217690944671631,0.9116995334625244,0.12294881045818329,0.10630927979946136,0.10162429511547089,0.12059381604194641,1.0,1.0,True,True,394,316,1.0,1.0,5,5,1.0546291866028707,2.369904790457162,0.837540370687015,1.0004126409961807
4316,14025162,25/26,2025-12-06,10,6072,Everton,Nottingham Forest,3,0,1.2761712074279785,1.2813254594802856,0.111967071890831,0.11421262472867966,0.11260383576154709,0.11466635018587112,1.0,1.0,True,True,430,128,1.0,1.0,5,5,1.1802392344497608,1.31775967061931,1.2401556847045931,0.995388239082305
4317,14025168,25/26,2025-12-06,4546,19,Leeds United,Liverpool FC,3,3,0.9764623641967773,1.9233825206756592,0.09556913375854492,0.12616360187530518,0.12550950050354004,0.10456334054470062,1.0,1.0,True,True,128,431,1.0,1.0,5,5,1.2277611642743222,0.9553932793085019,1.9794828059342295,0.9934873618893226
4318,14025159,25/26,2025-12-07,2275,7,Brighton & Hove Albion,West Ham United,1,1,1.7403250932693481,1.1839735507965088,0.11239340901374817,0.1441967934370041,0.11802651733160019,0.11472723633050919,1.0,1.0,True,True,318,432,1.0,1.0,5,5,1.1182585725677832,1.8020653557859527,1.1803385434557965,0.9978674655575841
4319,14025165,25/26,2025-12-07,3027,18,Fulham,Crystal Palace,1,2,1.2362953424453735,1.5448076725006104,0.10644225776195526,0.12315429002046585,0.13606002926826477,0.10198821127414703,1.0,1.0,True,True,204,431,1.0,1.0,5,5,1.149721889952153,1.1969218324034154,1.674859379923543,0.9966089328622093
4320,14912436,25/26,2025-12-08,3033,1,Wolverhampton,Manchester United,1,4,0.9252558350563049,1.7677429914474487,0.10281544178724289,0.12012679874897003,0.12279647588729858,0.10688836127519608,1.0,1.0,True,True,280,431,1.0,1.0,5,5,1.0922238835725677,0.9214060722993807,1.8056374712961187,0.9989088531173927
4321,14025198,25/26,2025-12-13,19,2275,Liverpool FC,Brighton & Hove Albion,2,0,1.9633636474609375,1.0191563367843628,0.13177496194839478,0.10702110826969147,0.10493601113557816,0.1414782702922821,1.0,1.0,True,True,432,319,1.0,1.0,5,5,1.4257246810207338,2.2771327835669526,0.9387473291322359,0.9855688212194661
4322,14025192,25/26,2025-12-13,24,10,Chelsea,Everton,2,0,1.9668203592300415,0.9961434602737427,0.12165765464305878,0.11376804858446121,0.10916193574666977,0.12116739153862,1.0,1.0,True,True,432,431,1.0,1.0,5,5,1.2179047049441787,2.09392439914835,0.9458947727317628,0.9938816202625284
4323,14025189,25/26,2025-12-13,23,3027,Burnley,Fulham,2,3,1.134773850440979,1.5372785329818726,0.11346576362848282,0.11861740797758102,0.11677872389554977,0.10813085734844208,1.0,1.0,True,True,317,205,1.0,1.0,5,5,1.085500398724083,1.1376823045982851,1.525131864520511,0.9991777925113322
4324,14025183,25/26,2025-12-13,17,3033,Arsenal,Wolverhampton,2,1,2.371020555496216,0.7182413935661316,0.12610545754432678,0.096681609749794,0.09835387766361237,0.1247580349445343,1.0,1.0,True,True,431,281,1.0,1.0,5,5,1.0789563397129187,2.5826069711400503,0.64761455246733,0.9994395548717787
4325,14025195,25/26,2025-12-14,18,22,Crystal Palace,Manchester City,0,3,0.9858331680297852,1.6744897365570068,0.11094704270362854,0.12330326437950134,0.12011609226465225,0.12693355977535248,1.0,1.0,True,True,432,432,1.0,1.0,5,5,1.2714354066985647,1.076595775950107,1.676188780014136,0.9917403921923529
4326,14025204,25/26,2025-12-14,6072,8,Nottingham Forest,Tottenham Hotspur,3,0,1.438347578048706,1.1831384897232056,0.10752169787883759,0.11748567968606949,0.11792929470539093,0.10544641315937042,1.0,1.0,True,True,129,432,1.0,1.0,5,5,1.0748823763955342,1.422576994372653,1.1809906322627297,0.9996025134044741
4327,14025210,25/26,2025-12-14,7,12,West Ham United,Aston Villa,2,3,1.1974159479141235,1.3734685182571411,0.11734193563461304,0.11288123577833176,0.1156667023897171,0.10766866058111191,1.0,1.0,True,True,433,319,1.0,1.0,5,5,1.1430163476874002,1.194851891361785,1.3519801209250535,0.9968771545527995
4328,14025207,25/26,2025-12-14,16,21,Sunderland,Newcastle United,1,0,1.0581318140029907,1.9568653106689453,0.10574620962142944,0.11601635813713074,0.11972697079181671,0.10222255438566208,1.0,1.0,True,True,128,395,1.0,1.0,5,5,1.0039653110047846,1.031718053961221,1.976223443087478,1.002439196020104
4329,14025186,25/26,2025-12-14,5301,4546,Brentford,Leeds United,1,1,1.7349061965942383,1.0576684474945068,0.11399885267019272,0.10305370390415192,0.1051914319396019,0.11375507712364197,1.0,1.0,True,True,167,129,1.0,1.0,5,5,1.116507177033493,1.787828080326069,0.9877749595042096,0.9979375213789557
4330,15035359,25/26,2025-12-15,1,769,Manchester United,Bournemouth,4,4,1.7264944314956665,1.1504932641983032,0.12344742566347122,0.11346675455570221,0.11179377883672714,0.11536956578493118,1.0,1.0,True,True,432,317,1.0,1.0,5,5,1.5000039872408295,1.766053503484523,1.0947084978172172,0.9825976489706623
4331,14025228,25/26,2025-12-20,21,24,Newcastle United,Chelsea,2,2,1.4336514472961426,1.3922882080078125,0.12039435654878616,0.12486143410205841,0.11611443758010864,0.11028140038251877,1.0,1.0,True,True,396,433,1.0,1.0,5,5,1.186291866028708,1.4474808092631908,1.3711807919485535,0.9951461338191472
4332,14025226,25/26,2025-12-20,22,7,Manchester City,West Ham United,3,0,2.224332809448242,0.9022933840751648,0.12368404865264893,0.12285628914833069,0.11666584014892578,0.1261882185935974,1.0,1.0,True,True,433,434,1.0,1.0,5,5,1.1850318979266348,2.4290059450251253,0.8910979579414217,0.99519653254323
4333,14025218,25/26,2025-12-20,2275,16,Brighton & Hove Albion,Sunderland,0,0,1.7945127487182617,1.1558959484100342,0.11334843933582306,0.11066178977489471,0.11676870286464691,0.11397403478622437,1.0,1.0,True,True,320,129,1.0,1.0,5,5,1.1682017543859649,1.847455881551631,1.1429092532747065,0.9958697382848569
4334,14025232,25/26,2025-12-20,3033,5301,Wolverhampton,Brentford,0,2,1.1546742916107178,1.7474689483642578,0.10055223107337952,0.11823771893978119,0.11789310723543167,0.10021866858005524,1.0,1.0,True,True,282,168,1.0,1.0,5,5,0.9210984848484849,1.1174721483975403,1.7547174350172157,1.005753869066356
4335,14025213,25/26,2025-12-20,769,23,Bournemouth,Burnley,1,1,2.182443857192993,0.8667356967926025,0.11978454887866974,0.10282973945140839,0.10407433658838272,0.1199670284986496,1.0,1.0,True,True,318,318,1.0,1.0,5,5,1.2966457336523125,2.302622874552948,0.7988905728451328,0.990731979114203
4336,14025230,25/26,2025-12-20,8,19,Tottenham Hotspur,Liverpool FC,1,2,1.1464974880218506,1.6429376602172852,0.1160494014620781,0.1237216368317604,0.11864546686410904,0.11459755897521973,1.0,1.0,True,True,433,433,1.0,1.0,5,5,1.229128787878788,1.1811267963931489,1.6355896041861384,0.9934326569451439
4337,14025220,25/26,2025-12-20,10,17,Everton,Arsenal,0,1,0.9533764123916626,1.7303634881973267,0.1039583683013916,0.12478077411651611,0.12039388716220856,0.10866378247737885,1.0,1.0,True,True,432,432,1.0,1.0,5,5,1.2606648724082934,0.9517387247453645,1.735220519190438,0.9921712135639638
4338,14025224,25/26,2025-12-20,4546,18,Leeds United,Crystal Palace,4,1,1.2344175577163696,1.353046178817749,0.10643375664949417,0.11987673491239548,0.12040610611438751,0.10513291507959366,1.0,1.0,True,True,130,433,1.0,1.0,5,5,1.1403638357256778,1.2156775955347743,1.3635059892652348,0.9969832550312684
4339,14025216,25/26,2025-12-21,12,1,Aston Villa,Manchester United,2,1,1.2901725769042969,1.3408068418502808,0.11121242493391037,0.12146665155887604,0.12651021778583527,0.10894306004047394,1.0,1.0,True,True,320,433,1.0,1.0,5,5,1.4854814593301435,1.2781249280744307,1.3720933599684513,0.9831785500870898
4340,14907281,25/26,2025-12-22,3027,6072,Fulham,Nottingham Forest,1,0,1.2645549774169922,1.503844976425171,0.10571740567684174,0.12497993558645248,0.11912088096141815,0.10607587546110153,1.0,1.0,True,True,206,130,1.0,1.0,5,5,1.1443859649122807,1.2513374347016117,1.5057373013491129,0.9968223698638042
4341,14025246,25/26,2025-12-26,1,21,Manchester United,Newcastle United,1,0,1.55284583568573,1.3443893194198608,0.11031297594308853,0.1193106397986412,0.11126172542572021,0.11208702623844147,1.0,1.0,True,True,434,397,1.0,1.0,5,5,1.4174800637958533,1.5676302198127576,1.2800272468381158,0.9858986059084613
4342,14025248,25/26,2025-12-27,6072,22,Nottingham Forest,Manchester City,1,2,1.007520318031311,1.8302198648452759,0.10605650395154953,0.1263929307460785,0.12459489703178406,0.10960602015256882,1.0,1.0,True,True,131,434,1.0,1.0,5,5,1.2694178628389154,1.0103308056438889,1.8722670103923558,0.9918210939467389
4343,14025244,25/26,2025-12-27,19,3033,Liverpool FC,Wolverhampton,2,1,2.2363874912261963,0.8145788311958313,0.1262478232383728,0.10935483872890472,0.10700538754463196,0.12629202008247375,1.0,1.0,True,True,434,283,1.0,1.0,5,5,1.109019138755981,2.4508361290583087,0.7682420694417716,0.9982370429100562
4344,14025234,25/26,2025-12-27,17,2275,Arsenal,Brighton & Hove Albion,2,1,2.1352570056915283,0.9656980633735657,0.1267274022102356,0.09814182668924332,0.10487718135118484,0.1389116495847702,1.0,1.0,True,True,433,321,1.0,1.0,5,5,1.4513765948963318,2.44586093439035,0.8883052466381984,0.9845427446644422
4345,14025252,25/26,2025-12-27,7,3027,West Ham United,Fulham,0,1,1.4456560611724854,1.263440489768982,0.1281479150056839,0.10495602339506149,0.1081928014755249,0.12930481135845184,1.0,1.0,True,True,435,207,1.0,1.0,5,5,0.9529535486443381,1.6169383378832376,1.2064439174761712,1.004479666514522
4346,14025236,25/26,2025-12-27,5301,769,Brentford,Bournemouth,4,1,1.508615493774414,1.3271229267120361,0.10749689489603043,0.11273843795061111,0.11226732283830643,0.1064571663737297,1.0,1.0,True,True,169,319,1.0,1.0,5,5,1.1783143939393939,1.493792081147859,1.2823915048354126,0.9954652327027197
4347,14025238,25/26,2025-12-27,23,10,Burnley,Everton,0,0,0.9646247029304504,1.6186097860336304,0.10207628458738327,0.12479382753372192,0.1409720480442047,0.10075856000185013,1.0,1.0,True,True,319,433,1.0,1.0,5,5,1.095325956937799,0.929781795237859,1.7978152629167259,0.9987847701827836
4348,14025240,25/26,2025-12-27,24,12,Chelsea,Aston Villa,1,2,1.98928964138031,1.089325189590454,0.1299256533384323,0.10350202769041061,0.10551709681749344,0.12187062948942184,1.0,1.0,True,True,434,321,1.0,1.0,5,5,1.1630342902711324,2.1297686035909784,1.017182786262579,0.9960764368494501
4349,14025250,25/26,2025-12-28,16,4546,Sunderland,Leeds United,1,1,1.3015562295913696,1.3833061456680298,0.10007006675004959,0.10654998570680618,0.10809077322483063,0.10434824973344803,1.0,1.0,True,True,130,131,1.0,1.0,5,5,1.0983662280701754,1.2786532445069447,1.3125592305916325,0.9986631593374885
4350,14025242,25/26,2025-12-28,18,8,Crystal Palace,Tottenham Hotspur,0,1,1.441782832145691,1.2100450992584229,0.10730833560228348,0.11672300100326538,0.12124745547771454,0.10901474207639694,1.0,1.0,True,True,434,434,1.0,1.0,5,5,1.0712709330143542,1.4529266167450956,1.2277924313175466,0.9997469711397213
4351,14025260,25/26,2025-12-30,24,769,Chelsea,Bournemouth,2,2,1.9792509078979492,1.3064193725585938,0.12355624884366989,0.11892665922641754,0.12380221486091614,0.12218743562698364,1.0,1.0,True,True,435,320,1.0,1.0,5,5,1.3287898724082934,2.1081422249166044,1.3281863958121396,0.9894462135639638
4352,14025258,25/26,2025-12-30,23,21,Burnley,Newcastle United,1,3,1.0846168994903564,1.954015851020813,0.10996086895465851,0.11831381171941757,0.1194654181599617,0.1074230745434761,1.0,1.0,True,True,320,398,1.0,1.0,5,5,1.2575817384370016,1.075944671877394,1.9508779262131728,0.9922945389228154
4353,14025272,25/26,2025-12-30,7,2275,West Ham United,Brighton & Hove Albion,2,2,1.346832036972046,1.4091360569000244,0.11949183791875839,0.11550628393888474,0.11521924287080765,0.11252069473266602,1.0,1.0,True,True,436,322,1.0,1.0,5,5,1.2053648325358852,1.3743762916575992,1.3805315494945471,0.9943832151588601
4354,14025268,25/26,2025-12-30,6072,10,Nottingham Forest,Everton,0,2,1.5487092733383179,0.9881647229194641,0.1102435290813446,0.11467458307743073,0.11970032751560211,0.10922958701848984,1.0,1.0,True,True,132,434,1.0,1.0,5,5,1.0571700558213717,1.5632907577220836,0.9956917192823457,1.0003110062274405
4355,14025254,25/26,2025-12-30,17,12,Arsenal,Aston Villa,4,1,2.079216957092285,0.8543696999549866,0.1305924952030182,0.10512541979551315,0.10455240309238434,0.12835589051246643,1.0,1.0,True,True,434,322,1.0,1.0,5,5,1.3456389553429027,2.279053777766241,0.7879238440393879,0.9887722502465793
4356,14025266,25/26,2025-12-30,1,3033,Manchester United,Wolverhampton,1,1,2.3495171070098877,0.8776456117630005,0.12038680166006088,0.10668842494487762,0.10489236563444138,0.12594807147979736,1.0,1.0,True,True,435,284,1.0,1.0,5,5,1.1860237240829345,2.562687074805316,0.8160782012980647,0.9951568594969781
4357,14025264,25/26,2026-01-01,19,4546,Liverpool FC,Leeds United,0,0,1.842110514640808,0.7804322242736816,0.12210579961538315,0.11181586980819702,0.10779248178005219,0.12244949489831924,1.0,1.0,True,True,435,132,1.0,1.0,5,5,1.446670653907496,1.9551927061651608,0.7290584451291445,0.9847309823039956
4358,14025262,25/26,2026-01-01,18,3027,Crystal Palace,Fulham,1,1,1.588083267211914,1.1767240762710571,0.12332228571176529,0.10840588808059692,0.10434803366661072,0.13263657689094543,1.0,1.0,True,True,435,208,1.0,1.0,5,5,1.1250558213716109,1.7915148190156285,1.0937104701709859,0.997595575605431
4359,14025270,25/26,2026-01-01,16,22,Sunderland,Manchester City,0,0,0.8234871029853821,2.1287667751312256,0.10257932543754578,0.1248646154999733,0.12434688955545425,0.10424588620662689,1.0,1.0,True,True,131,435,1.0,1.0,5,5,1.1020195374800639,0.8084404536813248,2.1897781811361057,0.9985170269610929
4360,14025256,25/26,2026-01-01,5301,8,Brentford,Tottenham Hotspur,0,0,1.4977691173553467,1.3125064373016357,0.1063915565609932,0.12416287511587143,0.12330758571624756,0.10377823561429977,1.0,1.0,True,True,170,435,1.0,1.0,5,5,0.9679236443381181,1.4746443988154962,1.3506318233346726,1.0038808626867708
4361,14025276,25/26,2026-01-03,12,6072,Aston Villa,Nottingham Forest,3,1,1.4882720708847046,1.328539252281189,0.11272629350423813,0.11726532131433487,0.11616338044404984,0.11068300157785416,1.0,1.0,True,True,323,133,1.0,1.0,5,5,1.0542304625199361,1.5137139307404124,1.3156639264534593,1.000428589959498
4362,14025292,25/26,2026-01-03,3033,7,Wolverhampton,West Ham United,3,0,1.272882342338562,1.4632078409194946,0.10344621539115906,0.12139096856117249,0.1261279433965683,0.10647468268871307,1.0,1.0,True,True,285,437,1.0,1.0,5,5,0.9379136762360446,1.2726667500789581,1.5279388456238197,1.0050812614108537
4363,14025278,25/26,2026-01-03,2275,23,Brighton & Hove Albion,Burnley,2,0,2.114210844039917,0.9923683404922485,0.11852580308914185,0.10539069771766663,0.10820157080888748,0.11929773539304733,1.0,1.0,True,True,323,321,1.0,1.0,5,5,1.2790540271132376,2.2249217120246865,0.9353375257945433,0.991435647375766
4364,14025274,25/26,2026-01-03,769,17,Bournemouth,Arsenal,2,3,1.101496934890747,1.914705753326416,0.10079145431518555,0.12453096359968185,0.12254676222801208,0.10369151085615158,1.0,1.0,True,True,321,435,1.0,1.0,5,5,1.5523036283891547,1.058751200499188,1.9174103800235966,0.9805056633247293
4365,14025284,25/26,2026-01-04,4546,1,Leeds United,Manchester United,1,1,1.2030372619628906,1.7086412906646729,0.11965371668338776,0.11862322688102722,0.12111591547727585,0.11007918417453766,1.0,1.0,True,True,133,436,1.0,1.0,5,5,1.3640301036682616,1.2047145189036408,1.712300276835382,0.988036604313565
4366,14025290,25/26,2026-01-04,8,16,Tottenham Hotspur,Sunderland,1,1,1.701029896736145,1.084363579750061,0.12747341394424438,0.10347820073366165,0.10320455580949783,0.1326260268688202,1.0,1.0,True,True,436,132,1.0,1.0,5,5,0.9485356858054227,1.9324178686685582,1.008863998230583,1.0046563810280786
4367,14025288,25/26,2026-01-04,21,18,Newcastle United,Crystal Palace,2,0,1.6932861804962158,1.2377725839614868,0.11321420967578888,0.11479728668928146,0.11188874393701553,0.11139429360628128,1.0,1.0,True,True,399,436,1.0,1.0,5,5,1.2517852870813397,1.7148453325585835,1.1902311699875872,0.9925263969770419
4368,14025280,25/26,2026-01-04,10,5301,Everton,Brentford,2,4,1.2880502939224243,1.476322889328003,0.1134275496006012,0.11238359659910202,0.10976581275463104,0.1140354573726654,1.0,1.0,True,True,435,171,1.0,1.0,5,5,1.030337918660287,1.3338062500433348,1.4168315898989057,1.001384291713884
4369,14025282,25/26,2026-01-04,3027,19,Fulham,Liverpool FC,2,2,1.0977100133895874,2.007697105407715,0.1182849183678627,0.13265646994113922,0.12843520939350128,0.11030472815036774,1.0,1.0,True,True,209,436,1.0,1.0,5,5,1.3595962918660287,1.1007099902928144,2.083877181839369,0.9882139567856544
4370,14025286,25/26,2026-01-04,22,24,Manchester City,Chelsea,1,1,1.8146908283233643,1.0599358081817627,0.12578405439853668,0.1253517121076584,0.1239088624715805,0.14188840985298157,1.0,1.0,True,True,436,436,1.0,1.0,5,5,1.43495514354067,2.1077247428159804,1.073519562326096,0.9851996027186687
4371,14025055,25/26,2026-01-06,7,6072,West Ham United,Nottingham Forest,1,2,1.2808610200881958,1.2774667739868164,0.11056669056415558,0.11162622272968292,0.1154417172074318,0.11897502839565277,1.0,1.0,True,True,438,134,1.0,1.0,5,5,1.0507944577352473,1.3581963012211018,1.2607172766943837,1.0005660301508856
4372,14025061,25/26,2026-01-07,22,2275,Manchester City,Brighton & Hove Albion,1,1,2.1931540966033936,1.0293989181518555,0.12646208703517914,0.11648177355527878,0.1145630031824112,0.140326127409935,1.0,1.0,True,True,437,324,1.0,1.0,5,5,1.3470195374800638,2.53878044285024,0.9994667142270957,0.988717026961093
4373,14025049,25/26,2026-01-07,3027,24,Fulham,Chelsea,2,1,1.1588776111602783,2.0565834045410156,0.11786963045597076,0.1255740374326706,0.12082327902317047,0.12048120051622391,1.0,1.0,True,True,210,437,1.0,1.0,5,5,1.2162629585326954,1.229740509336818,2.070370766411566,0.9939472901189876
4374,14025015,25/26,2026-01-07,769,8,Bournemouth,Tottenham Hotspur,3,2,1.4795928001403809,1.329030990600586,0.10470379889011383,0.12799736857414246,0.12167121469974518,0.1095704436302185,1.0,1.0,True,True,322,437,1.0,1.0,5,5,1.1776874003189792,1.4889366385873584,1.3455429905435852,0.9954903124475363
4375,14025058,25/26,2026-01-07,18,12,Crystal Palace,Aston Villa,0,0,1.6191046237945557,1.297688364982605,0.12746140360832214,0.11406309902667999,0.10613182932138443,0.13273923099040985,1.0,1.0,True,True,437,324,1.0,1.0,5,5,1.1066507177033493,1.828720737546875,1.2184126994188735,0.9983317797521615
4376,14025046,25/26,2026-01-07,10,3033,Everton,Wolverhampton,1,1,1.5398125648498535,1.1096367835998535,0.1229654923081398,0.10191238671541214,0.10172693431377411,0.12453537434339523,1.0,1.0,True,True,436,286,1.0,1.0,5,5,0.9760316985645933,1.6823429779921224,1.0231434856687054,1.0035565405177118
4377,14025027,25/26,2026-01-07,5301,16,Brentford,Sunderland,3,0,1.7909826040267944,1.0474845170974731,0.11272214353084564,0.10410558432340622,0.10251890122890472,0.1129029393196106,1.0,1.0,True,True,172,133,1.0,1.0,5,5,1.0537460127591707,1.8423183383915127,0.9669315736256232,1.0004479679499287
4378,14025037,25/26,2026-01-07,23,1,Burnley,Manchester United,2,2,0.9599621295928955,1.9428839683532715,0.10169146209955215,0.12225654721260071,0.12659141421318054,0.10367497056722641,1.0,1.0,True,True,322,437,1.0,1.0,5,5,1.217570773524721,0.935226937010361,2.010662763575948,0.9938949775193067
4379,14025052,25/26,2026-01-07,21,4546,Newcastle United,Leeds United,4,3,1.9172654151916504,0.9505008459091187,0.12137121707201004,0.10894107818603516,0.10652080923318863,0.11883608251810074,1.0,1.0,True,True,400,134,1.0,1.0,5,5,1.2904724880382776,2.0121726532154898,0.8876663842916731,0.9909789089387644
4380,14025019,25/26,2026-01-08,17,19,Arsenal,Liverpool FC,0,0,1.5696367025375366,1.2165772914886475,0.1259205937385559,0.11238152533769608,0.10921172797679901,0.11738574504852295,1.0,1.0,True,True,436,437,1.0,1.0,5,5,1.606232057416268,1.6147584506797497,1.1374466514111223,0.9783485261636448
4381,14025079,25/26,2026-01-17,1,22,Manchester United,Manchester City,2,0,1.3780227899551392,1.5898243188858032,0.1151643842458725,0.12557454407215118,0.1223352774977684,0.12138890475034714,1.0,1.0,True,True,438,438,1.0,1.0,5,5,1.504917264752791,1.4516892123169725,1.593520967693374,0.9824011178701838
4382,14025076,25/26,2026-01-17,19,23,Liverpool FC,Burnley,1,1,2.2113709449768066,0.6391000747680664,0.1268243044614792,0.09779047966003418,0.10043313354253769,0.1330077350139618,1.0,1.0,True,True,438,323,1.0,1.0,5,5,1.168267543859649,2.4945729439658804,0.5807131918674471,0.9958671067059095
4383,14025070,25/26,2026-01-17,24,5301,Chelsea,Brentford,2,0,1.8009847402572632,1.2053474187850952,0.1225598156452179,0.11618703603744507,0.11281081289052963,0.11978661268949509,1.0,1.0,True,True,438,173,1.0,1.0,5,5,1.2777382376395534,1.8999335299747435,1.163266246017011,0.9914882789547134
4384,14025089,25/26,2026-01-17,8,7,Tottenham Hotspur,West Ham United,1,2,1.562044382095337,1.067996859550476,0.11896467208862305,0.11169033497571945,0.118162602186203,0.12471748888492584,1.0,1.0,True,True,438,439,1.0,1.0,5,5,1.0677083333333333,1.7018755809598478,1.0675911032944725,0.9998894751269621
4385,14025085,25/26,2026-01-17,16,18,Sunderland,Crystal Palace,2,1,1.1947102546691895,1.3885846138000488,0.1030217707157135,0.1159355565905571,0.12286221981048584,0.10216893255710602,1.0,1.0,True,True,134,438,1.0,1.0,5,5,1.1226624800637959,1.159037486011803,1.417070988915608,0.9976913092577436
4386,14025073,25/26,2026-01-17,4546,3027,Leeds United,Fulham,1,0,1.4744467735290527,1.2742644548416138,0.1185184195637703,0.10431955009698868,0.10825002938508987,0.11334836483001709,1.0,1.0,True,True,135,211,1.0,1.0,5,5,1.2661094497607654,1.5072191753979978,1.2019621527595832,0.9919534304698648
4387,14025082,25/26,2026-01-17,6072,17,Nottingham Forest,Arsenal,0,0,0.9635455012321472,1.7322254180908203,0.09367186576128006,0.12423966079950333,0.12047313898801804,0.09438833594322205,1.0,1.0,True,True,135,437,1.0,1.0,5,5,1.3360027910685806,0.8882180896230734,1.7324804109132295,0.9891576968175523
4388,14025092,25/26,2026-01-18,3033,21,Wolverhampton,Newcastle United,0,0,0.9275428056716919,1.8077720403671265,0.1061326339840889,0.12061381340026855,0.11927728354930878,0.10616102814674377,1.0,1.0,True,True,287,401,1.0,1.0,5,5,1.2175378787878788,0.9155617736906102,1.8061175814145598,0.9938962933087804
4389,14025064,25/26,2026-01-18,12,10,Aston Villa,Everton,0,1,1.770690679550171,1.1304434537887573,0.11768502742052078,0.1292831152677536,0.12034573405981064,0.11238063126802444,1.0,1.0,True,True,325,437,1.0,1.0,5,5,1.1118291467304626,1.8124146832180954,1.140151115503472,0.998124642591077
4390,15129445,25/26,2026-01-19,2275,769,Brighton & Hove Albion,Bournemouth,1,1,1.5682246685028076,1.6453273296356201,0.10702827572822571,0.11956431716680527,0.11825458705425262,0.10511601716279984,1.0,1.0,True,True,325,323,1.0,1.0,5,5,1.196421451355662,1.5408065014744579,1.6369749615487683,0.994740950406069
4391,14025122,25/26,2026-01-24,7,16,West Ham United,Sunderland,3,1,1.4821360111236572,1.159841775894165,0.12004339694976807,0.10305678099393845,0.10439835488796234,0.11856444925069809,1.0,1.0,True,True,440,135,1.0,1.0,5,5,1.1074561403508771,1.564904772403812,1.0790668527323066,0.9982995628462604
4392,14025116,25/26,2026-01-24,22,3033,Manchester City,Wolverhampton,2,0,2.0018558502197266,0.7879427075386047,0.12478471547365189,0.11295419931411743,0.11506140232086182,0.12700429558753967,1.0,1.0,True,True,439,288,1.0,1.0,5,5,1.2576415470494418,2.1881074502507736,0.7697168926575534,0.9922921465783178
4393,14025104,25/26,2026-01-24,23,8,Burnley,Tottenham Hotspur,2,2,0.917317271232605,1.8801510334014893,0.09883415699005127,0.12402499467134476,0.13647395372390747,0.10097338259220123,1.0,1.0,True,True,324,439,1.0,1.0,5,5,1.1095215311004785,0.8847033574913595,2.045549056471742,0.9982169472162763
4394,14025113,25/26,2026-01-24,3027,2275,Fulham,Brighton & Hove Albion,2,1,1.4597135782241821,1.3847346305847168,0.11712021380662918,0.12436063587665558,0.11995651572942734,0.11378663778305054,1.0,1.0,True,True,212,326,1.0,1.0,5,5,1.1910805422647528,1.4999829648308751,1.3895493063475879,0.9949545867697054
4395,14025095,25/26,2026-01-24,769,19,Bournemouth,Liverpool FC,3,2,1.1792495250701904,1.9917476177215576,0.11019372195005417,0.12352953106164932,0.12368623912334442,0.1093147024512291,1.0,1.0,True,True,324,439,1.0,1.0,5,5,1.4230013955342904,1.173453600873407,2.016099669373255,0.9856777526389239
4396,14025107,25/26,2026-01-25,18,24,Crystal Palace,Chelsea,1,3,1.365652322769165,1.6182347536087036,0.1182030737400055,0.12353217601776123,0.12270160764455795,0.12104614078998566,1.0,1.0,True,True,439,439,1.0,1.0,5,5,1.1993730063795853,1.4541343554709079,1.6450801483944493,0.994622888205112
4397,14025119,25/26,2026-01-25,21,12,Newcastle United,Aston Villa,0,2,1.828895926475525,1.1940844058990479,0.1271081268787384,0.11920242756605148,0.11641191691160202,0.12251997739076614,1.0,1.0,True,True,402,326,1.0,1.0,5,5,1.3508522727272727,1.9493848925144242,1.1699326771091665,0.9885637175512045
4398,14025101,25/26,2026-01-25,5301,6072,Brentford,Nottingham Forest,0,2,1.578891634941101,1.2211235761642456,0.10986707359552383,0.11246364563703537,0.10693216323852539,0.1079120934009552,1.0,1.0,True,True,174,136,1.0,1.0,5,5,1.18494019138756,1.5748494277736504,1.1477189452148748,0.9952002008047931
4399,14025098,25/26,2026-01-25,17,1,Arsenal,Manchester United,2,3,1.77188241481781,0.9561205506324768,0.12467826157808304,0.10599458962678909,0.09931136667728424,0.12295572459697723,1.0,1.0,True,True,438,439,1.0,1.0,5,5,1.405713716108453,1.8883830146365148,0.8552753414226066,0.9863692598159574
4400,15129439,25/26,2026-01-26,10,4546,Everton,Leeds United,1,1,1.4839166402816772,1.2293394804000854,0.12526638805866241,0.10735298693180084,0.10519906133413315,0.12371709197759628,1.0,1.0,True,True,438,136,1.0,1.0,5,5,1.156424441786284,1.603324892853768,1.1463105946169794,0.9963408307888442
4401,14025134,25/26,2026-01-31,4546,17,Leeds United,Arsenal,0,4,0.931100606918335,1.9053492546081543,0.09565175324678421,0.12396610528230667,0.12091926485300064,0.09471166133880615,1.0,1.0,True,True,137,439,1.0,1.0,5,5,1.2266347687400319,0.8636610005726462,1.9182170093388444,0.9935324177106942
4402,14025128,25/26,2026-01-31,2275,10,Brighton & Hove Albion,Everton,1,1,1.7852855920791626,1.134922742843628,0.11445804685354233,0.12395240366458893,0.12039273977279663,0.11177254468202591,1.0,1.0,True,True,327,439,1.0,1.0,5,5,1.1818052232854865,1.8166102793936632,1.141720383046846,0.995325599528876
4403,14025152,25/26,2026-01-31,3033,769,Wolverhampton,Bournemouth,0,2,1.2492462396621704,1.5090252161026,0.10453671216964722,0.12052343785762787,0.11572425067424774,0.10387182235717773,1.0,1.0,True,True,289,325,1.0,1.0,5,5,0.9733542663476874,1.2303026051074333,1.4959575794359827,1.003663637806388
4404,14025131,25/26,2026-01-31,24,7,Chelsea,West Ham United,3,2,2.0137839317321777,1.091687798500061,0.12357120960950851,0.12054092437028885,0.12232162803411484,0.1274595707654953,1.0,1.0,True,True,440,441,1.0,1.0,5,5,1.1351574960127593,2.216767395562068,1.1106269585714599,0.9971915086197851
4405,14025137,25/26,2026-01-31,19,21,Liverpool FC,Newcastle United,4,1,1.7397772073745728,0.9579532146453857,0.12652041018009186,0.10334981977939606,0.10772538185119629,0.12497370690107346,1.0,1.0,True,True,440,403,1.0,1.0,5,5,1.539170653907496,1.8620421228365471,0.8912206855312598,0.9810309823039957
4406,14025140,25/26,2026-02-01,1,3027,Manchester United,Fulham,3,2,2.1800196170806885,0.9542681574821472,0.12845055758953094,0.10407696664333344,0.10403435677289963,0.13083213567733765,1.0,1.0,True,True,440,213,1.0,1.0,5,5,1.1781389553429027,2.4336803564822374,0.8835926548800794,0.9954722502465794
4407,14025125,25/26,2026-02-01,12,5301,Aston Villa,Brentford,0,1,1.4322518110275269,1.446898341178894,0.11160222440958023,0.12321159243583679,0.11999700218439102,0.10732641816139221,1.0,1.0,True,True,327,175,1.0,1.0,5,5,1.3295205342902712,1.4159675891807124,1.444133635958641,0.9894169870886846
4408,14025143,25/26,2026-02-01,6072,18,Nottingham Forest,Crystal Palace,1,1,1.4466999769210815,1.3091511726379395,0.10906137526035309,0.11085136234760284,0.10825920104980469,0.10771477222442627,1.0,1.0,True,True,137,440,1.0,1.0,5,5,1.0973734051036683,1.4465924291621837,1.243330730345967,0.9987028722561487
4409,14025149,25/26,2026-02-01,8,22,Tottenham Hotspur,Manchester City,2,2,1.1343591213226318,1.8298290967941284,0.11481045931577682,0.12361576408147812,0.12794417142868042,0.12945806980133057,1.0,1.0,True,True,440,440,1.0,1.0,5,5,1.4520005980861244,1.2444348947271202,1.8877997532073432,0.9845177845368505
4410,15129444,25/26,2026-02-02,16,23,Sunderland,Burnley,3,0,1.7284473180770874,0.9790900349617004,0.1152658686041832,0.09845755994319916,0.10121568292379379,0.12163736671209335,1.0,1.0,True,True,136,325,1.0,1.0,5,5,0.9120773524720893,1.867045905310211,0.9025934426535768,1.006114714361412
4411,14025170,25/26,2026-02-06,4546,6072,Leeds United,Nottingham Forest,3,1,1.4381331205368042,1.2930259704589844,0.10540534555912018,0.10791409760713577,0.10907185077667236,0.10654762387275696,1.0,1.0,True,True,138,138,1.0,1.0,5,5,1.0096870015948964,1.4343290056627336,1.237515581787877,1.0022103283964996
4412,14025176,25/26,2026-02-07,1,8,Manchester United,Tottenham Hotspur,2,0,1.8355515003204346,1.113224983215332,0.12406904995441437,0.10975595563650131,0.10673341900110245,0.12488437443971634,1.0,1.0,True,True,441,441,1.0,1.0,5,5,1.3676734449760766,1.9774418806853509,1.0375452613928022,0.9878908706612524
4413,14025158,25/26,2026-02-07,17,16,Arsenal,Sunderland,3,0,1.9152226448059082,0.7936433553695679,0.12609466910362244,0.09552139788866043,0.09827597439289093,0.12223195284605026,1.0,1.0,True,True,440,137,1.0,1.0,5,5,1.1686772328548645,2.053590064170323,0.7127291573455103,0.9958507191461009
4414,14025182,25/26,2026-02-07,3033,24,Wolverhampton,Chelsea,1,3,0.910435676574707,2.0863497257232666,0.10221603512763977,0.12880735099315643,0.12858861684799194,0.10255169123411179,1.0,1.0,True,True,290,441,1.0,1.0,5,5,0.9953478867623604,0.8895766066845289,2.199022594530429,1.002783892989801
4415,14025155,25/26,2026-02-07,769,12,Bournemouth,Aston Villa,1,1,1.6331303119659424,1.4019781351089478,0.12617282569408417,0.10781929641962051,0.10781664401292801,0.12111619114875793,1.0,1.0,True,True,326,328,1.0,1.0,5,5,1.2877940590111643,1.7333484906373544,1.3183072056867373,0.991086046099849
4416,14025167,25/26,2026-02-07,3027,10,Fulham,Everton,1,2,1.3942548036575317,1.2277039289474487,0.1002633199095726,0.12680238485336304,0.1347723752260208,0.10349622368812561,1.0,1.0,True,True,214,440,1.0,1.0,5,5,1.0689114832535884,1.3651602732301862,1.3275925213101647,0.999841349130152
4417,14025164,25/26,2026-02-07,23,7,Burnley,West Ham United,0,2,1.0525206327438354,1.643692135810852,0.09907495975494385,0.12504616379737854,0.12983141839504242,0.10152886062860489,1.0,1.0,True,True,326,442,1.0,1.0,5,5,0.9422507974481659,1.0249588579377267,1.7462387861634443,1.0049077765623688
4418,14025179,25/26,2026-02-07,21,5301,Newcastle United,Brentford,2,3,1.6000752449035645,1.206808090209961,0.11456433683633804,0.1115572601556778,0.11121182888746262,0.11045149713754654,1.0,1.0,True,True,404,176,1.0,1.0,5,5,1.3084220494417862,1.608980865528912,1.1538231300275932,0.990260926482624
4419,14025161,25/26,2026-02-08,2275,18,Brighton & Hove Albion,Crystal Palace,0,1,1.5025660991668701,1.2857561111450195,0.10732561349868774,0.12358282506465912,0.12760555744171143,0.10229559987783432,1.0,1.0,True,True,328,441,1.0,1.0,5,5,1.1617464114832536,1.4564027668395993,1.3399970784284811,0.9961279520009654
4420,14025173,25/26,2026-02-08,19,22,Liverpool FC,Manchester City,1,2,1.4774577617645264,1.2975324392318726,0.11977044492959976,0.11490490287542343,0.10794351994991302,0.12938672304153442,1.0,1.0,True,True,441,441,1.0,1.0,5,5,1.5659190590111642,1.6127881031707687,1.2071937901807785,0.9799610460998489
4421,14025188,25/26,2026-02-10,24,4546,Chelsea,Leeds United,2,2,2.369690418243408,0.8829526901245117,0.1268461048603058,0.11767006665468216,0.11250989884138107,0.12134280800819397,1.0,1.0,True,True,442,139,1.0,1.0,5,5,1.152642543859649,2.5316099048981915,0.8551235386552125,0.9964921067059095
4422,14025200,25/26,2026-02-10,8,21,Tottenham Hotspur,Newcastle United,1,2,1.326546549797058,1.5108027458190918,0.10906349122524261,0.1158638671040535,0.11692040413618088,0.11277569830417633,1.0,1.0,True,True,442,405,1.0,1.0,5,5,1.2976176236044656,1.3503951664880318,1.4871817921035237,0.9906931035161168
4423,14025191,25/26,2026-02-10,10,769,Everton,Bournemouth,1,2,1.4517834186553955,1.2926230430603027,0.114916130900383,0.10775135457515717,0.1064925342798233,0.12304829806089401,1.0,1.0,True,True,441,327,1.0,1.0,5,5,1.0884051036682616,1.5678452905537126,1.2168382079117142,0.999061604313565
4424,14025203,25/26,2026-02-10,7,1,West Ham United,Manchester United,1,1,1.1509544849395752,1.711606502532959,0.10775993764400482,0.12138651311397552,0.12269409000873566,0.11018579453229904,1.0,1.0,True,True,443,442,1.0,1.0,5,5,1.274475677830941,1.1573705020291407,1.734682622560507,0.9916187813470578
4425,14025212,25/26,2026-02-11,22,3027,Manchester City,Fulham,3,0,2.251666784286499,0.881142258644104,0.12906046211719513,0.11328403651714325,0.11519189178943634,0.13598652184009552,1.0,1.0,True,True,442,215,1.0,1.0,5,5,1.2483502791068581,2.56648080843209,0.8616451637007704,0.9926637972960212
4426,14025206,25/26,2026-02-11,12,2275,Aston Villa,Brighton & Hove Albion,1,0,1.4245870113372803,1.170613169670105,0.12384577095508575,0.11328112334012985,0.11081968992948532,0.11743562668561935,1.0,1.0,True,True,329,329,1.0,1.0,5,5,1.3119677033492823,1.4835369309457846,1.1168186052726021,0.9901191003263242
4427,14025194,25/26,2026-02-11,6072,3033,Nottingham Forest,Wolverhampton,0,0,1.669337272644043,1.0317378044128418,0.11348864436149597,0.10395897924900055,0.10687467455863953,0.11678719520568848,1.0,1.0,True,True,139,291,1.0,1.0,5,5,1.0003877591706538,1.7546541946683447,0.9766178037737202,1.0025822980934693
4428,14025209,25/26,2026-02-11,18,23,Crystal Palace,Burnley,2,3,2.2128779888153076,0.8251904845237732,0.12735462188720703,0.09706538170576096,0.10323433578014374,0.12705840170383453,1.0,1.0,True,True,442,327,1.0,1.0,5,5,0.9686802232854864,2.447562292197375,0.7672417465951804,1.003850599528876
4429,14025197,25/26,2026-02-11,16,19,Sunderland,Liverpool FC,0,1,1.0049591064453125,1.6290979385375977,0.1085941419005394,0.12195201218128204,0.12128990143537521,0.10686826705932617,1.0,1.0,True,True,138,442,1.0,1.0,5,5,1.333835725677831,0.9909912842306615,1.6359631869022597,0.9892443794331822
4430,14025185,25/26,2026-02-12,5301,17,Brentford,Arsenal,1,1,1.1560481786727905,1.706471562385559,0.10990921407938004,0.12750768661499023,0.12825509905815125,0.10305163264274597,1.0,1.0,True,True,177,441,1.0,1.0,5,5,1.296332735247209,1.118977930008474,1.77425783888423,0.9907444990504071
4431,14025018,25/26,2026-02-18,3033,17,Wolverhampton,Arsenal,2,2,0.7129830718040466,2.197801113128662,0.09440147131681442,0.12702439725399017,0.12772390246391296,0.09863859415054321,1.0,1.0,True,True,292,442,1.0,1.0,5,5,1.1038307416267943,0.6791479853594659,2.2971235482169243,0.9984445787952237
4432,14024007,25/26,2026-02-21,24,23,Chelsea,Burnley,1,1,2.501108169555664,0.6827459931373596,0.13085144758224487,0.0988062396645546,0.10533612221479416,0.13145676255226135,1.0,1.0,True,True,443,328,1.0,1.0,5,5,1.0355113636363635,2.816264994471735,0.6401855341560013,1.001177353914841
4433,14025215,25/26,2026-02-21,12,4546,Aston Villa,Leeds United,1,1,1.737544298171997,1.0765718221664429,0.11683639883995056,0.10760288685560226,0.10818858444690704,0.11834002286195755,1.0,1.0,True,True,330,140,1.0,1.0,5,5,1.2544039074960127,1.8217619217754595,1.015642693945995,0.992421652160455
4434,14024006,25/26,2026-02-21,5301,2275,Brentford,Brighton & Hove Albion,0,2,1.6149249076843262,1.2219951152801514,0.1186569333076477,0.1087057888507843,0.10225450992584229,0.11420869082212448,1.0,1.0,True,True,178,330,1.0,1.0,5,5,1.1958403110047846,1.6626842663548993,1.1200306649645384,0.9947641960201041
4435,14023969,25/26,2026-02-21,7,769,West Ham United,Bournemouth,0,0,1.4038786888122559,1.399052619934082,0.11553996801376343,0.11207783222198486,0.11316429823637009,0.10776011645793915,1.0,1.0,True,True,444,328,1.0,1.0,5,5,1.035974880382775,1.4075577932286574,1.3658165865054177,1.0011588132449845
4436,14024010,25/26,2026-02-21,22,21,Manchester City,Newcastle United,2,1,2.0432560443878174,1.0754241943359375,0.12347544729709625,0.11832601577043533,0.12082095444202423,0.12553144991397858,1.0,1.0,True,True,443,406,1.0,1.0,5,5,1.2986393540669856,2.2141659311378197,1.0790325926090152,0.9906522342976161
4437,14024013,25/26,2026-02-22,6072,19,Nottingham Forest,Liverpool FC,0,1,1.1377218961715698,1.6528162956237793,0.10962426662445068,0.12140881270170212,0.122922383248806,0.11447011679410934,1.0,1.0,True,True,140,443,1.0,1.0,5,5,1.5101883971291865,1.1580814499819723,1.6609978534615015,0.982190272575128
4438,14024008,25/26,2026-02-22,18,3033,Crystal Palace,Wolverhampton,1,0,2.0737767219543457,0.9320700168609619,0.1220230683684349,0.1003086194396019,0.09951130300760269,0.1301473081111908,1.0,1.0,True,True,443,293,1.0,1.0,5,5,1.070758572567783,2.3176811059030045,0.8460043606112297,0.9997674655575841
4439,14024011,25/26,2026-02-22,16,3027,Sunderland,Fulham,1,3,1.3676846027374268,1.1487613916397095,0.11599986255168915,0.10339665412902832,0.10822809487581253,0.11203993111848831,1.0,1.0,True,True,139,216,1.0,1.0,5,5,1.0155711722488039,1.4028847017559438,1.0944030634872683,1.0019749615703433
4440,14024012,25/26,2026-02-22,8,17,Tottenham Hotspur,Arsenal,1,4,0.9388565421104431,2.0383412837982178,0.0947180986404419,0.12989623844623566,0.12471912056207657,0.10065164417028427,1.0,1.0,True,True,443,443,1.0,1.0,5,5,1.3057276714513557,0.8968021158240916,2.083351363436124,0.9903687016022412
4441,15238290,25/26,2026-02-23,10,1,Everton,Manchester United,0,1,1.1391828060150146,1.4415135383605957,0.11090897023677826,0.12493990361690521,0.1213647723197937,0.11238398402929306,1.0,1.0,True,True,442,443,1.0,1.0,5,5,1.2181120414673046,1.16107943479335,1.4548902303731286,0.9938733268016033
4442,14023979,25/26,2026-02-27,3033,12,Wolverhampton,Aston Villa,2,0,1.092803716659546,1.682057499885559,0.10385328531265259,0.11660829186439514,0.11943615227937698,0.10414975136518478,1.0,1.0,True,True,294,331,1.0,1.0,5,5,1.1856110446570973,1.068699964847737,1.6839871561248256,0.9951733666740116
4443,14023970,25/26,2026-02-28,769,16,Bournemouth,Sunderland,1,1,1.6559033393859863,1.1756073236465454,0.11227194219827652,0.1095583587884903,0.10909862816333771,0.11234238743782043,1.0,1.0,True,True,329,140,1.0,1.0,5,5,1.0571561004784689,1.698306748768016,1.1231612150317158,1.0003115644411567
4444,14023976,25/26,2026-02-28,19,7,Liverpool FC,West Ham United,5,2,1.9430286884307861,0.9795131683349609,0.12080973386764526,0.11155625432729721,0.10709952563047409,0.12114305794239044,1.0,1.0,True,True,444,445,1.0,1.0,5,5,1.2936234051036684,2.062047778057158,0.9174107055529298,0.9908528722561487
4445,14023977,25/26,2026-02-28,21,10,Newcastle United,Everton,2,3,1.6906927824020386,1.2353296279907227,0.1123327687382698,0.10844463855028152,0.11608193069696426,0.11253983527421951,1.0,1.0,True,True,407,443,1.0,1.0,5,5,1.293655303030303,1.719308708800853,1.211155552652673,0.9908515963390834
4446,14023975,25/26,2026-02-28,23,5301,Burnley,Brentford,3,4,0.9370296597480774,2.0082950592041016,0.09723421186208725,0.11941325664520264,0.11956477910280228,0.09964203834533691,1.0,1.0,True,True,329,179,1.0,1.0,5,5,1.0213466905901116,0.9004096300750203,2.0251482854348817,1.001743940836691
4447,14023974,25/26,2026-02-28,4546,22,Leeds United,Manchester City,0,1,0.935931384563446,1.9336316585540771,0.11073233932256699,0.1235598549246788,0.12797969579696655,0.1163184642791748,1.0,1.0,True,True,141,444,1.0,1.0,5,5,1.1181877990430622,0.9768652629917933,2.022284144030006,0.997870296498573
4448,14023978,25/26,2026-03-01,1,18,Manchester United,Crystal Palace,2,1,1.5077754259109497,1.1826231479644775,0.11836116760969162,0.11158189922571182,0.11534556746482849,0.11655863374471664,1.0,1.0,True,True,444,444,1.0,1.0,5,5,1.2675,1.566168160380146,1.1564506058595883,0.9918978084602955
4449,14023973,25/26,2026-03-01,3027,8,Fulham,Tottenham Hotspur,2,1,1.5258642435073853,1.4084900617599487,0.11236974596977234,0.13247637450695038,0.12640179693698883,0.11286240816116333,1.0,1.0,True,True,217,444,1.0,1.0,5,5,1.0442543859649123,1.5698745672398504,1.4664770346186404,1.000827633021699
4450,14023972,25/26,2026-03-01,2275,6072,Brighton & Hove Albion,Nottingham Forest,2,1,1.451806664466858,1.4047126770019531,0.11018937081098557,0.11424697190523148,0.11075035482645035,0.10376552492380142,1.0,1.0,True,True,331,141,1.0,1.0,5,5,1.142310606060606,1.4193637745569037,1.348867540795567,0.9969053842178712
4451,14023971,25/26,2026-03-01,17,24,Arsenal,Chelsea,2,1,1.5412936210632324,1.1867659091949463,0.12285885959863663,0.11018726229667664,0.1039154902100563,0.12101643532514572,1.0,1.0,True,True,444,444,1.0,1.0,5,5,1.3741686602870813,1.6293837904955795,1.0895292319162087,0.9876310620488122
4452,14023980,25/26,2026-03-03,769,5301,Bournemouth,Brentford,0,0,1.5386041402816772,1.406975269317627,0.10545220971107483,0.11644760519266129,0.11163768917322159,0.10315478593111038,1.0,1.0,True,True,330,180,1.0,1.0,5,5,1.1433133971291867,1.4992900535613105,1.357115200569868,0.996865272575128
4453,14023941,25/26,2026-03-03,10,23,Everton,Burnley,2,0,1.8583335876464844,0.8156728744506836,0.12219472229480743,0.09695479273796082,0.10298791527748108,0.12793640792369843,1.0,1.0,True,True,444,330,1.0,1.0,5,5,1.0423614433811803,2.057874624213728,0.7551750980187178,1.0009033507250482
4454,14023982,25/26,2026-03-03,4546,16,Leeds United,Sunderland,0,1,1.4155329465866089,1.248218059539795,0.10778467357158661,0.11224107444286346,0.11170438677072525,0.1062089130282402,1.0,1.0,True,True,142,141,1.0,1.0,5,5,1.0342374401913876,1.4079090341396965,1.2096640648042398,1.00122831085264
4455,14023985,25/26,2026-03-03,3033,19,Wolverhampton,Liverpool FC,2,1,0.7927653193473816,2.1886496543884277,0.09601038694381714,0.12354328483343124,0.12719327211380005,0.09964505583047867,1.0,1.0,True,True,295,445,1.0,1.0,5,5,1.150734649122807,0.7578599172137322,2.277559926197914,0.9965684224953832
4456,14023984,25/26,2026-03-04,22,6072,Manchester City,Nottingham Forest,2,2,2.1251983642578125,0.9572564363479614,0.12567099928855896,0.10037192702293396,0.1117921993136406,0.12161128222942352,1.0,1.0,True,True,445,142,1.0,1.0,5,5,1.2567254784688995,2.2638702966302597,0.9198543910652427,0.9923287893215395
4457,14023933,25/26,2026-03-04,2275,17,Brighton & Hove Albion,Arsenal,0,1,1.0607004165649414,1.710755467414856,0.09712707996368408,0.12474554032087326,0.11993211507797241,0.09962866455316544,1.0,1.0,True,True,332,445,1.0,1.0,5,5,1.2336901913875598,1.010531796921514,1.7135587442972404,0.9932502008047931
4458,14023986,25/26,2026-03-04,12,24,Aston Villa,Chelsea,1,4,1.175362229347229,1.6539839506149292,0.11962291598320007,0.12978099286556244,0.12401282787322998,0.11632758378982544,1.0,1.0,True,True,332,445,1.0,1.0,5,5,1.3660935007974482,1.2146320441898117,1.6807010446321855,0.9879540684283975
4459,14023947,25/26,2026-03-04,3027,7,Fulham,West Ham United,0,1,1.368538737297058,1.2790552377700806,0.10606537759304047,0.12533532083034515,0.12131954729557037,0.10516265779733658,1.0,1.0,True,True,218,446,1.0,1.0,5,5,1.139422846889952,1.3480245654780263,1.294728659520861,0.9970208945846974
4460,14023983,25/26,2026-03-04,21,1,Newcastle United,Manchester United,2,1,1.4001164436340332,1.3582886457443237,0.1172090694308281,0.1235952079296112,0.12206845730543137,0.10954536497592926,1.0,1.0,True,True,408,445,1.0,1.0,5,5,1.3510277113237639,1.3989644524089186,1.3682130697937045,0.988556700007345
4461,14023981,25/26,2026-03-05,8,18,Tottenham Hotspur,Crystal Palace,1,3,1.436335563659668,1.3518503904342651,0.10714548826217651,0.10875534266233444,0.12007379531860352,0.10913544148206711,1.0,1.0,True,True,445,445,1.0,1.0,5,5,1.1204834529505583,1.4454867374016185,1.3611799926189414,0.9977784703422732
4462,14023996,25/26,2026-03-14,16,2275,Sunderland,Brighton & Hove Albion,0,1,1.307750940322876,1.3199498653411865,0.10403140634298325,0.10571956634521484,0.1066422387957573,0.10490921884775162,1.0,1.0,True,True,142,333,1.0,1.0,5,5,1.007247807017544,1.2932513179404659,1.2475758422833072,1.0023078961795937
4463,14023988,25/26,2026-03-14,23,769,Burnley,Bournemouth,0,0,1.108795166015625,1.7421008348464966,0.10047823935747147,0.11552445590496063,0.11891572922468185,0.10270232707262039,1.0,1.0,True,True,331,331,1.0,1.0,5,5,1.0828339314194577,1.0804786294919762,1.746842333279809,0.9992844512035172
4464,14023987,25/26,2026-03-14,17,10,Arsenal,Everton,2,0,1.8007317781448364,0.8074989318847656,0.12258457392454147,0.10132282972335815,0.10245814919471741,0.11921102553606033,1.0,1.0,True,True,446,445,1.0,1.0,5,5,1.2560974880382776,1.895976719103258,0.7391308178960879,0.9923539089387644
4465,14023990,25/26,2026-03-14,24,21,Chelsea,Newcastle United,0,1,1.9036030769348145,1.0410761833190918,0.12922407686710358,0.11295527219772339,0.11384434998035431,0.12916462123394012,1.0,1.0,True,True,446,409,1.0,1.0,5,5,1.3038048245614036,2.098021522750328,1.0089220944139812,0.9904456154778394
4466,14023993,25/26,2026-03-14,7,22,West Ham United,Manchester City,1,1,0.9802951216697693,1.7017570734024048,0.1131911426782608,0.12028965353965759,0.12075593322515488,0.11562760174274445,1.0,1.0,True,True,447,446,1.0,1.0,5,5,1.196057615629984,1.0164723035613832,1.713997235277959,0.9947555038350961
4467,14023994,25/26,2026-03-15,1,12,Manchester United,Aston Villa,3,1,1.8649511337280273,1.1224148273468018,0.12142383307218552,0.1224842295050621,0.11146513372659683,0.12517192959785461,1.0,1.0,True,True,446,333,1.0,1.0,5,5,1.2361483253588517,2.0225832027018833,1.0776587003765825,0.9931518754459414
4468,14023995,25/26,2026-03-15,6072,3027,Nottingham Forest,Fulham,0,0,1.6070032119750977,1.248043417930603,0.11596240103244781,0.11328300833702087,0.11430437117815018,0.11453203856945038,1.0,1.0,True,True,143,219,1.0,1.0,5,5,1.2116068580542265,1.6561655337137258,1.2168115965922124,0.9941335341381264
4469,14023991,25/26,2026-03-15,18,4546,Crystal Palace,Leeds United,0,0,1.5143909454345703,1.0647870302200317,0.11709567159414291,0.1117396205663681,0.10648499429225922,0.1217769905924797,1.0,1.0,True,True,446,143,1.0,1.0,5,5,1.1349132775119617,1.6224292757736312,1.000454030710108,0.997201277359817
4470,14023992,25/26,2026-03-15,19,8,Liverpool FC,Tottenham Hotspur,1,1,2.1647439002990723,1.0015513896942139,0.1228749081492424,0.11478612571954727,0.10614551603794098,0.12539264559745789,1.0,1.0,True,True,446,446,1.0,1.0,5,5,1.260521331738437,2.3478759551146937,0.9346362252964586,0.992176955190758
4471,15408501,25/26,2026-03-16,5301,3033,Brentford,Wolverhampton,2,2,2.117612838745117,0.9812270402908325,0.11914262175559998,0.09816082566976547,0.09927813708782196,0.11388090997934341,1.0,1.0,True,True,181,296,1.0,1.0,5,5,0.9270205342902711,2.2001762982255033,0.8946111559246672,1.0055169870886846
4472,14023997,25/26,2026-03-20,769,1,Bournemouth,Manchester United,2,2,1.4649986028671265,1.4841737747192383,0.11592629551887512,0.12097629904747009,0.11790325492620468,0.11747527867555618,1.0,1.0,True,True,332,447,1.0,1.0,5,5,1.2329096889952154,1.530793455765755,1.4719220682510148,0.9932814209004869
4473,14024015,25/26,2026-03-21,2275,19,Brighton & Hove Albion,Liverpool FC,2,1,1.0782147645950317,1.6739144325256348,0.1112571507692337,0.12368112802505493,0.12003809213638306,0.0986761748790741,1.0,1.0,True,True,334,447,1.0,1.0,5,5,1.3896790271132375,1.0154938493531211,1.6669869837856381,0.9870106473757659
4474,14024016,25/26,2026-03-21,3027,23,Fulham,Burnley,3,1,1.8786718845367432,0.9140561819076538,0.11464089155197144,0.10575396567583084,0.10269424319267273,0.11967027932405472,1.0,1.0,True,True,220,332,1.0,1.0,5,5,1.0442095295055822,1.9994235573966213,0.8448757675713765,1.0008294272800722
4475,14024017,25/26,2026-03-21,10,24,Everton,Chelsea,3,0,1.0541256666183472,1.8103816509246826,0.11905399709939957,0.12318700551986694,0.1251385658979416,0.12396983057260513,1.0,1.0,True,True,446,447,1.0,1.0,5,5,1.1892653508771929,1.1388261947729739,1.8627829289504312,0.9950271944252078
4476,14024018,25/26,2026-03-21,4546,5301,Leeds United,Brentford,0,0,1.1810355186462402,1.5478428602218628,0.11163755506277084,0.11652026325464249,0.1122766062617302,0.10176476091146469,1.0,1.0,True,True,144,182,1.0,1.0,5,5,1.0835177432216907,1.1450889211401132,1.5014398886788656,0.9992570987314279
4477,14024021,25/26,2026-03-22,21,16,Newcastle United,Sunderland,1,2,1.8864753246307373,1.0999987125396729,0.11689663678407669,0.10376334190368652,0.10402030497789383,0.12326035648584366,1.0,1.0,True,True,410,143,1.0,1.0,5,5,1.149481658692185,2.0343796476288967,1.01962701302131,0.996618542112608
4478,14024020,25/26,2026-03-22,8,6072,Tottenham Hotspur,Nottingham Forest,0,3,1.5607376098632812,1.4191687107086182,0.12621822953224182,0.10602514445781708,0.10680759698152542,0.1316157728433609,1.0,1.0,True,True,447,144,1.0,1.0,5,5,1.092979465709729,1.754655303309351,1.3379196196663325,0.9988786298319063
4479,14024014,25/26,2026-03-22,12,7,Aston Villa,West Ham United,2,0,1.5973131656646729,1.1745070219039917,0.1172250434756279,0.12015650421380997,0.11731618642807007,0.11079004406929016,1.0,1.0,True,True,334,448,1.0,1.0,5,5,1.0551584928229665,1.6254482359995717,1.1697522723854417,1.0003914687473767
4480,14025029,25/26,2026-04-10,7,3033,West Ham United,Wolverhampton,4,0,1.7371689081192017,1.015504240989685,0.1320543885231018,0.10080502182245255,0.10209504514932632,0.12514135241508484,1.0,1.0,True,True,449,297,1.0,1.0,5,5,0.8874581339712919,1.9101807009846412,0.9415081260092965,1.0070994831014437
4481,14025021,25/26,2026-04-11,17,769,Arsenal,Bournemouth,1,2,1.8759169578552246,0.9580966234207153,0.1222645565867424,0.10326212644577026,0.10413183271884918,0.1220712810754776,1.0,1.0,True,True,447,333,1.0,1.0,5,5,1.3958133971291866,1.991547103856019,0.8798320203972787,0.986765272575128
4482,14025022,25/26,2026-04-11,5301,10,Brentford,Everton,2,2,1.6754194498062134,1.188975214958191,0.1159418448805809,0.10974867641925812,0.10687936097383499,0.11238842457532883,1.0,1.0,True,True,183,447,1.0,1.0,5,5,1.0389962121212122,1.7199719096874182,1.1237487603464578,1.001037959975447
4483,14024002,25/26,2026-04-11,23,2275,Burnley,Brighton & Hove Albion,0,2,1.158630132675171,1.6799330711364746,0.10750161856412888,0.11688409000635147,0.11976781487464905,0.10448120534420013,1.0,1.0,True,True,333,335,1.0,1.0,5,5,1.09438995215311,1.1392235418664984,1.6907677345731675,0.9988222103741711
4484,14024000,25/26,2026-04-11,19,3027,Liverpool FC,Fulham,2,0,1.800968885421753,1.00887930393219,0.12773331999778748,0.10912984609603882,0.10878527909517288,0.12011377513408661,1.0,1.0,True,True,448,221,1.0,1.0,5,5,1.393602472089314,1.8940595261905293,0.9493671754216854,0.9868537095767229
4485,14025026,25/26,2026-04-12,16,8,Sunderland,Tottenham Hotspur,1,0,1.299358606338501,1.5386443138122559,0.1042371466755867,0.11807811260223389,0.12158552557229996,0.1035798043012619,1.0,1.0,True,True,144,448,1.0,1.0,5,5,1.0544996012759171,1.2735428126613915,1.5648216165534414,1.0004178244092587
4486,14025025,25/26,2026-04-12,6072,12,Nottingham Forest,Aston Villa,1,1,1.4333840608596802,1.1792279481887817,0.11125024408102036,0.11490559577941895,0.11102217435836792,0.11381261795759201,1.0,1.0,True,True,145,335,1.0,1.0,5,5,1.0847537878787878,1.4794168119117104,1.136539542434669,0.999207656945144
4487,14023999,25/26,2026-04-12,18,21,Crystal Palace,Newcastle United,2,1,1.4010734558105469,1.2199387550354004,0.1090092658996582,0.11060574650764465,0.10958430916070938,0.10985244810581207,1.0,1.0,True,True,447,411,1.0,1.0,5,5,1.1520065789473684,1.4134237239131275,1.1640022328890223,0.9965175453024008
4488,14023998,25/26,2026-04-12,24,22,Chelsea,Manchester City,0,3,1.5327445268630981,1.392332673072815,0.12232787162065506,0.12318526208400726,0.1277020275592804,0.12619832158088684,1.0,1.0,True,True,448,447,1.0,1.0,5,5,1.3953399122807018,1.6597119259419637,1.438111339465801,0.9867842119690674
4489,14025024,25/26,2026-04-13,1,4546,Manchester United,Leeds United,1,2,1.9137675762176514,1.0739542245864868,0.11965635418891907,0.12103072553873062,0.11225362867116928,0.1219809427857399,1.0,1.0,True,True,448,145,1.0,1.0,5,5,1.1984798644338117,2.047088837446906,1.0368430642914785,0.994658613882943
4490,14025031,25/26,2026-04-18,5301,3027,Brentford,Fulham,0,0,1.6662178039550781,1.0583484172821045,0.11988368630409241,0.10592755675315857,0.10235091298818588,0.11685793846845627,1.0,1.0,True,True,184,222,1.0,1.0,5,5,1.3102153110047847,1.7303331566003204,0.966075077464564,0.9901891960201041
4491,14025040,25/26,2026-04-18,21,769,Newcastle United,Bournemouth,1,2,1.6613774299621582,1.3388999700546265,0.11291240900754929,0.10658630728721619,0.10984545946121216,0.11199863255023956,1.0,1.0,True,True,412,334,1.0,1.0,5,5,1.190734649122807,1.6918647486733898,1.2772362969272248,0.9949684224953832
4492,14025036,25/26,2026-04-18,4546,3033,Leeds United,Wolverhampton,3,0,1.6088201999664307,1.10516357421875,0.11090303212404251,0.10198637843132019,0.10278158634901047,0.10926388949155807,1.0,1.0,True,True,146,298,1.0,1.0,5,5,1.0753678229665071,1.6230727580759154,1.0207222896733632,0.9995830955416352
4493,14025042,25/26,2026-04-18,8,2275,Tottenham Hotspur,Brighton & Hove Albion,2,2,1.4690937995910645,1.213376760482788,0.1180334985256195,0.1050972118973732,0.10488167405128479,0.11886104196310043,1.0,1.0,True,True,449,336,1.0,1.0,5,5,1.2331519138755982,1.5455726162225487,1.126056869270144,0.9932717319052715
4494,14025032,25/26,2026-04-18,24,1,Chelsea,Manchester United,0,1,1.9929652214050293,1.2274075746536255,0.13423413038253784,0.11488933116197586,0.1232001855969429,0.1316840499639511,1.0,1.0,True,True,449,449,1.0,1.0,5,5,1.272872807017544,2.225147039206703,1.2470699806606116,0.9916828961795937
4495,14025035,25/26,2026-04-19,10,19,Everton,Liverpool FC,1,2,0.9816765189170837,1.9215071201324463,0.1123463436961174,0.12376413494348526,0.12487094849348068,0.10985107719898224,1.0,1.0,True,True,448,449,1.0,1.0,5,5,1.3110227272727273,0.9840017812808775,1.9649399582145115,0.9901568993693863
4496,14025030,25/26,2026-04-19,12,16,Aston Villa,Sunderland,4,3,1.6719131469726562,1.0598101615905762,0.11305388808250427,0.10695292055606842,0.11047057062387466,0.11141269654035568,1.0,1.0,True,True,336,145,1.0,1.0,5,5,1.114624202551834,1.7027194476654146,1.0173498984234426,0.9980128403582221
4497,14025041,25/26,2026-04-19,6072,23,Nottingham Forest,Burnley,4,1,1.9192358255386353,0.963598370552063,0.11480700969696045,0.10682839155197144,0.10601913928985596,0.1158907562494278,1.0,1.0,True,True,146,334,1.0,1.0,5,5,0.9488915470494418,2.0124812926107305,0.9099136869304144,1.0046421465783177
4498,14025039,25/26,2026-04-19,22,17,Manchester City,Arsenal,2,1,1.698372721672058,1.1262558698654175,0.11696257442235947,0.11892364919185638,0.13586115837097168,0.11340384930372238,1.0,1.0,True,True,448,448,1.0,1.0,5,5,1.580284090909091,1.7146074118536185,1.1988894305744284,0.9793864448239319
4499,14025034,25/26,2026-04-20,18,7,Crystal Palace,West Ham United,0,0,1.5027235746383667,1.2061185836791992,0.11879842728376389,0.1180359423160553,0.10703884810209274,0.11914749443531036,1.0,1.0,True,True,448,450,1.0,1.0,5,5,0.9925478468899521,1.5985163914695386,1.1430175322953848,1.0028958945846973
4500,14024001,25/26,2026-04-21,2275,24,Brighton & Hove Albion,Chelsea,3,0,1.4470444917678833,1.5905381441116333,0.11928664892911911,0.12458452582359314,0.12005503475666046,0.123784638941288,1.0,1.0,True,True,337,450,1.0,1.0,5,5,1.3578887559808612,1.5513422795227312,1.5861275914605775,0.9882822582210611
4501,14024003,25/26,2026-04-22,23,22,Burnley,Manchester City,0,1,0.7935803532600403,2.4086575508117676,0.10111211985349655,0.12514007091522217,0.12588894367218018,0.1047842800617218,1.0,1.0,True,True,335,449,1.0,1.0,5,5,1.3288187799043063,0.7742001630072337,2.473279583544248,0.9894450572641232
4502,14025044,25/26,2026-04-22,769,4546,Bournemouth,Leeds United,2,2,1.736202597618103,1.155602216720581,0.11165939271450043,0.11036235094070435,0.10718506574630737,0.11555643379688263,1.0,1.0,True,True,335,147,1.0,1.0,5,5,1.2656000797448166,1.7946044822586822,1.0840428255921926,0.9919738052705028
4503,14023932,25/26,2026-04-24,16,6072,Sunderland,Nottingham Forest,0,5,1.3685665130615234,1.2815961837768555,0.10434701293706894,0.10974674671888351,0.1083114892244339,0.10613599419593811,1.0,1.0,True,True,146,147,1.0,1.0,5,5,1.0162210925039872,1.3616553627860246,1.2214479570727603,1.001948964760136
4504,14024004,25/26,2026-04-25,3027,12,Fulham,Aston Villa,1,0,1.3467952013015747,1.3436802625656128,0.11320723593235016,0.12061518430709839,0.1164751797914505,0.11283443868160248,1.0,1.0,True,True,223,337,1.0,1.0,5,5,1.2603787878787878,1.3734773847776989,1.3217376235373646,0.992182656945144
4505,14024005,25/26,2026-04-25,19,18,Liverpool FC,Crystal Palace,3,1,1.8259145021438599,0.9841665625572205,0.12435262650251389,0.1161990836262703,0.12524786591529846,0.12008864432573318,1.0,1.0,True,True,450,449,1.0,1.0,5,5,1.2739074960127592,1.9293744068035932,1.0097328360062954,0.9916415086197851
4506,14024022,25/26,2026-04-25,3033,8,Wolverhampton,Tottenham Hotspur,0,1,0.9374600052833557,1.9092047214508057,0.10143353044986725,0.12620693445205688,0.1273556649684906,0.10566826164722443,1.0,1.0,True,True,299,450,1.0,1.0,5,5,1.0072378389154706,0.9307750505842307,1.999736516513403,1.0023082949036766
4507,14023934,25/26,2026-04-25,7,10,West Ham United,Everton,2,1,1.4469149112701416,1.2458981275558472,0.11687887459993362,0.10782516747713089,0.11275602877140045,0.11655955761671066,1.0,1.0,True,True,451,449,1.0,1.0,5,5,0.9852711323763955,1.5200632644876417,1.2162512868611444,1.0031869631652397
4508,14025045,25/26,2026-04-25,17,21,Arsenal,Newcastle United,1,0,2.0291013717651367,0.9323318600654602,0.12487315386533737,0.09454796463251114,0.099457286298275,0.12384424358606339,1.0,1.0,True,True,449,413,1.0,1.0,5,5,1.1635984848484848,2.193084598448374,0.8428516417157643,0.9960538690663561
4509,14023926,25/26,2026-04-27,1,5301,Manchester United,Brentford,2,1,1.5355032682418823,1.4362722635269165,0.11458146572113037,0.12092556804418564,0.1178293228149414,0.1170952245593071,1.0,1.0,True,True,450,185,1.0,1.0,5,5,1.1313347288676237,1.6080010739059754,1.4297209447984172,0.9973444193055905
4510,14023940,25/26,2026-05-01,4546,23,Leeds United,Burnley,3,1,1.8722480535507202,0.969761073589325,0.11477859318256378,0.10399505496025085,0.10141117870807648,0.1143181100487709,1.0,1.0,True,True,148,336,1.0,1.0,5,5,1.0928000398724083,1.9366682087545373,0.8885026991317165,0.9988858068653992
4511,14023949,25/26,2026-05-02,21,2275,Newcastle United,Brighton & Hove Albion,3,1,1.5363208055496216,1.3717020750045776,0.11626659333705902,0.10800205916166306,0.10906945914030075,0.11097101867198944,1.0,1.0,True,True,414,338,1.0,1.0,5,5,1.2243321371610845,1.5542429429272262,1.3015513121935578,0.9936245229738521
4512,14023945,25/26,2026-05-02,5301,7,Brentford,West Ham United,3,0,1.7688528299331665,1.0438241958618164,0.11596956849098206,0.11174570024013519,0.10728316754102707,0.11324172466993332,1.0,1.0,True,True,186,452,1.0,1.0,5,5,1.101528110047847,1.8191897206543104,0.9861684007745982,0.9985366840583816
4513,14023951,25/26,2026-05-02,3033,16,Wolverhampton,Sunderland,1,1,1.1206015348434448,1.4229846000671387,0.10190583765506744,0.11404456198215485,0.11305288225412369,0.10479932278394699,1.0,1.0,True,True,300,147,1.0,1.0,5,5,1.0702003588516746,1.1047526009641981,1.3864997621152695,0.9997897941062285
4514,14023931,25/26,2026-05-02,17,3027,Arsenal,Fulham,3,0,2.0114564895629883,0.8079079389572144,0.12462783604860306,0.09903190284967422,0.09855588525533676,0.1249324232339859,1.0,1.0,True,True,450,224,1.0,1.0,5,5,1.2466866028708135,2.17805887206668,0.7243716919790125,0.9927303443454629
4515,14024023,25/26,2026-05-03,769,18,Bournemouth,Crystal Palace,3,0,1.6733530759811401,1.2194424867630005,0.11160727590322495,0.10736105591058731,0.11223498731851578,0.11114814877510071,1.0,1.0,True,True,336,450,1.0,1.0,5,5,1.2241048644338117,1.694420742330648,1.1759794291476195,0.993633613882943
4516,14023939,25/26,2026-05-03,1,19,Manchester United,Liverpool FC,3,2,1.560611605644226,1.590174913406372,0.11525311321020126,0.12716656923294067,0.12366418540477753,0.11970897018909454,1.0,1.0,True,True,451,451,1.0,1.0,5,5,1.2416596889952154,1.6481246266948888,1.6212909311302832,0.9929314209004869
4517,14023927,25/26,2026-05-03,12,8,Aston Villa,Tottenham Hotspur,1,2,1.4256880283355713,1.2082420587539673,0.10935143381357193,0.12369231879711151,0.12256048619747162,0.10450529307126999,1.0,1.0,True,True,338,451,1.0,1.0,5,5,1.1826744417862838,1.3970299053879256,1.2282750166769352,0.9952908307888442
4518,14023925,25/26,2026-05-04,24,6072,Chelsea,Nottingham Forest,1,3,2.282561779022217,0.9231814742088318,0.1213178038597107,0.11754707992076874,0.11475169658660889,0.13034765422344208,1.0,1.0,True,True,451,148,1.0,1.0,5,5,1.1462490031897927,2.54568746581705,0.9044734036413755,0.9967478483327038
